<?xml version="1.0" encoding="UTF-8" ?>
<linie>
 <linia nazwa="967" typ="Strefowa autobusowa" wazny_od="01.09.2025" wazny_do="">
  <wariant id="1" nazwa="Fiołkowa - Smolec - Wiśniowa">
   <przystanek id="11728" nazwa="Fiołkowa" ulica="Grabiszyńska" cechy="">
    <czasy>
     <przystanek numer="0" id="11728" nazwa="Fiołkowa" czas="0"/>
     <przystanek numer="1" id="11711" nazwa="FAT" czas="3"/>
     <przystanek numer="2" id="11713" nazwa="Ostrowskiego" czas="4"/>
     <przystanek numer="3" id="17310" nazwa="Końcowa" czas="6"/>
     <przystanek numer="4" id="17308" nazwa="Krzemieniecka" czas="9"/>
     <przystanek numer="5" id="17316" nazwa="Trawowa" czas="11"/>
     <przystanek numer="6" id="17306" nazwa="Stanisławowska (W.K. Formaty)" czas="13"/>
     <przystanek numer="7" id="17304" nazwa="Muchobór Wielki" czas="15"/>
     <przystanek numer="8" id="17319" nazwa="Gagarina" czas="17"/>
     <przystanek numer="9" id="81071835" nazwa="Smolec - Chłopska/Wrzosowa" czas="21"/>
     <przystanek numer="10" id="81071833" nazwa="Smolec - Chłopska/Śliwkowa" czas="22"/>
     <przystanek numer="11" id="81071831" nazwa="Smolec - Chłopska/Cisowa" czas="24"/>
     <przystanek numer="12" id="82022099" nazwa="Smolec - Lipowa/pętla" czas="26"/>
     <przystanek numer="13" id="82022003" nazwa="Smolec - Dębowa (sklep)" czas="27"/>
     <przystanek numer="14" id="82022001" nazwa="Krzeptów - skrzy." czas="29"/>
     <przystanek numer="15" id="82021006" nazwa="Krzeptów - Boisko" czas="30"/>
     <przystanek numer="16" id="82021008" nazwa="Krzeptów - Dolina Krzeptowa" czas="31"/>
     <przystanek numer="17" id="81072082" nazwa="Smolec - Wiśniowa" czas="33"/>
    </czasy>
    <tabliczka id="1" mc="0">
     <dzien nazwa="w dni robocze">
      <godz h="5">
       <min m="39">
       </min>
      </godz>
      <godz h="6">
       <min m="52">
       </min>
      </godz>
      <godz h="7">
       <min m="44">
       </min>
      </godz>
      <godz h="13">
       <min m="25">
       </min>
      </godz>
      <godz h="14">
       <min m="25">
       </min>
      </godz>
      <godz h="15">
       <min m="25">
       </min>
      </godz>
      <godz h="16">
       <min m="25">
       </min>
      </godz>
      <godz h="17">
       <min m="25">
       </min>
      </godz>
      <godz h="18">
       <min m="18">
       </min>
      </godz>
     </dzien>
    </tabliczka>
   </przystanek>
   <przystanek id="11711" nazwa="FAT" ulica="Ostrowskiego" cechy="">
    <czasy>
     <przystanek numer="0" id="11711" nazwa="FAT" czas="0"/>
     <przystanek numer="1" id="11713" nazwa="Ostrowskiego" czas="1"/>
     <przystanek numer="2" id="17310" nazwa="Końcowa" czas="3"/>
     <przystanek numer="3" id="17308" nazwa="Krzemieniecka" czas="6"/>
     <przystanek numer="4" id="17316" nazwa="Trawowa" czas="8"/>
     <przystanek numer="5" id="17306" nazwa="Stanisławowska (W.K. Formaty)" czas="10"/>
     <przystanek numer="6" id="17304" nazwa="Muchobór Wielki" czas="12"/>
     <przystanek numer="7" id="17319" nazwa="Gagarina" czas="14"/>
     <przystanek numer="8" id="81071835" nazwa="Smolec - Chłopska/Wrzosowa" czas="18"/>
     <przystanek numer="9" id="81071833" nazwa="Smolec - Chłopska/Śliwkowa" czas="19"/>
     <przystanek numer="10" id="81071831" nazwa="Smolec - Chłopska/Cisowa" czas="21"/>
     <przystanek numer="11" id="82022099" nazwa="Smolec - Lipowa/pętla" czas="23"/>
     <przystanek numer="12" id="82022003" nazwa="Smolec - Dębowa (sklep)" czas="24"/>
     <przystanek numer="13" id="82022001" nazwa="Krzeptów - skrzy." czas="26"/>
     <przystanek numer="14" id="82021006" nazwa="Krzeptów - Boisko" czas="27"/>
     <przystanek numer="15" id="82021008" nazwa="Krzeptów - Dolina Krzeptowa" czas="28"/>
     <przystanek numer="16" id="81072082" nazwa="Smolec - Wiśniowa" czas="30"/>
    </czasy>
    <tabliczka id="2" mc="2">
     <dzien nazwa="w dni robocze">
      <godz h="5">
       <min m="41">
       </min>
      </godz>
      <godz h="6">
       <min m="55">
       </min>
      </godz>
      <godz h="7">
       <min m="47">
       </min>
      </godz>
      <godz h="13">
       <min m="28">
       </min>
      </godz>
      <godz h="14">
       <min m="28">
       </min>
      </godz>
      <godz h="15">
       <min m="28">
       </min>
      </godz>
      <godz h="16">
       <min m="28">
       </min>
      </godz>
      <godz h="17">
       <min m="28">
       </min>
      </godz>
      <godz h="18">
       <min m="20">
       </min>
      </godz>
     </dzien>
    </tabliczka>
   </przystanek>
   <przystanek id="11713" nazwa="Ostrowskiego" ulica="Ostrowskiego" cechy="">
    <czasy>
     <przystanek numer="0" id="11713" nazwa="Ostrowskiego" czas="0"/>
     <przystanek numer="1" id="17310" nazwa="Końcowa" czas="2"/>
     <przystanek numer="2" id="17308" nazwa="Krzemieniecka" czas="5"/>
     <przystanek numer="3" id="17316" nazwa="Trawowa" czas="7"/>
     <przystanek numer="4" id="17306" nazwa="Stanisławowska (W.K. Formaty)" czas="9"/>
     <przystanek numer="5" id="17304" nazwa="Muchobór Wielki" czas="11"/>
     <przystanek numer="6" id="17319" nazwa="Gagarina" czas="13"/>
     <przystanek numer="7" id="81071835" nazwa="Smolec - Chłopska/Wrzosowa" czas="17"/>
     <przystanek numer="8" id="81071833" nazwa="Smolec - Chłopska/Śliwkowa" czas="18"/>
     <przystanek numer="9" id="81071831" nazwa="Smolec - Chłopska/Cisowa" czas="20"/>
     <przystanek numer="10" id="82022099" nazwa="Smolec - Lipowa/pętla" czas="22"/>
     <przystanek numer="11" id="82022003" nazwa="Smolec - Dębowa (sklep)" czas="23"/>
     <przystanek numer="12" id="82022001" nazwa="Krzeptów - skrzy." czas="25"/>
     <przystanek numer="13" id="82021006" nazwa="Krzeptów - Boisko" czas="26"/>
     <przystanek numer="14" id="82021008" nazwa="Krzeptów - Dolina Krzeptowa" czas="27"/>
     <przystanek numer="15" id="81072082" nazwa="Smolec - Wiśniowa" czas="29"/>
    </czasy>
    <tabliczka id="3" mc="1" cechy="NZ">
     <dzien nazwa="w dni robocze">
      <godz h="5">
       <min m="42">
       </min>
      </godz>
      <godz h="6">
       <min m="56">
       </min>
      </godz>
      <godz h="7">
       <min m="48">
       </min>
      </godz>
      <godz h="13">
       <min m="29">
       </min>
      </godz>
      <godz h="14">
       <min m="29">
       </min>
      </godz>
      <godz h="15">
       <min m="29">
       </min>
      </godz>
      <godz h="16">
       <min m="29">
       </min>
      </godz>
      <godz h="17">
       <min m="29">
       </min>
      </godz>
      <godz h="18">
       <min m="21">
       </min>
      </godz>
     </dzien>
    </tabliczka>
   </przystanek>
   <przystanek id="17310" nazwa="Końcowa" ulica="Krzemieniecka" cechy="">
    <czasy>
     <przystanek numer="0" id="17310" nazwa="Końcowa" czas="0"/>
     <przystanek numer="1" id="17308" nazwa="Krzemieniecka" czas="3"/>
     <przystanek numer="2" id="17316" nazwa="Trawowa" czas="5"/>
     <przystanek numer="3" id="17306" nazwa="Stanisławowska (W.K. Formaty)" czas="7"/>
     <przystanek numer="4" id="17304" nazwa="Muchobór Wielki" czas="9"/>
     <przystanek numer="5" id="17319" nazwa="Gagarina" czas="11"/>
     <przystanek numer="6" id="81071835" nazwa="Smolec - Chłopska/Wrzosowa" czas="15"/>
     <przystanek numer="7" id="81071833" nazwa="Smolec - Chłopska/Śliwkowa" czas="16"/>
     <przystanek numer="8" id="81071831" nazwa="Smolec - Chłopska/Cisowa" czas="18"/>
     <przystanek numer="9" id="82022099" nazwa="Smolec - Lipowa/pętla" czas="20"/>
     <przystanek numer="10" id="82022003" nazwa="Smolec - Dębowa (sklep)" czas="21"/>
     <przystanek numer="11" id="82022001" nazwa="Krzeptów - skrzy." czas="23"/>
     <przystanek numer="12" id="82021006" nazwa="Krzeptów - Boisko" czas="24"/>
     <przystanek numer="13" id="82021008" nazwa="Krzeptów - Dolina Krzeptowa" czas="25"/>
     <przystanek numer="14" id="81072082" nazwa="Smolec - Wiśniowa" czas="27"/>
    </czasy>
    <tabliczka id="4" mc="2">
     <dzien nazwa="w dni robocze">
      <godz h="5">
       <min m="44">
       </min>
      </godz>
      <godz h="6">
       <min m="58">
       </min>
      </godz>
      <godz h="7">
       <min m="50">
       </min>
      </godz>
      <godz h="13">
       <min m="31">
       </min>
      </godz>
      <godz h="14">
       <min m="31">
       </min>
      </godz>
      <godz h="15">
       <min m="31">
       </min>
      </godz>
      <godz h="16">
       <min m="31">
       </min>
      </godz>
      <godz h="17">
       <min m="31">
       </min>
      </godz>
      <godz h="18">
       <min m="23">
       </min>
      </godz>
     </dzien>
    </tabliczka>
   </przystanek>
   <przystanek id="17308" nazwa="Krzemieniecka" ulica="Krzemieniecka" cechy="">
    <czasy>
     <przystanek numer="0" id="17308" nazwa="Krzemieniecka" czas="0"/>
     <przystanek numer="1" id="17316" nazwa="Trawowa" czas="2"/>
     <przystanek numer="2" id="17306" nazwa="Stanisławowska (W.K. Formaty)" czas="4"/>
     <przystanek numer="3" id="17304" nazwa="Muchobór Wielki" czas="6"/>
     <przystanek numer="4" id="17319" nazwa="Gagarina" czas="8"/>
     <przystanek numer="5" id="81071835" nazwa="Smolec - Chłopska/Wrzosowa" czas="12"/>
     <przystanek numer="6" id="81071833" nazwa="Smolec - Chłopska/Śliwkowa" czas="13"/>
     <przystanek numer="7" id="81071831" nazwa="Smolec - Chłopska/Cisowa" czas="15"/>
     <przystanek numer="8" id="82022099" nazwa="Smolec - Lipowa/pętla" czas="17"/>
     <przystanek numer="9" id="82022003" nazwa="Smolec - Dębowa (sklep)" czas="18"/>
     <przystanek numer="10" id="82022001" nazwa="Krzeptów - skrzy." czas="20"/>
     <przystanek numer="11" id="82021006" nazwa="Krzeptów - Boisko" czas="21"/>
     <przystanek numer="12" id="82021008" nazwa="Krzeptów - Dolina Krzeptowa" czas="22"/>
     <przystanek numer="13" id="81072082" nazwa="Smolec - Wiśniowa" czas="24"/>
    </czasy>
    <tabliczka id="5" mc="1">
     <dzien nazwa="w dni robocze">
      <godz h="5">
       <min m="45">
       </min>
      </godz>
      <godz h="6">
       <min m="59">
       </min>
      </godz>
      <godz h="7">
       <min m="51">
       </min>
      </godz>
      <godz h="13">
       <min m="32">
       </min>
      </godz>
      <godz h="14">
       <min m="33">
       </min>
      </godz>
      <godz h="15">
       <min m="34">
       </min>
      </godz>
      <godz h="16">
       <min m="34">
       </min>
      </godz>
      <godz h="17">
       <min m="33">
       </min>
      </godz>
      <godz h="18">
       <min m="24">
       </min>
      </godz>
     </dzien>
    </tabliczka>
   </przystanek>
   <przystanek id="17316" nazwa="Trawowa" ulica="Krzemieniecka" cechy="">
    <czasy>
     <przystanek numer="0" id="17316" nazwa="Trawowa" czas="0"/>
     <przystanek numer="1" id="17306" nazwa="Stanisławowska (W.K. Formaty)" czas="2"/>
     <przystanek numer="2" id="17304" nazwa="Muchobór Wielki" czas="4"/>
     <przystanek numer="3" id="17319" nazwa="Gagarina" czas="6"/>
     <przystanek numer="4" id="81071835" nazwa="Smolec - Chłopska/Wrzosowa" czas="10"/>
     <przystanek numer="5" id="81071833" nazwa="Smolec - Chłopska/Śliwkowa" czas="11"/>
     <przystanek numer="6" id="81071831" nazwa="Smolec - Chłopska/Cisowa" czas="13"/>
     <przystanek numer="7" id="82022099" nazwa="Smolec - Lipowa/pętla" czas="15"/>
     <przystanek numer="8" id="82022003" nazwa="Smolec - Dębowa (sklep)" czas="16"/>
     <przystanek numer="9" id="82022001" nazwa="Krzeptów - skrzy." czas="18"/>
     <przystanek numer="10" id="82021006" nazwa="Krzeptów - Boisko" czas="19"/>
     <przystanek numer="11" id="82021008" nazwa="Krzeptów - Dolina Krzeptowa" czas="20"/>
     <przystanek numer="12" id="81072082" nazwa="Smolec - Wiśniowa" czas="22"/>
    </czasy>
    <tabliczka id="6" mc="1">
     <dzien nazwa="w dni robocze">
      <godz h="5">
       <min m="46">
       </min>
      </godz>
      <godz h="7">
       <min m="00">
       </min>
       <min m="52">
       </min>
      </godz>
      <godz h="13">
       <min m="33">
       </min>
      </godz>
      <godz h="14">
       <min m="34">
       </min>
      </godz>
      <godz h="15">
       <min m="36">
       </min>
      </godz>
      <godz h="16">
       <min m="36">
       </min>
      </godz>
      <godz h="17">
       <min m="34">
       </min>
      </godz>
      <godz h="18">
       <min m="25">
       </min>
      </godz>
     </dzien>
    </tabliczka>
   </przystanek>
   <przystanek id="17306" nazwa="Stanisławowska (W.K. Formaty)" ulica="Stanisławowska" cechy="">
    <czasy>
     <przystanek numer="0" id="17306" nazwa="Stanisławowska (W.K. Formaty)" czas="0"/>
     <przystanek numer="1" id="17304" nazwa="Muchobór Wielki" czas="2"/>
     <przystanek numer="2" id="17319" nazwa="Gagarina" czas="4"/>
     <przystanek numer="3" id="81071835" nazwa="Smolec - Chłopska/Wrzosowa" czas="8"/>
     <przystanek numer="4" id="81071833" nazwa="Smolec - Chłopska/Śliwkowa" czas="9"/>
     <przystanek numer="5" id="81071831" nazwa="Smolec - Chłopska/Cisowa" czas="11"/>
     <przystanek numer="6" id="82022099" nazwa="Smolec - Lipowa/pętla" czas="13"/>
     <przystanek numer="7" id="82022003" nazwa="Smolec - Dębowa (sklep)" czas="14"/>
     <przystanek numer="8" id="82022001" nazwa="Krzeptów - skrzy." czas="16"/>
     <przystanek numer="9" id="82021006" nazwa="Krzeptów - Boisko" czas="17"/>
     <przystanek numer="10" id="82021008" nazwa="Krzeptów - Dolina Krzeptowa" czas="18"/>
     <przystanek numer="11" id="81072082" nazwa="Smolec - Wiśniowa" czas="20"/>
    </czasy>
    <tabliczka id="7" mc="1">
     <dzien nazwa="w dni robocze">
      <godz h="5">
       <min m="47">
       </min>
      </godz>
      <godz h="7">
       <min m="02">
       </min>
       <min m="54">
       </min>
      </godz>
      <godz h="13">
       <min m="34">
       </min>
      </godz>
      <godz h="14">
       <min m="36">
       </min>
      </godz>
      <godz h="15">
       <min m="38">
       </min>
      </godz>
      <godz h="16">
       <min m="38">
       </min>
      </godz>
      <godz h="17">
       <min m="36">
       </min>
      </godz>
      <godz h="18">
       <min m="26">
       </min>
      </godz>
     </dzien>
    </tabliczka>
   </przystanek>
   <przystanek id="17304" nazwa="Muchobór Wielki" ulica="Stanisławowska" cechy="">
    <czasy>
     <przystanek numer="0" id="17304" nazwa="Muchobór Wielki" czas="0"/>
     <przystanek numer="1" id="17319" nazwa="Gagarina" czas="2"/>
     <przystanek numer="2" id="81071835" nazwa="Smolec - Chłopska/Wrzosowa" czas="6"/>
     <przystanek numer="3" id="81071833" nazwa="Smolec - Chłopska/Śliwkowa" czas="7"/>
     <przystanek numer="4" id="81071831" nazwa="Smolec - Chłopska/Cisowa" czas="9"/>
     <przystanek numer="5" id="82022099" nazwa="Smolec - Lipowa/pętla" czas="11"/>
     <przystanek numer="6" id="82022003" nazwa="Smolec - Dębowa (sklep)" czas="12"/>
     <przystanek numer="7" id="82022001" nazwa="Krzeptów - skrzy." czas="14"/>
     <przystanek numer="8" id="82021006" nazwa="Krzeptów - Boisko" czas="15"/>
     <przystanek numer="9" id="82021008" nazwa="Krzeptów - Dolina Krzeptowa" czas="16"/>
     <przystanek numer="10" id="81072082" nazwa="Smolec - Wiśniowa" czas="18"/>
    </czasy>
    <tabliczka id="8" mc="1">
     <dzien nazwa="w dni robocze">
      <godz h="5">
       <min m="48">
       </min>
      </godz>
      <godz h="7">
       <min m="03">
       </min>
       <min m="55">
       </min>
      </godz>
      <godz h="13">
       <min m="35">
       </min>
      </godz>
      <godz h="14">
       <min m="38">
       </min>
      </godz>
      <godz h="15">
       <min m="40">
       </min>
      </godz>
      <godz h="16">
       <min m="40">
       </min>
      </godz>
      <godz h="17">
       <min m="38">
       </min>
      </godz>
      <godz h="18">
       <min m="28">
       </min>
      </godz>
     </dzien>
    </tabliczka>
   </przystanek>
   <przystanek id="17319" nazwa="Gagarina" ulica="Jurija Gagarina" cechy="1">
    <czasy>
     <przystanek numer="0" id="17319" nazwa="Gagarina" czas="0"/>
     <przystanek numer="1" id="81071835" nazwa="Smolec - Chłopska/Wrzosowa" czas="4"/>
     <przystanek numer="2" id="81071833" nazwa="Smolec - Chłopska/Śliwkowa" czas="5"/>
     <przystanek numer="3" id="81071831" nazwa="Smolec - Chłopska/Cisowa" czas="7"/>
     <przystanek numer="4" id="82022099" nazwa="Smolec - Lipowa/pętla" czas="9"/>
     <przystanek numer="5" id="82022003" nazwa="Smolec - Dębowa (sklep)" czas="10"/>
     <przystanek numer="6" id="82022001" nazwa="Krzeptów - skrzy." czas="12"/>
     <przystanek numer="7" id="82021006" nazwa="Krzeptów - Boisko" czas="13"/>
     <przystanek numer="8" id="82021008" nazwa="Krzeptów - Dolina Krzeptowa" czas="14"/>
     <przystanek numer="9" id="81072082" nazwa="Smolec - Wiśniowa" czas="16"/>
    </czasy>
    <tabliczka id="9" mc="2" cechy="NZ">
     <dzien nazwa="w dni robocze">
      <godz h="5">
       <min m="50">
       </min>
      </godz>
      <godz h="7">
       <min m="05">
       </min>
       <min m="57">
       </min>
      </godz>
      <godz h="13">
       <min m="37">
       </min>
      </godz>
      <godz h="14">
       <min m="40">
       </min>
      </godz>
      <godz h="15">
       <min m="42">
       </min>
      </godz>
      <godz h="16">
       <min m="42">
       </min>
      </godz>
      <godz h="17">
       <min m="40">
       </min>
      </godz>
      <godz h="18">
       <min m="30">
       </min>
      </godz>
     </dzien>
    </tabliczka>
   </przystanek>
   <przystanek id="81071835" nazwa="Smolec - Chłopska/Wrzosowa" ulica="Chłopska" cechy="">
    <czasy>
     <przystanek numer="0" id="81071835" nazwa="Smolec - Chłopska/Wrzosowa" czas="0"/>
     <przystanek numer="1" id="81071833" nazwa="Smolec - Chłopska/Śliwkowa" czas="1"/>
     <przystanek numer="2" id="81071831" nazwa="Smolec - Chłopska/Cisowa" czas="3"/>
     <przystanek numer="3" id="82022099" nazwa="Smolec - Lipowa/pętla" czas="5"/>
     <przystanek numer="4" id="82022003" nazwa="Smolec - Dębowa (sklep)" czas="6"/>
     <przystanek numer="5" id="82022001" nazwa="Krzeptów - skrzy." czas="8"/>
     <przystanek numer="6" id="82021006" nazwa="Krzeptów - Boisko" czas="9"/>
     <przystanek numer="7" id="82021008" nazwa="Krzeptów - Dolina Krzeptowa" czas="10"/>
     <przystanek numer="8" id="81072082" nazwa="Smolec - Wiśniowa" czas="12"/>
    </czasy>
    <tabliczka id="10" mc="4">
     <dzien nazwa="w dni robocze">
      <godz h="5">
       <min m="54">
       </min>
      </godz>
      <godz h="7">
       <min m="09">
       </min>
      </godz>
      <godz h="8">
       <min m="01">
       </min>
      </godz>
      <godz h="13">
       <min m="41">
       </min>
      </godz>
      <godz h="14">
       <min m="44">
       </min>
      </godz>
      <godz h="15">
       <min m="46">
       </min>
      </godz>
      <godz h="16">
       <min m="46">
       </min>
      </godz>
      <godz h="17">
       <min m="44">
       </min>
      </godz>
      <godz h="18">
       <min m="34">
       </min>
      </godz>
     </dzien>
    </tabliczka>
   </przystanek>
   <przystanek id="81071833" nazwa="Smolec - Chłopska/Śliwkowa" ulica="Chłopska" cechy="">
    <czasy>
     <przystanek numer="0" id="81071833" nazwa="Smolec - Chłopska/Śliwkowa" czas="0"/>
     <przystanek numer="1" id="81071831" nazwa="Smolec - Chłopska/Cisowa" czas="2"/>
     <przystanek numer="2" id="82022099" nazwa="Smolec - Lipowa/pętla" czas="4"/>
     <przystanek numer="3" id="82022003" nazwa="Smolec - Dębowa (sklep)" czas="5"/>
     <przystanek numer="4" id="82022001" nazwa="Krzeptów - skrzy." czas="7"/>
     <przystanek numer="5" id="82021006" nazwa="Krzeptów - Boisko" czas="8"/>
     <przystanek numer="6" id="82021008" nazwa="Krzeptów - Dolina Krzeptowa" czas="9"/>
     <przystanek numer="7" id="81072082" nazwa="Smolec - Wiśniowa" czas="11"/>
    </czasy>
    <tabliczka id="11" mc="1">
     <dzien nazwa="w dni robocze">
      <godz h="5">
       <min m="55">
       </min>
      </godz>
      <godz h="7">
       <min m="10">
       </min>
      </godz>
      <godz h="8">
       <min m="02">
       </min>
      </godz>
      <godz h="13">
       <min m="42">
       </min>
      </godz>
      <godz h="14">
       <min m="45">
       </min>
      </godz>
      <godz h="15">
       <min m="47">
       </min>
      </godz>
      <godz h="16">
       <min m="47">
       </min>
      </godz>
      <godz h="17">
       <min m="45">
       </min>
      </godz>
      <godz h="18">
       <min m="35">
       </min>
      </godz>
     </dzien>
    </tabliczka>
   </przystanek>
   <przystanek id="81071831" nazwa="Smolec - Chłopska/Cisowa" ulica="Chłopska" cechy="">
    <czasy>
     <przystanek numer="0" id="81071831" nazwa="Smolec - Chłopska/Cisowa" czas="0"/>
     <przystanek numer="1" id="82022099" nazwa="Smolec - Lipowa/pętla" czas="2"/>
     <przystanek numer="2" id="82022003" nazwa="Smolec - Dębowa (sklep)" czas="3"/>
     <przystanek numer="3" id="82022001" nazwa="Krzeptów - skrzy." czas="5"/>
     <przystanek numer="4" id="82021006" nazwa="Krzeptów - Boisko" czas="6"/>
     <przystanek numer="5" id="82021008" nazwa="Krzeptów - Dolina Krzeptowa" czas="7"/>
     <przystanek numer="6" id="81072082" nazwa="Smolec - Wiśniowa" czas="9"/>
    </czasy>
    <tabliczka id="12" mc="2">
     <dzien nazwa="w dni robocze">
      <godz h="5">
       <min m="57">
       </min>
      </godz>
      <godz h="7">
       <min m="12">
       </min>
      </godz>
      <godz h="8">
       <min m="04">
       </min>
      </godz>
      <godz h="13">
       <min m="44">
       </min>
      </godz>
      <godz h="14">
       <min m="47">
       </min>
      </godz>
      <godz h="15">
       <min m="49">
       </min>
      </godz>
      <godz h="16">
       <min m="49">
       </min>
      </godz>
      <godz h="17">
       <min m="47">
       </min>
      </godz>
      <godz h="18">
       <min m="37">
       </min>
      </godz>
     </dzien>
    </tabliczka>
   </przystanek>
   <przystanek id="82022099" nazwa="Smolec - Lipowa/pętla" ulica="Lipowa" cechy="">
    <czasy>
     <przystanek numer="0" id="82022099" nazwa="Smolec - Lipowa/pętla" czas="0"/>
     <przystanek numer="1" id="82022003" nazwa="Smolec - Dębowa (sklep)" czas="1"/>
     <przystanek numer="2" id="82022001" nazwa="Krzeptów - skrzy." czas="3"/>
     <przystanek numer="3" id="82021006" nazwa="Krzeptów - Boisko" czas="4"/>
     <przystanek numer="4" id="82021008" nazwa="Krzeptów - Dolina Krzeptowa" czas="5"/>
     <przystanek numer="5" id="81072082" nazwa="Smolec - Wiśniowa" czas="7"/>
    </czasy>
    <tabliczka id="13" mc="2">
     <dzien nazwa="w dni robocze">
      <godz h="5">
       <min m="59">
       </min>
      </godz>
      <godz h="7">
       <min m="14">
       </min>
      </godz>
      <godz h="8">
       <min m="06">
       </min>
      </godz>
      <godz h="13">
       <min m="46">
       </min>
      </godz>
      <godz h="14">
       <min m="49">
       </min>
      </godz>
      <godz h="15">
       <min m="51">
       </min>
      </godz>
      <godz h="16">
       <min m="51">
       </min>
      </godz>
      <godz h="17">
       <min m="49">
       </min>
      </godz>
      <godz h="18">
       <min m="39">
       </min>
      </godz>
     </dzien>
    </tabliczka>
   </przystanek>
   <przystanek id="82022003" nazwa="Smolec - Dębowa (sklep)" ulica="Chłopska" cechy="">
    <czasy>
     <przystanek numer="0" id="82022003" nazwa="Smolec - Dębowa (sklep)" czas="0"/>
     <przystanek numer="1" id="82022001" nazwa="Krzeptów - skrzy." czas="2"/>
     <przystanek numer="2" id="82021006" nazwa="Krzeptów - Boisko" czas="3"/>
     <przystanek numer="3" id="82021008" nazwa="Krzeptów - Dolina Krzeptowa" czas="4"/>
     <przystanek numer="4" id="81072082" nazwa="Smolec - Wiśniowa" czas="6"/>
    </czasy>
    <tabliczka id="14" mc="1" cechy="NZ">
     <dzien nazwa="w dni robocze">
      <godz h="6">
       <min m="00">
       </min>
      </godz>
      <godz h="7">
       <min m="15">
       </min>
      </godz>
      <godz h="8">
       <min m="07">
       </min>
      </godz>
      <godz h="13">
       <min m="47">
       </min>
      </godz>
      <godz h="14">
       <min m="50">
       </min>
      </godz>
      <godz h="15">
       <min m="52">
       </min>
      </godz>
      <godz h="16">
       <min m="52">
       </min>
      </godz>
      <godz h="17">
       <min m="50">
       </min>
      </godz>
      <godz h="18">
       <min m="40">
       </min>
      </godz>
     </dzien>
    </tabliczka>
   </przystanek>
   <przystanek id="82022001" nazwa="Krzeptów - skrzy." ulica="Dębowa" cechy="">
    <czasy>
     <przystanek numer="0" id="82022001" nazwa="Krzeptów - skrzy." czas="0"/>
     <przystanek numer="1" id="82021006" nazwa="Krzeptów - Boisko" czas="1"/>
     <przystanek numer="2" id="82021008" nazwa="Krzeptów - Dolina Krzeptowa" czas="2"/>
     <przystanek numer="3" id="81072082" nazwa="Smolec - Wiśniowa" czas="4"/>
    </czasy>
    <tabliczka id="15" mc="2" cechy="NZ">
     <dzien nazwa="w dni robocze">
      <godz h="6">
       <min m="02">
       </min>
      </godz>
      <godz h="7">
       <min m="17">
       </min>
      </godz>
      <godz h="8">
       <min m="09">
       </min>
      </godz>
      <godz h="13">
       <min m="49">
       </min>
      </godz>
      <godz h="14">
       <min m="52">
       </min>
      </godz>
      <godz h="15">
       <min m="54">
       </min>
      </godz>
      <godz h="16">
       <min m="54">
       </min>
      </godz>
      <godz h="17">
       <min m="52">
       </min>
      </godz>
      <godz h="18">
       <min m="42">
       </min>
      </godz>
     </dzien>
    </tabliczka>
   </przystanek>
   <przystanek id="82021006" nazwa="Krzeptów - Boisko" ulica="Główna" cechy="">
    <czasy>
     <przystanek numer="0" id="82021006" nazwa="Krzeptów - Boisko" czas="0"/>
     <przystanek numer="1" id="82021008" nazwa="Krzeptów - Dolina Krzeptowa" czas="1"/>
     <przystanek numer="2" id="81072082" nazwa="Smolec - Wiśniowa" czas="3"/>
    </czasy>
    <tabliczka id="16" mc="1" cechy="NZ">
     <dzien nazwa="w dni robocze">
      <godz h="6">
       <min m="03">
       </min>
      </godz>
      <godz h="7">
       <min m="18">
       </min>
      </godz>
      <godz h="8">
       <min m="10">
       </min>
      </godz>
      <godz h="13">
       <min m="50">
       </min>
      </godz>
      <godz h="14">
       <min m="53">
       </min>
      </godz>
      <godz h="15">
       <min m="55">
       </min>
      </godz>
      <godz h="16">
       <min m="55">
       </min>
      </godz>
      <godz h="17">
       <min m="53">
       </min>
      </godz>
      <godz h="18">
       <min m="43">
       </min>
      </godz>
     </dzien>
    </tabliczka>
   </przystanek>
   <przystanek id="82021008" nazwa="Krzeptów - Dolina Krzeptowa" ulica="Główna" cechy="">
    <czasy>
     <przystanek numer="0" id="82021008" nazwa="Krzeptów - Dolina Krzeptowa" czas="0"/>
     <przystanek numer="1" id="81072082" nazwa="Smolec - Wiśniowa" czas="2"/>
    </czasy>
    <tabliczka id="17" mc="1" cechy="NZ">
     <dzien nazwa="w dni robocze">
      <godz h="6">
       <min m="04">
       </min>
      </godz>
      <godz h="7">
       <min m="19">
       </min>
      </godz>
      <godz h="8">
       <min m="11">
       </min>
      </godz>
      <godz h="13">
       <min m="51">
       </min>
      </godz>
      <godz h="14">
       <min m="54">
       </min>
      </godz>
      <godz h="15">
       <min m="56">
       </min>
      </godz>
      <godz h="16">
       <min m="56">
       </min>
      </godz>
      <godz h="17">
       <min m="54">
       </min>
      </godz>
      <godz h="18">
       <min m="44">
       </min>
      </godz>
     </dzien>
    </tabliczka>
   </przystanek>
   <przystanek id="81072082" nazwa="Smolec - Wiśniowa" ulica="Wiśniowa" cechy="">
    <czasy>
    </czasy>
   </przystanek>
  </wariant>
  <wariant id="2" nazwa="Smolec - Wiśniowa - FAT">
   <przystanek id="81072081" nazwa="Smolec - Wiśniowa" ulica="Wiśniowa" cechy="">
    <czasy>
     <przystanek numer="0" id="81072081" nazwa="Smolec - Wiśniowa" czas="0"/>
     <przystanek numer="1" id="82021005" nazwa="Krzeptów - Dolina Krzeptowa" czas="2"/>
     <przystanek numer="2" id="82021003" nazwa="Krzeptów - Boisko" czas="3"/>
     <przystanek numer="3" id="80000011" nazwa="Krzeptów - pętla" czas="4"/>
     <przystanek numer="4" id="82022002" nazwa="Krzeptów - skrzy." czas="5"/>
     <przystanek numer="5" id="82022004" nazwa="Smolec - Główna (na wys. nr 83)" czas="8"/>
     <przystanek numer="6" id="80370002" nazwa="Smolec - Chłopska/Główna" czas="10"/>
     <przystanek numer="7" id="81071832" nazwa="Smolec - Chłopska/Cisowa" czas="12"/>
     <przystanek numer="8" id="81071834" nazwa="Smolec - Chłopska/Śliwkowa" czas="14"/>
     <przystanek numer="9" id="81071836" nazwa="Smolec - Chłopska/Wrzosowa" czas="15"/>
     <przystanek numer="10" id="17318" nazwa="Gagarina" czas="20"/>
     <przystanek numer="11" id="17303" nazwa="Muchobór Wielki" czas="23"/>
     <przystanek numer="12" id="17305" nazwa="Stanisławowska (W.K. Formaty)" czas="26"/>
     <przystanek numer="13" id="17315" nazwa="Trawowa" czas="28"/>
     <przystanek numer="14" id="17307" nazwa="Krzemieniecka" czas="29"/>
     <przystanek numer="15" id="17309" nazwa="Końcowa" czas="30"/>
     <przystanek numer="16" id="11714" nazwa="Ostrowskiego" czas="32"/>
     <przystanek numer="17" id="11712" nazwa="FAT" czas="34"/>
    </czasy>
    <tabliczka id="18" mc="0">
     <dzien nazwa="w dni robocze">
      <godz h="5">
       <min m="01">
       </min>
      </godz>
      <godz h="6">
       <min m="14">
       </min>
       <min m="54">
       </min>
      </godz>
      <godz h="7">
       <min m="46">
       </min>
      </godz>
      <godz h="8">
       <min m="21">
       </min>
      </godz>
      <godz h="14">
       <min m="26">
       </min>
      </godz>
      <godz h="15">
       <min m="26">
       </min>
      </godz>
      <godz h="16">
       <min m="26">
       </min>
      </godz>
      <godz h="17">
       <min m="26">
       </min>
      </godz>
     </dzien>
    </tabliczka>
   </przystanek>
   <przystanek id="82021005" nazwa="Krzeptów - Dolina Krzeptowa" ulica="Główna" cechy="">
    <czasy>
     <przystanek numer="0" id="82021005" nazwa="Krzeptów - Dolina Krzeptowa" czas="0"/>
     <przystanek numer="1" id="82021003" nazwa="Krzeptów - Boisko" czas="1"/>
     <przystanek numer="2" id="80000011" nazwa="Krzeptów - pętla" czas="2"/>
     <przystanek numer="3" id="82022002" nazwa="Krzeptów - skrzy." czas="3"/>
     <przystanek numer="4" id="82022004" nazwa="Smolec - Główna (na wys. nr 83)" czas="6"/>
     <przystanek numer="5" id="80370002" nazwa="Smolec - Chłopska/Główna" czas="8"/>
     <przystanek numer="6" id="81071832" nazwa="Smolec - Chłopska/Cisowa" czas="10"/>
     <przystanek numer="7" id="81071834" nazwa="Smolec - Chłopska/Śliwkowa" czas="12"/>
     <przystanek numer="8" id="81071836" nazwa="Smolec - Chłopska/Wrzosowa" czas="13"/>
     <przystanek numer="9" id="17318" nazwa="Gagarina" czas="18"/>
     <przystanek numer="10" id="17303" nazwa="Muchobór Wielki" czas="21"/>
     <przystanek numer="11" id="17305" nazwa="Stanisławowska (W.K. Formaty)" czas="24"/>
     <przystanek numer="12" id="17315" nazwa="Trawowa" czas="26"/>
     <przystanek numer="13" id="17307" nazwa="Krzemieniecka" czas="27"/>
     <przystanek numer="14" id="17309" nazwa="Końcowa" czas="28"/>
     <przystanek numer="15" id="11714" nazwa="Ostrowskiego" czas="30"/>
     <przystanek numer="16" id="11712" nazwa="FAT" czas="32"/>
    </czasy>
    <tabliczka id="19" mc="2" cechy="NZ">
     <dzien nazwa="w dni robocze">
      <godz h="5">
       <min m="03">
       </min>
      </godz>
      <godz h="6">
       <min m="16">
       </min>
       <min m="56">
       </min>
      </godz>
      <godz h="7">
       <min m="48">
       </min>
      </godz>
      <godz h="8">
       <min m="23">
       </min>
      </godz>
      <godz h="14">
       <min m="28">
       </min>
      </godz>
      <godz h="15">
       <min m="28">
       </min>
      </godz>
      <godz h="16">
       <min m="28">
       </min>
      </godz>
      <godz h="17">
       <min m="28">
       </min>
      </godz>
     </dzien>
    </tabliczka>
   </przystanek>
   <przystanek id="82021003" nazwa="Krzeptów - Boisko" ulica="Główna" cechy="">
    <czasy>
     <przystanek numer="0" id="82021003" nazwa="Krzeptów - Boisko" czas="0"/>
     <przystanek numer="1" id="80000011" nazwa="Krzeptów - pętla" czas="1"/>
     <przystanek numer="2" id="82022002" nazwa="Krzeptów - skrzy." czas="2"/>
     <przystanek numer="3" id="82022004" nazwa="Smolec - Główna (na wys. nr 83)" czas="5"/>
     <przystanek numer="4" id="80370002" nazwa="Smolec - Chłopska/Główna" czas="7"/>
     <przystanek numer="5" id="81071832" nazwa="Smolec - Chłopska/Cisowa" czas="9"/>
     <przystanek numer="6" id="81071834" nazwa="Smolec - Chłopska/Śliwkowa" czas="11"/>
     <przystanek numer="7" id="81071836" nazwa="Smolec - Chłopska/Wrzosowa" czas="12"/>
     <przystanek numer="8" id="17318" nazwa="Gagarina" czas="17"/>
     <przystanek numer="9" id="17303" nazwa="Muchobór Wielki" czas="20"/>
     <przystanek numer="10" id="17305" nazwa="Stanisławowska (W.K. Formaty)" czas="23"/>
     <przystanek numer="11" id="17315" nazwa="Trawowa" czas="25"/>
     <przystanek numer="12" id="17307" nazwa="Krzemieniecka" czas="26"/>
     <przystanek numer="13" id="17309" nazwa="Końcowa" czas="27"/>
     <przystanek numer="14" id="11714" nazwa="Ostrowskiego" czas="29"/>
     <przystanek numer="15" id="11712" nazwa="FAT" czas="31"/>
    </czasy>
    <tabliczka id="20" mc="1" cechy="NZ">
     <dzien nazwa="w dni robocze">
      <godz h="5">
       <min m="04">
       </min>
      </godz>
      <godz h="6">
       <min m="17">
       </min>
       <min m="57">
       </min>
      </godz>
      <godz h="7">
       <min m="49">
       </min>
      </godz>
      <godz h="8">
       <min m="24">
       </min>
      </godz>
      <godz h="14">
       <min m="29">
       </min>
      </godz>
      <godz h="15">
       <min m="29">
       </min>
      </godz>
      <godz h="16">
       <min m="29">
       </min>
      </godz>
      <godz h="17">
       <min m="29">
       </min>
      </godz>
     </dzien>
    </tabliczka>
   </przystanek>
   <przystanek id="80000011" nazwa="Krzeptów - pętla" ulica="pętla" cechy="">
    <czasy>
     <przystanek numer="0" id="80000011" nazwa="Krzeptów - pętla" czas="0"/>
     <przystanek numer="1" id="82022002" nazwa="Krzeptów - skrzy." czas="1"/>
     <przystanek numer="2" id="82022004" nazwa="Smolec - Główna (na wys. nr 83)" czas="4"/>
     <przystanek numer="3" id="80370002" nazwa="Smolec - Chłopska/Główna" czas="6"/>
     <przystanek numer="4" id="81071832" nazwa="Smolec - Chłopska/Cisowa" czas="8"/>
     <przystanek numer="5" id="81071834" nazwa="Smolec - Chłopska/Śliwkowa" czas="10"/>
     <przystanek numer="6" id="81071836" nazwa="Smolec - Chłopska/Wrzosowa" czas="11"/>
     <przystanek numer="7" id="17318" nazwa="Gagarina" czas="16"/>
     <przystanek numer="8" id="17303" nazwa="Muchobór Wielki" czas="19"/>
     <przystanek numer="9" id="17305" nazwa="Stanisławowska (W.K. Formaty)" czas="22"/>
     <przystanek numer="10" id="17315" nazwa="Trawowa" czas="24"/>
     <przystanek numer="11" id="17307" nazwa="Krzemieniecka" czas="25"/>
     <przystanek numer="12" id="17309" nazwa="Końcowa" czas="26"/>
     <przystanek numer="13" id="11714" nazwa="Ostrowskiego" czas="28"/>
     <przystanek numer="14" id="11712" nazwa="FAT" czas="30"/>
    </czasy>
    <tabliczka id="21" mc="1" cechy="NZ">
     <dzien nazwa="w dni robocze">
      <godz h="5">
       <min m="05">
       </min>
      </godz>
      <godz h="6">
       <min m="18">
       </min>
       <min m="58">
       </min>
      </godz>
      <godz h="7">
       <min m="50">
       </min>
      </godz>
      <godz h="8">
       <min m="25">
       </min>
      </godz>
      <godz h="14">
       <min m="30">
       </min>
      </godz>
      <godz h="15">
       <min m="30">
       </min>
      </godz>
      <godz h="16">
       <min m="30">
       </min>
      </godz>
      <godz h="17">
       <min m="30">
       </min>
      </godz>
     </dzien>
    </tabliczka>
   </przystanek>
   <przystanek id="82022002" nazwa="Krzeptów - skrzy." ulica="Dębowa" cechy="">
    <czasy>
     <przystanek numer="0" id="82022002" nazwa="Krzeptów - skrzy." czas="0"/>
     <przystanek numer="1" id="82022004" nazwa="Smolec - Główna (na wys. nr 83)" czas="3"/>
     <przystanek numer="2" id="80370002" nazwa="Smolec - Chłopska/Główna" czas="5"/>
     <przystanek numer="3" id="81071832" nazwa="Smolec - Chłopska/Cisowa" czas="7"/>
     <przystanek numer="4" id="81071834" nazwa="Smolec - Chłopska/Śliwkowa" czas="9"/>
     <przystanek numer="5" id="81071836" nazwa="Smolec - Chłopska/Wrzosowa" czas="10"/>
     <przystanek numer="6" id="17318" nazwa="Gagarina" czas="15"/>
     <przystanek numer="7" id="17303" nazwa="Muchobór Wielki" czas="18"/>
     <przystanek numer="8" id="17305" nazwa="Stanisławowska (W.K. Formaty)" czas="21"/>
     <przystanek numer="9" id="17315" nazwa="Trawowa" czas="23"/>
     <przystanek numer="10" id="17307" nazwa="Krzemieniecka" czas="24"/>
     <przystanek numer="11" id="17309" nazwa="Końcowa" czas="25"/>
     <przystanek numer="12" id="11714" nazwa="Ostrowskiego" czas="27"/>
     <przystanek numer="13" id="11712" nazwa="FAT" czas="29"/>
    </czasy>
    <tabliczka id="22" mc="1" cechy="NZ">
     <dzien nazwa="w dni robocze">
      <godz h="5">
       <min m="06">
       </min>
      </godz>
      <godz h="6">
       <min m="19">
       </min>
       <min m="59">
       </min>
      </godz>
      <godz h="7">
       <min m="51">
       </min>
      </godz>
      <godz h="8">
       <min m="26">
       </min>
      </godz>
      <godz h="14">
       <min m="31">
       </min>
      </godz>
      <godz h="15">
       <min m="31">
       </min>
      </godz>
      <godz h="16">
       <min m="31">
       </min>
      </godz>
      <godz h="17">
       <min m="31">
       </min>
      </godz>
     </dzien>
    </tabliczka>
   </przystanek>
   <przystanek id="82022004" nazwa="Smolec - Główna (na wys. nr 83)" ulica="Główna" cechy="">
    <czasy>
     <przystanek numer="0" id="82022004" nazwa="Smolec - Główna (na wys. nr 83)" czas="0"/>
     <przystanek numer="1" id="80370002" nazwa="Smolec - Chłopska/Główna" czas="2"/>
     <przystanek numer="2" id="81071832" nazwa="Smolec - Chłopska/Cisowa" czas="4"/>
     <przystanek numer="3" id="81071834" nazwa="Smolec - Chłopska/Śliwkowa" czas="6"/>
     <przystanek numer="4" id="81071836" nazwa="Smolec - Chłopska/Wrzosowa" czas="7"/>
     <przystanek numer="5" id="17318" nazwa="Gagarina" czas="12"/>
     <przystanek numer="6" id="17303" nazwa="Muchobór Wielki" czas="15"/>
     <przystanek numer="7" id="17305" nazwa="Stanisławowska (W.K. Formaty)" czas="18"/>
     <przystanek numer="8" id="17315" nazwa="Trawowa" czas="20"/>
     <przystanek numer="9" id="17307" nazwa="Krzemieniecka" czas="21"/>
     <przystanek numer="10" id="17309" nazwa="Końcowa" czas="22"/>
     <przystanek numer="11" id="11714" nazwa="Ostrowskiego" czas="24"/>
     <przystanek numer="12" id="11712" nazwa="FAT" czas="26"/>
    </czasy>
    <tabliczka id="23" mc="3" cechy="NZ">
     <dzien nazwa="w dni robocze">
      <godz h="5">
       <min m="09">
       </min>
      </godz>
      <godz h="6">
       <min m="22">
       </min>
      </godz>
      <godz h="7">
       <min m="02">
       </min>
       <min m="54">
       </min>
      </godz>
      <godz h="8">
       <min m="29">
       </min>
      </godz>
      <godz h="14">
       <min m="34">
       </min>
      </godz>
      <godz h="15">
       <min m="34">
       </min>
      </godz>
      <godz h="16">
       <min m="34">
       </min>
      </godz>
      <godz h="17">
       <min m="34">
       </min>
      </godz>
     </dzien>
    </tabliczka>
   </przystanek>
   <przystanek id="80370002" nazwa="Smolec - Chłopska/Główna" ulica="Główna" cechy="">
    <czasy>
     <przystanek numer="0" id="80370002" nazwa="Smolec - Chłopska/Główna" czas="0"/>
     <przystanek numer="1" id="81071832" nazwa="Smolec - Chłopska/Cisowa" czas="2"/>
     <przystanek numer="2" id="81071834" nazwa="Smolec - Chłopska/Śliwkowa" czas="4"/>
     <przystanek numer="3" id="81071836" nazwa="Smolec - Chłopska/Wrzosowa" czas="5"/>
     <przystanek numer="4" id="17318" nazwa="Gagarina" czas="10"/>
     <przystanek numer="5" id="17303" nazwa="Muchobór Wielki" czas="13"/>
     <przystanek numer="6" id="17305" nazwa="Stanisławowska (W.K. Formaty)" czas="16"/>
     <przystanek numer="7" id="17315" nazwa="Trawowa" czas="18"/>
     <przystanek numer="8" id="17307" nazwa="Krzemieniecka" czas="19"/>
     <przystanek numer="9" id="17309" nazwa="Końcowa" czas="20"/>
     <przystanek numer="10" id="11714" nazwa="Ostrowskiego" czas="22"/>
     <przystanek numer="11" id="11712" nazwa="FAT" czas="24"/>
    </czasy>
    <tabliczka id="24" mc="2">
     <dzien nazwa="w dni robocze">
      <godz h="5">
       <min m="11">
       </min>
      </godz>
      <godz h="6">
       <min m="24">
       </min>
      </godz>
      <godz h="7">
       <min m="04">
       </min>
       <min m="56">
       </min>
      </godz>
      <godz h="8">
       <min m="31">
       </min>
      </godz>
      <godz h="14">
       <min m="36">
       </min>
      </godz>
      <godz h="15">
       <min m="36">
       </min>
      </godz>
      <godz h="16">
       <min m="36">
       </min>
      </godz>
      <godz h="17">
       <min m="36">
       </min>
      </godz>
     </dzien>
    </tabliczka>
   </przystanek>
   <przystanek id="81071832" nazwa="Smolec - Chłopska/Cisowa" ulica="Chłopska" cechy="">
    <czasy>
     <przystanek numer="0" id="81071832" nazwa="Smolec - Chłopska/Cisowa" czas="0"/>
     <przystanek numer="1" id="81071834" nazwa="Smolec - Chłopska/Śliwkowa" czas="2"/>
     <przystanek numer="2" id="81071836" nazwa="Smolec - Chłopska/Wrzosowa" czas="3"/>
     <przystanek numer="3" id="17318" nazwa="Gagarina" czas="8"/>
     <przystanek numer="4" id="17303" nazwa="Muchobór Wielki" czas="11"/>
     <przystanek numer="5" id="17305" nazwa="Stanisławowska (W.K. Formaty)" czas="14"/>
     <przystanek numer="6" id="17315" nazwa="Trawowa" czas="16"/>
     <przystanek numer="7" id="17307" nazwa="Krzemieniecka" czas="17"/>
     <przystanek numer="8" id="17309" nazwa="Końcowa" czas="18"/>
     <przystanek numer="9" id="11714" nazwa="Ostrowskiego" czas="20"/>
     <przystanek numer="10" id="11712" nazwa="FAT" czas="22"/>
    </czasy>
    <tabliczka id="25" mc="2">
     <dzien nazwa="w dni robocze">
      <godz h="5">
       <min m="13">
       </min>
      </godz>
      <godz h="6">
       <min m="26">
       </min>
      </godz>
      <godz h="7">
       <min m="06">
       </min>
       <min m="58">
       </min>
      </godz>
      <godz h="8">
       <min m="33">
       </min>
      </godz>
      <godz h="14">
       <min m="38">
       </min>
      </godz>
      <godz h="15">
       <min m="38">
       </min>
      </godz>
      <godz h="16">
       <min m="38">
       </min>
      </godz>
      <godz h="17">
       <min m="38">
       </min>
      </godz>
     </dzien>
    </tabliczka>
   </przystanek>
   <przystanek id="81071834" nazwa="Smolec - Chłopska/Śliwkowa" ulica="Chłopska" cechy="">
    <czasy>
     <przystanek numer="0" id="81071834" nazwa="Smolec - Chłopska/Śliwkowa" czas="0"/>
     <przystanek numer="1" id="81071836" nazwa="Smolec - Chłopska/Wrzosowa" czas="1"/>
     <przystanek numer="2" id="17318" nazwa="Gagarina" czas="6"/>
     <przystanek numer="3" id="17303" nazwa="Muchobór Wielki" czas="9"/>
     <przystanek numer="4" id="17305" nazwa="Stanisławowska (W.K. Formaty)" czas="12"/>
     <przystanek numer="5" id="17315" nazwa="Trawowa" czas="14"/>
     <przystanek numer="6" id="17307" nazwa="Krzemieniecka" czas="15"/>
     <przystanek numer="7" id="17309" nazwa="Końcowa" czas="16"/>
     <przystanek numer="8" id="11714" nazwa="Ostrowskiego" czas="18"/>
     <przystanek numer="9" id="11712" nazwa="FAT" czas="20"/>
    </czasy>
    <tabliczka id="26" mc="2">
     <dzien nazwa="w dni robocze">
      <godz h="5">
       <min m="15">
       </min>
      </godz>
      <godz h="6">
       <min m="28">
       </min>
      </godz>
      <godz h="7">
       <min m="08">
       </min>
      </godz>
      <godz h="8">
       <min m="00">
       </min>
       <min m="35">
       </min>
      </godz>
      <godz h="14">
       <min m="40">
       </min>
      </godz>
      <godz h="15">
       <min m="40">
       </min>
      </godz>
      <godz h="16">
       <min m="40">
       </min>
      </godz>
      <godz h="17">
       <min m="40">
       </min>
      </godz>
     </dzien>
    </tabliczka>
   </przystanek>
   <przystanek id="81071836" nazwa="Smolec - Chłopska/Wrzosowa" ulica="Chłopska" cechy="">
    <czasy>
     <przystanek numer="0" id="81071836" nazwa="Smolec - Chłopska/Wrzosowa" czas="0"/>
     <przystanek numer="1" id="17318" nazwa="Gagarina" czas="5"/>
     <przystanek numer="2" id="17303" nazwa="Muchobór Wielki" czas="8"/>
     <przystanek numer="3" id="17305" nazwa="Stanisławowska (W.K. Formaty)" czas="11"/>
     <przystanek numer="4" id="17315" nazwa="Trawowa" czas="13"/>
     <przystanek numer="5" id="17307" nazwa="Krzemieniecka" czas="14"/>
     <przystanek numer="6" id="17309" nazwa="Końcowa" czas="15"/>
     <przystanek numer="7" id="11714" nazwa="Ostrowskiego" czas="17"/>
     <przystanek numer="8" id="11712" nazwa="FAT" czas="19"/>
    </czasy>
    <tabliczka id="27" mc="1">
     <dzien nazwa="w dni robocze">
      <godz h="5">
       <min m="16">
       </min>
      </godz>
      <godz h="6">
       <min m="29">
       </min>
      </godz>
      <godz h="7">
       <min m="09">
       </min>
      </godz>
      <godz h="8">
       <min m="01">
       </min>
       <min m="36">
       </min>
      </godz>
      <godz h="14">
       <min m="41">
       </min>
      </godz>
      <godz h="15">
       <min m="41">
       </min>
      </godz>
      <godz h="16">
       <min m="41">
       </min>
      </godz>
      <godz h="17">
       <min m="41">
       </min>
      </godz>
     </dzien>
    </tabliczka>
   </przystanek>
   <przystanek id="17318" nazwa="Gagarina" ulica="Jurija Gagarina" cechy="1">
    <czasy>
     <przystanek numer="0" id="17318" nazwa="Gagarina" czas="0"/>
     <przystanek numer="1" id="17303" nazwa="Muchobór Wielki" czas="3"/>
     <przystanek numer="2" id="17305" nazwa="Stanisławowska (W.K. Formaty)" czas="6"/>
     <przystanek numer="3" id="17315" nazwa="Trawowa" czas="8"/>
     <przystanek numer="4" id="17307" nazwa="Krzemieniecka" czas="9"/>
     <przystanek numer="5" id="17309" nazwa="Końcowa" czas="10"/>
     <przystanek numer="6" id="11714" nazwa="Ostrowskiego" czas="12"/>
     <przystanek numer="7" id="11712" nazwa="FAT" czas="14"/>
    </czasy>
    <tabliczka id="28" mc="4" cechy="NZ">
     <dzien nazwa="w dni robocze">
      <godz h="5">
       <min m="20">
       </min>
      </godz>
      <godz h="6">
       <min m="34">
       </min>
      </godz>
      <godz h="7">
       <min m="14">
       </min>
      </godz>
      <godz h="8">
       <min m="06">
       </min>
       <min m="41">
       </min>
      </godz>
      <godz h="14">
       <min m="45">
       </min>
      </godz>
      <godz h="15">
       <min m="45">
       </min>
      </godz>
      <godz h="16">
       <min m="45">
       </min>
      </godz>
      <godz h="17">
       <min m="45">
       </min>
      </godz>
     </dzien>
    </tabliczka>
   </przystanek>
   <przystanek id="17303" nazwa="Muchobór Wielki" ulica="Stanisławowska" cechy="">
    <czasy>
     <przystanek numer="0" id="17303" nazwa="Muchobór Wielki" czas="0"/>
     <przystanek numer="1" id="17305" nazwa="Stanisławowska (W.K. Formaty)" czas="3"/>
     <przystanek numer="2" id="17315" nazwa="Trawowa" czas="5"/>
     <przystanek numer="3" id="17307" nazwa="Krzemieniecka" czas="6"/>
     <przystanek numer="4" id="17309" nazwa="Końcowa" czas="7"/>
     <przystanek numer="5" id="11714" nazwa="Ostrowskiego" czas="9"/>
     <przystanek numer="6" id="11712" nazwa="FAT" czas="11"/>
    </czasy>
    <tabliczka id="29" mc="1">
     <dzien nazwa="w dni robocze">
      <godz h="5">
       <min m="21">
       </min>
      </godz>
      <godz h="6">
       <min m="37">
       </min>
      </godz>
      <godz h="7">
       <min m="17">
       </min>
      </godz>
      <godz h="8">
       <min m="09">
       </min>
       <min m="44">
       </min>
      </godz>
      <godz h="14">
       <min m="48">
       </min>
      </godz>
      <godz h="15">
       <min m="48">
       </min>
      </godz>
      <godz h="16">
       <min m="48">
       </min>
      </godz>
      <godz h="17">
       <min m="46">
       </min>
      </godz>
     </dzien>
    </tabliczka>
   </przystanek>
   <przystanek id="17305" nazwa="Stanisławowska (W.K. Formaty)" ulica="Stanisławowska" cechy="">
    <czasy>
     <przystanek numer="0" id="17305" nazwa="Stanisławowska (W.K. Formaty)" czas="0"/>
     <przystanek numer="1" id="17315" nazwa="Trawowa" czas="2"/>
     <przystanek numer="2" id="17307" nazwa="Krzemieniecka" czas="3"/>
     <przystanek numer="3" id="17309" nazwa="Końcowa" czas="4"/>
     <przystanek numer="4" id="11714" nazwa="Ostrowskiego" czas="6"/>
     <przystanek numer="5" id="11712" nazwa="FAT" czas="8"/>
    </czasy>
    <tabliczka id="30" mc="1">
     <dzien nazwa="w dni robocze">
      <godz h="5">
       <min m="22">
       </min>
      </godz>
      <godz h="6">
       <min m="39">
       </min>
      </godz>
      <godz h="7">
       <min m="20">
       </min>
      </godz>
      <godz h="8">
       <min m="11">
       </min>
       <min m="46">
       </min>
      </godz>
      <godz h="14">
       <min m="49">
       </min>
      </godz>
      <godz h="15">
       <min m="49">
       </min>
      </godz>
      <godz h="16">
       <min m="49">
       </min>
      </godz>
      <godz h="17">
       <min m="47">
       </min>
      </godz>
     </dzien>
    </tabliczka>
   </przystanek>
   <przystanek id="17315" nazwa="Trawowa" ulica="Krzemieniecka" cechy="">
    <czasy>
     <przystanek numer="0" id="17315" nazwa="Trawowa" czas="0"/>
     <przystanek numer="1" id="17307" nazwa="Krzemieniecka" czas="1"/>
     <przystanek numer="2" id="17309" nazwa="Końcowa" czas="2"/>
     <przystanek numer="3" id="11714" nazwa="Ostrowskiego" czas="4"/>
     <przystanek numer="4" id="11712" nazwa="FAT" czas="6"/>
    </czasy>
    <tabliczka id="31" mc="1">
     <dzien nazwa="w dni robocze">
      <godz h="5">
       <min m="23">
       </min>
      </godz>
      <godz h="6">
       <min m="41">
       </min>
      </godz>
      <godz h="7">
       <min m="22">
       </min>
      </godz>
      <godz h="8">
       <min m="12">
       </min>
       <min m="47">
       </min>
      </godz>
      <godz h="14">
       <min m="51">
       </min>
      </godz>
      <godz h="15">
       <min m="51">
       </min>
      </godz>
      <godz h="16">
       <min m="51">
       </min>
      </godz>
      <godz h="17">
       <min m="49">
       </min>
      </godz>
     </dzien>
    </tabliczka>
   </przystanek>
   <przystanek id="17307" nazwa="Krzemieniecka" ulica="Krzemieniecka" cechy="">
    <czasy>
     <przystanek numer="0" id="17307" nazwa="Krzemieniecka" czas="0"/>
     <przystanek numer="1" id="17309" nazwa="Końcowa" czas="1"/>
     <przystanek numer="2" id="11714" nazwa="Ostrowskiego" czas="3"/>
     <przystanek numer="3" id="11712" nazwa="FAT" czas="5"/>
    </czasy>
    <tabliczka id="32" mc="1">
     <dzien nazwa="w dni robocze">
      <godz h="5">
       <min m="24">
       </min>
      </godz>
      <godz h="6">
       <min m="42">
       </min>
      </godz>
      <godz h="7">
       <min m="23">
       </min>
      </godz>
      <godz h="8">
       <min m="13">
       </min>
       <min m="48">
       </min>
      </godz>
      <godz h="14">
       <min m="52">
       </min>
      </godz>
      <godz h="15">
       <min m="52">
       </min>
      </godz>
      <godz h="16">
       <min m="52">
       </min>
      </godz>
      <godz h="17">
       <min m="50">
       </min>
      </godz>
     </dzien>
    </tabliczka>
   </przystanek>
   <przystanek id="17309" nazwa="Końcowa" ulica="Krzemieniecka" cechy="">
    <czasy>
     <przystanek numer="0" id="17309" nazwa="Końcowa" czas="0"/>
     <przystanek numer="1" id="11714" nazwa="Ostrowskiego" czas="2"/>
     <przystanek numer="2" id="11712" nazwa="FAT" czas="4"/>
    </czasy>
    <tabliczka id="33" mc="1">
     <dzien nazwa="w dni robocze">
      <godz h="5">
       <min m="25">
       </min>
      </godz>
      <godz h="6">
       <min m="43">
       </min>
      </godz>
      <godz h="7">
       <min m="24">
       </min>
      </godz>
      <godz h="8">
       <min m="14">
       </min>
       <min m="49">
       </min>
      </godz>
      <godz h="14">
       <min m="53">
       </min>
      </godz>
      <godz h="15">
       <min m="53">
       </min>
      </godz>
      <godz h="16">
       <min m="53">
       </min>
      </godz>
      <godz h="17">
       <min m="51">
       </min>
      </godz>
     </dzien>
    </tabliczka>
   </przystanek>
   <przystanek id="11714" nazwa="Ostrowskiego" ulica="Ostrowskiego" cechy="">
    <czasy>
     <przystanek numer="0" id="11714" nazwa="Ostrowskiego" czas="0"/>
     <przystanek numer="1" id="11712" nazwa="FAT" czas="2"/>
    </czasy>
    <tabliczka id="34" mc="2" cechy="NZ">
     <dzien nazwa="w dni robocze">
      <godz h="5">
       <min m="27">
       </min>
      </godz>
      <godz h="6">
       <min m="45">
       </min>
      </godz>
      <godz h="7">
       <min m="26">
       </min>
      </godz>
      <godz h="8">
       <min m="16">
       </min>
       <min m="51">
       </min>
      </godz>
      <godz h="14">
       <min m="55">
       </min>
      </godz>
      <godz h="15">
       <min m="55">
       </min>
      </godz>
      <godz h="16">
       <min m="55">
       </min>
      </godz>
      <godz h="17">
       <min m="53">
       </min>
      </godz>
     </dzien>
    </tabliczka>
   </przystanek>
   <przystanek id="11712" nazwa="FAT" ulica="Grabiszyńska" cechy="">
    <czasy>
    </czasy>
   </przystanek>
  </wariant>
 </linia>
</linie>
