<?xml version="1.0" encoding="UTF-8" ?>
<linie>
 <linia nazwa="948" typ="Strefowa autobusowa" wazny_od="01.09.2025" wazny_do="">
  <wariant id="1" nazwa="LEŚNICA - Miękinia - pętla">
   <przystanek id="18388" nazwa="LEŚNICA" ulica="Płońskiego" cechy="">
    <czasy>
     <przystanek numer="0" id="18388" nazwa="LEŚNICA" czas="0"/>
     <przystanek numer="1" id="18389" nazwa="Rubczaka (Stacja kolejowa)" czas="2"/>
     <przystanek numer="2" id="18391" nazwa="Rubczaka" czas="3"/>
     <przystanek numer="3" id="18312" nazwa="Średzka" czas="4"/>
     <przystanek numer="4" id="18341" nazwa="Leśnica - Hermes" czas="6"/>
     <przystanek numer="5" id="18343" nazwa="Mokrzańska" czas="8"/>
     <przystanek numer="6" id="18347" nazwa="ŻAR" czas="10"/>
     <przystanek numer="7" id="90094002" nazwa="Krępice" czas="12"/>
     <przystanek numer="8" id="90094004" nazwa="Wróblowice" czas="14"/>
     <przystanek numer="9" id="90094006" nazwa="Błonie" czas="17"/>
     <przystanek numer="10" id="90094008" nazwa="Źródła" czas="19"/>
     <przystanek numer="11" id="92056020" nazwa="Kadłub wieś" czas="22"/>
     <przystanek numer="12" id="92056018" nazwa="Kadłub NŻ" czas="23"/>
     <przystanek numer="13" id="92056015" nazwa="Miękinia Cegielnia" czas="25"/>
     <przystanek numer="14" id="92056014" nazwa="Miękinia - stacja PKP" czas="26"/>
     <przystanek numer="15" id="92056021" nazwa="Miękinia - pętla" czas="29"/>
    </czasy>
    <tabliczka id="1" mc="0">
     <dzien nazwa="w dni robocze">
      <godz h="6">
       <min m="10">
       </min>
      </godz>
      <godz h="10">
       <min m="25">
       </min>
      </godz>
      <godz h="14">
       <min m="20">
       </min>
      </godz>
      <godz h="16">
       <min m="15" ozn="M" przyp="M - kurs do Miękinii przez ul. Krępicką">
       </min>
      </godz>
     </dzien>
    </tabliczka>
   </przystanek>
   <przystanek id="18389" nazwa="Rubczaka (Stacja kolejowa)" ulica="Rubczaka" cechy="">
    <czasy>
     <przystanek numer="0" id="18389" nazwa="Rubczaka (Stacja kolejowa)" czas="0"/>
     <przystanek numer="1" id="18391" nazwa="Rubczaka" czas="1"/>
     <przystanek numer="2" id="18312" nazwa="Średzka" czas="2"/>
     <przystanek numer="3" id="18341" nazwa="Leśnica - Hermes" czas="4"/>
     <przystanek numer="4" id="18343" nazwa="Mokrzańska" czas="6"/>
     <przystanek numer="5" id="18347" nazwa="ŻAR" czas="8"/>
     <przystanek numer="6" id="90094002" nazwa="Krępice" czas="10"/>
     <przystanek numer="7" id="90094004" nazwa="Wróblowice" czas="12"/>
     <przystanek numer="8" id="90094006" nazwa="Błonie" czas="15"/>
     <przystanek numer="9" id="90094008" nazwa="Źródła" czas="17"/>
     <przystanek numer="10" id="92056020" nazwa="Kadłub wieś" czas="20"/>
     <przystanek numer="11" id="92056018" nazwa="Kadłub NŻ" czas="21"/>
     <przystanek numer="12" id="92056015" nazwa="Miękinia Cegielnia" czas="23"/>
     <przystanek numer="13" id="92056014" nazwa="Miękinia - stacja PKP" czas="24"/>
     <przystanek numer="14" id="92056021" nazwa="Miękinia - pętla" czas="27"/>
    </czasy>
    <tabliczka id="2" mc="2">
     <dzien nazwa="w dni robocze">
      <godz h="6">
       <min m="12">
       </min>
      </godz>
      <godz h="10">
       <min m="27">
       </min>
      </godz>
      <godz h="14">
       <min m="22">
       </min>
      </godz>
      <godz h="16">
       <min m="17" ozn="M" przyp="M - kurs do Miękinii przez ul. Krępicką">
       </min>
      </godz>
     </dzien>
    </tabliczka>
   </przystanek>
   <przystanek id="18391" nazwa="Rubczaka" ulica="Rubczaka" cechy="">
    <czasy>
     <przystanek numer="0" id="18391" nazwa="Rubczaka" czas="0"/>
     <przystanek numer="1" id="18312" nazwa="Średzka" czas="1"/>
     <przystanek numer="2" id="18341" nazwa="Leśnica - Hermes" czas="3"/>
     <przystanek numer="3" id="18343" nazwa="Mokrzańska" czas="5"/>
     <przystanek numer="4" id="18347" nazwa="ŻAR" czas="7"/>
     <przystanek numer="5" id="90094002" nazwa="Krępice" czas="9"/>
     <przystanek numer="6" id="90094004" nazwa="Wróblowice" czas="11"/>
     <przystanek numer="7" id="90094006" nazwa="Błonie" czas="14"/>
     <przystanek numer="8" id="90094008" nazwa="Źródła" czas="16"/>
     <przystanek numer="9" id="92056020" nazwa="Kadłub wieś" czas="19"/>
     <przystanek numer="10" id="92056018" nazwa="Kadłub NŻ" czas="20"/>
     <przystanek numer="11" id="92056015" nazwa="Miękinia Cegielnia" czas="22"/>
     <przystanek numer="12" id="92056014" nazwa="Miękinia - stacja PKP" czas="23"/>
     <przystanek numer="13" id="92056021" nazwa="Miękinia - pętla" czas="26"/>
    </czasy>
    <tabliczka id="3" mc="1" cechy="NZ">
     <dzien nazwa="w dni robocze">
      <godz h="6">
       <min m="13">
       </min>
      </godz>
      <godz h="10">
       <min m="28">
       </min>
      </godz>
      <godz h="14">
       <min m="23">
       </min>
      </godz>
      <godz h="16">
       <min m="18" ozn="M" przyp="M - kurs do Miękinii przez ul. Krępicką">
       </min>
      </godz>
     </dzien>
    </tabliczka>
   </przystanek>
   <przystanek id="18312" nazwa="Średzka" ulica="Trzmielowicka" cechy="">
    <czasy>
     <przystanek numer="0" id="18312" nazwa="Średzka" czas="0"/>
     <przystanek numer="1" id="18341" nazwa="Leśnica - Hermes" czas="2"/>
     <przystanek numer="2" id="18343" nazwa="Mokrzańska" czas="4"/>
     <przystanek numer="3" id="18347" nazwa="ŻAR" czas="6"/>
     <przystanek numer="4" id="90094002" nazwa="Krępice" czas="8"/>
     <przystanek numer="5" id="90094004" nazwa="Wróblowice" czas="10"/>
     <przystanek numer="6" id="90094006" nazwa="Błonie" czas="13"/>
     <przystanek numer="7" id="90094008" nazwa="Źródła" czas="15"/>
     <przystanek numer="8" id="92056020" nazwa="Kadłub wieś" czas="18"/>
     <przystanek numer="9" id="92056018" nazwa="Kadłub NŻ" czas="19"/>
     <przystanek numer="10" id="92056015" nazwa="Miękinia Cegielnia" czas="21"/>
     <przystanek numer="11" id="92056014" nazwa="Miękinia - stacja PKP" czas="22"/>
     <przystanek numer="12" id="92056021" nazwa="Miękinia - pętla" czas="25"/>
    </czasy>
    <tabliczka id="4" mc="1">
     <dzien nazwa="w dni robocze">
      <godz h="6">
       <min m="14">
       </min>
      </godz>
      <godz h="10">
       <min m="29">
       </min>
      </godz>
      <godz h="14">
       <min m="24">
       </min>
      </godz>
      <godz h="16">
       <min m="19" ozn="M" przyp="M - kurs do Miękinii przez ul. Krępicką">
       </min>
      </godz>
     </dzien>
    </tabliczka>
   </przystanek>
   <przystanek id="18341" nazwa="Leśnica - Hermes" ulica="Średzka" cechy="">
    <czasy>
     <przystanek numer="0" id="18341" nazwa="Leśnica - Hermes" czas="0"/>
     <przystanek numer="1" id="18343" nazwa="Mokrzańska" czas="2"/>
     <przystanek numer="2" id="18347" nazwa="ŻAR" czas="4"/>
     <przystanek numer="3" id="90094002" nazwa="Krępice" czas="6"/>
     <przystanek numer="4" id="90094004" nazwa="Wróblowice" czas="8"/>
     <przystanek numer="5" id="90094006" nazwa="Błonie" czas="11"/>
     <przystanek numer="6" id="90094008" nazwa="Źródła" czas="13"/>
     <przystanek numer="7" id="92056020" nazwa="Kadłub wieś" czas="16"/>
     <przystanek numer="8" id="92056018" nazwa="Kadłub NŻ" czas="17"/>
     <przystanek numer="9" id="92056015" nazwa="Miękinia Cegielnia" czas="19"/>
     <przystanek numer="10" id="92056014" nazwa="Miękinia - stacja PKP" czas="20"/>
     <przystanek numer="11" id="92056021" nazwa="Miękinia - pętla" czas="23"/>
    </czasy>
    <tabliczka id="5" mc="1">
     <dzien nazwa="w dni robocze">
      <godz h="6">
       <min m="16">
       </min>
      </godz>
      <godz h="10">
       <min m="31">
       </min>
      </godz>
      <godz h="14">
       <min m="26">
       </min>
      </godz>
     </dzien>
    </tabliczka>
   </przystanek>
   <przystanek id="18343" nazwa="Mokrzańska" ulica="Średzka" cechy="">
    <czasy>
     <przystanek numer="0" id="18343" nazwa="Mokrzańska" czas="0"/>
     <przystanek numer="1" id="18347" nazwa="ŻAR" czas="2"/>
     <przystanek numer="2" id="90094002" nazwa="Krępice" czas="4"/>
     <przystanek numer="3" id="90094004" nazwa="Wróblowice" czas="6"/>
     <przystanek numer="4" id="90094006" nazwa="Błonie" czas="9"/>
     <przystanek numer="5" id="90094008" nazwa="Źródła" czas="11"/>
     <przystanek numer="6" id="92056020" nazwa="Kadłub wieś" czas="14"/>
     <przystanek numer="7" id="92056018" nazwa="Kadłub NŻ" czas="15"/>
     <przystanek numer="8" id="92056015" nazwa="Miękinia Cegielnia" czas="17"/>
     <przystanek numer="9" id="92056014" nazwa="Miękinia - stacja PKP" czas="18"/>
     <przystanek numer="10" id="92056021" nazwa="Miękinia - pętla" czas="21"/>
    </czasy>
    <tabliczka id="6" mc="1" cechy="NZ">
     <dzien nazwa="w dni robocze">
      <godz h="6">
       <min m="17">
       </min>
      </godz>
      <godz h="10">
       <min m="32">
       </min>
      </godz>
      <godz h="14">
       <min m="28">
       </min>
      </godz>
      <godz h="16">
       <min m="27">
       </min>
      </godz>
     </dzien>
    </tabliczka>
   </przystanek>
   <przystanek id="18347" nazwa="ŻAR" ulica="Średzka" cechy="1">
    <czasy>
     <przystanek numer="0" id="18347" nazwa="ŻAR" czas="0"/>
     <przystanek numer="1" id="90094002" nazwa="Krępice" czas="2"/>
     <przystanek numer="2" id="90094004" nazwa="Wróblowice" czas="4"/>
     <przystanek numer="3" id="90094006" nazwa="Błonie" czas="7"/>
     <przystanek numer="4" id="90094008" nazwa="Źródła" czas="9"/>
     <przystanek numer="5" id="92056020" nazwa="Kadłub wieś" czas="12"/>
     <przystanek numer="6" id="92056018" nazwa="Kadłub NŻ" czas="13"/>
     <przystanek numer="7" id="92056015" nazwa="Miękinia Cegielnia" czas="15"/>
     <przystanek numer="8" id="92056014" nazwa="Miękinia - stacja PKP" czas="16"/>
     <przystanek numer="9" id="92056021" nazwa="Miękinia - pętla" czas="19"/>
    </czasy>
    <tabliczka id="7" mc="2">
     <dzien nazwa="w dni robocze">
      <godz h="6">
       <min m="19">
       </min>
      </godz>
      <godz h="10">
       <min m="34">
       </min>
      </godz>
      <godz h="14">
       <min m="30">
       </min>
      </godz>
      <godz h="16">
       <min m="29">
       </min>
      </godz>
     </dzien>
    </tabliczka>
   </przystanek>
   <przystanek id="90094002" nazwa="Krępice" ulica="Średzka" cechy="">
    <czasy>
     <przystanek numer="0" id="90094002" nazwa="Krępice" czas="0"/>
     <przystanek numer="1" id="90094004" nazwa="Wróblowice" czas="2"/>
     <przystanek numer="2" id="90094006" nazwa="Błonie" czas="5"/>
     <przystanek numer="3" id="90094008" nazwa="Źródła" czas="7"/>
     <przystanek numer="4" id="92056020" nazwa="Kadłub wieś" czas="10"/>
     <przystanek numer="5" id="92056018" nazwa="Kadłub NŻ" czas="11"/>
     <przystanek numer="6" id="92056015" nazwa="Miękinia Cegielnia" czas="13"/>
     <przystanek numer="7" id="92056014" nazwa="Miękinia - stacja PKP" czas="14"/>
     <przystanek numer="8" id="92056021" nazwa="Miękinia - pętla" czas="17"/>
    </czasy>
    <tabliczka id="8" mc="2">
     <dzien nazwa="w dni robocze">
      <godz h="6">
       <min m="21">
       </min>
      </godz>
      <godz h="10">
       <min m="36">
       </min>
      </godz>
      <godz h="14">
       <min m="32">
       </min>
      </godz>
      <godz h="16">
       <min m="31">
       </min>
      </godz>
     </dzien>
    </tabliczka>
   </przystanek>
   <przystanek id="90094004" nazwa="Wróblowice" ulica=" " cechy="">
    <czasy>
     <przystanek numer="0" id="90094004" nazwa="Wróblowice" czas="0"/>
     <przystanek numer="1" id="90094006" nazwa="Błonie" czas="3"/>
     <przystanek numer="2" id="90094008" nazwa="Źródła" czas="5"/>
     <przystanek numer="3" id="92056020" nazwa="Kadłub wieś" czas="8"/>
     <przystanek numer="4" id="92056018" nazwa="Kadłub NŻ" czas="9"/>
     <przystanek numer="5" id="92056015" nazwa="Miękinia Cegielnia" czas="11"/>
     <przystanek numer="6" id="92056014" nazwa="Miękinia - stacja PKP" czas="12"/>
     <przystanek numer="7" id="92056021" nazwa="Miękinia - pętla" czas="15"/>
    </czasy>
    <tabliczka id="9" mc="2">
     <dzien nazwa="w dni robocze">
      <godz h="6">
       <min m="23">
       </min>
      </godz>
      <godz h="10">
       <min m="38">
       </min>
      </godz>
      <godz h="14">
       <min m="34">
       </min>
      </godz>
      <godz h="16">
       <min m="33">
       </min>
      </godz>
     </dzien>
    </tabliczka>
   </przystanek>
   <przystanek id="90094006" nazwa="Błonie" ulica=" " cechy="">
    <czasy>
     <przystanek numer="0" id="90094006" nazwa="Błonie" czas="0"/>
     <przystanek numer="1" id="90094008" nazwa="Źródła" czas="2"/>
     <przystanek numer="2" id="92056020" nazwa="Kadłub wieś" czas="5"/>
     <przystanek numer="3" id="92056018" nazwa="Kadłub NŻ" czas="6"/>
     <przystanek numer="4" id="92056015" nazwa="Miękinia Cegielnia" czas="8"/>
     <przystanek numer="5" id="92056014" nazwa="Miękinia - stacja PKP" czas="9"/>
     <przystanek numer="6" id="92056021" nazwa="Miękinia - pętla" czas="12"/>
    </czasy>
    <tabliczka id="10" mc="3">
     <dzien nazwa="w dni robocze">
      <godz h="6">
       <min m="26">
       </min>
      </godz>
      <godz h="10">
       <min m="41">
       </min>
      </godz>
      <godz h="14">
       <min m="37">
       </min>
      </godz>
      <godz h="16">
       <min m="36">
       </min>
      </godz>
     </dzien>
    </tabliczka>
   </przystanek>
   <przystanek id="90094008" nazwa="Źródła" ulica=" " cechy="">
    <czasy>
     <przystanek numer="0" id="90094008" nazwa="Źródła" czas="0"/>
     <przystanek numer="1" id="92056020" nazwa="Kadłub wieś" czas="3"/>
     <przystanek numer="2" id="92056018" nazwa="Kadłub NŻ" czas="4"/>
     <przystanek numer="3" id="92056015" nazwa="Miękinia Cegielnia" czas="6"/>
     <przystanek numer="4" id="92056014" nazwa="Miękinia - stacja PKP" czas="7"/>
     <przystanek numer="5" id="92056021" nazwa="Miękinia - pętla" czas="10"/>
    </czasy>
    <tabliczka id="11" mc="2">
     <dzien nazwa="w dni robocze">
      <godz h="6">
       <min m="28">
       </min>
      </godz>
      <godz h="10">
       <min m="43">
       </min>
      </godz>
      <godz h="14">
       <min m="39">
       </min>
      </godz>
      <godz h="16">
       <min m="38">
       </min>
      </godz>
     </dzien>
    </tabliczka>
   </przystanek>
   <przystanek id="92056020" nazwa="Kadłub wieś" ulica=" " cechy="">
    <czasy>
     <przystanek numer="0" id="92056020" nazwa="Kadłub wieś" czas="0"/>
     <przystanek numer="1" id="92056018" nazwa="Kadłub NŻ" czas="1"/>
     <przystanek numer="2" id="92056015" nazwa="Miękinia Cegielnia" czas="3"/>
     <przystanek numer="3" id="92056014" nazwa="Miękinia - stacja PKP" czas="4"/>
     <przystanek numer="4" id="92056021" nazwa="Miękinia - pętla" czas="7"/>
    </czasy>
    <tabliczka id="12" mc="3" cechy="NZ">
     <dzien nazwa="w dni robocze">
      <godz h="6">
       <min m="31">
       </min>
      </godz>
      <godz h="10">
       <min m="46">
       </min>
      </godz>
      <godz h="14">
       <min m="42">
       </min>
      </godz>
      <godz h="16">
       <min m="41">
       </min>
      </godz>
     </dzien>
    </tabliczka>
   </przystanek>
   <przystanek id="92056018" nazwa="Kadłub NŻ" ulica=" " cechy="">
    <czasy>
     <przystanek numer="0" id="92056018" nazwa="Kadłub NŻ" czas="0"/>
     <przystanek numer="1" id="92056015" nazwa="Miękinia Cegielnia" czas="2"/>
     <przystanek numer="2" id="92056014" nazwa="Miękinia - stacja PKP" czas="3"/>
     <przystanek numer="3" id="92056021" nazwa="Miękinia - pętla" czas="6"/>
    </czasy>
    <tabliczka id="13" mc="1" cechy="NZ">
     <dzien nazwa="w dni robocze">
      <godz h="6">
       <min m="32">
       </min>
      </godz>
      <godz h="10">
       <min m="47">
       </min>
      </godz>
      <godz h="14">
       <min m="43">
       </min>
      </godz>
      <godz h="16">
       <min m="42">
       </min>
      </godz>
     </dzien>
    </tabliczka>
   </przystanek>
   <przystanek id="92056015" nazwa="Miękinia Cegielnia" ulica="Lipowa" cechy="">
    <czasy>
     <przystanek numer="0" id="92056015" nazwa="Miękinia Cegielnia" czas="0"/>
     <przystanek numer="1" id="92056014" nazwa="Miękinia - stacja PKP" czas="1"/>
     <przystanek numer="2" id="92056021" nazwa="Miękinia - pętla" czas="4"/>
    </czasy>
    <tabliczka id="14" mc="2" cechy="NZ">
     <dzien nazwa="w dni robocze">
      <godz h="6">
       <min m="34">
       </min>
      </godz>
      <godz h="10">
       <min m="49">
       </min>
      </godz>
      <godz h="14">
       <min m="45">
       </min>
      </godz>
      <godz h="16">
       <min m="44">
       </min>
      </godz>
     </dzien>
    </tabliczka>
   </przystanek>
   <przystanek id="92056014" nazwa="Miękinia - stacja PKP" ulica="Kościuszki" cechy="">
    <czasy>
     <przystanek numer="0" id="92056014" nazwa="Miękinia - stacja PKP" czas="0"/>
     <przystanek numer="1" id="92056021" nazwa="Miękinia - pętla" czas="3"/>
    </czasy>
    <tabliczka id="15" mc="1">
     <dzien nazwa="w dni robocze">
      <godz h="6">
       <min m="35">
       </min>
      </godz>
      <godz h="10">
       <min m="50">
       </min>
      </godz>
      <godz h="14">
       <min m="46">
       </min>
      </godz>
      <godz h="16">
       <min m="45">
       </min>
      </godz>
     </dzien>
    </tabliczka>
   </przystanek>
   <przystanek id="92056021" nazwa="Miękinia - pętla" ulica="Sportowa" cechy="">
    <czasy>
    </czasy>
   </przystanek>
  </wariant>
  <wariant id="2" nazwa="Miękinia - pętla - LEŚNICA">
   <przystanek id="92056021" nazwa="Miękinia - pętla" ulica="Sportowa" cechy="">
    <czasy>
     <przystanek numer="0" id="92056021" nazwa="Miękinia - pętla" czas="0"/>
     <przystanek numer="1" id="92056013" nazwa="Miękinia - stacja PKP" czas="2"/>
     <przystanek numer="2" id="92056016" nazwa="Miękinia Cegielnia" czas="3"/>
     <przystanek numer="3" id="92056017" nazwa="Kadłub NŻ" czas="5"/>
     <przystanek numer="4" id="92056019" nazwa="Kadłub wieś" czas="7"/>
     <przystanek numer="5" id="90094007" nazwa="Źródła" czas="12"/>
     <przystanek numer="6" id="90094005" nazwa="Błonie" czas="14"/>
     <przystanek numer="7" id="90094003" nazwa="Wróblowice" czas="18"/>
     <przystanek numer="8" id="90094001" nazwa="Krępice" czas="20"/>
     <przystanek numer="9" id="18346" nazwa="ŻAR" czas="24"/>
     <przystanek numer="10" id="18344" nazwa="Mokrzańska" czas="28"/>
     <przystanek numer="11" id="18342" nazwa="Leśnica - Hermes" czas="30"/>
     <przystanek numer="12" id="18311" nazwa="Średzka" czas="31"/>
     <przystanek numer="13" id="18392" nazwa="Rubczaka" czas="32"/>
     <przystanek numer="14" id="18390" nazwa="Rubczaka (Stacja kolejowa)" czas="33"/>
     <przystanek numer="15" id="18388" nazwa="LEŚNICA" czas="34"/>
    </czasy>
    <tabliczka id="16" mc="0">
     <dzien nazwa="w dni robocze">
      <godz h="4">
       <min m="57">
       </min>
      </godz>
      <godz h="6">
       <min m="40">
       </min>
      </godz>
      <godz h="11">
       <min m="12" ozn="H" przyp="H - kurs do Leśnicy przez ul. Krępicką">
       </min>
      </godz>
      <godz h="15">
       <min m="04">
       </min>
      </godz>
      <godz h="16">
       <min m="56" ozn="H" przyp="H - kurs do Leśnicy przez ul. Krępicką">
       </min>
      </godz>
     </dzien>
    </tabliczka>
   </przystanek>
   <przystanek id="92056013" nazwa="Miękinia - stacja PKP" ulica="Kościuszki" cechy="">
    <czasy>
     <przystanek numer="0" id="92056013" nazwa="Miękinia - stacja PKP" czas="0"/>
     <przystanek numer="1" id="92056016" nazwa="Miękinia Cegielnia" czas="1"/>
     <przystanek numer="2" id="92056017" nazwa="Kadłub NŻ" czas="3"/>
     <przystanek numer="3" id="92056019" nazwa="Kadłub wieś" czas="5"/>
     <przystanek numer="4" id="90094007" nazwa="Źródła" czas="10"/>
     <przystanek numer="5" id="90094005" nazwa="Błonie" czas="12"/>
     <przystanek numer="6" id="90094003" nazwa="Wróblowice" czas="16"/>
     <przystanek numer="7" id="90094001" nazwa="Krępice" czas="18"/>
     <przystanek numer="8" id="18346" nazwa="ŻAR" czas="22"/>
     <przystanek numer="9" id="18344" nazwa="Mokrzańska" czas="26"/>
     <przystanek numer="10" id="18342" nazwa="Leśnica - Hermes" czas="28"/>
     <przystanek numer="11" id="18311" nazwa="Średzka" czas="29"/>
     <przystanek numer="12" id="18392" nazwa="Rubczaka" czas="30"/>
     <przystanek numer="13" id="18390" nazwa="Rubczaka (Stacja kolejowa)" czas="31"/>
     <przystanek numer="14" id="18388" nazwa="LEŚNICA" czas="32"/>
    </czasy>
    <tabliczka id="17" mc="2">
     <dzien nazwa="w dni robocze">
      <godz h="4">
       <min m="59">
       </min>
      </godz>
      <godz h="6">
       <min m="42">
       </min>
      </godz>
      <godz h="11">
       <min m="14" ozn="H" przyp="H - kurs do Leśnicy przez ul. Krępicką">
       </min>
      </godz>
      <godz h="15">
       <min m="06">
       </min>
      </godz>
      <godz h="16">
       <min m="58" ozn="H" przyp="H - kurs do Leśnicy przez ul. Krępicką">
       </min>
      </godz>
     </dzien>
    </tabliczka>
   </przystanek>
   <przystanek id="92056016" nazwa="Miękinia Cegielnia" ulica="Lipowa" cechy="">
    <czasy>
     <przystanek numer="0" id="92056016" nazwa="Miękinia Cegielnia" czas="0"/>
     <przystanek numer="1" id="92056017" nazwa="Kadłub NŻ" czas="2"/>
     <przystanek numer="2" id="92056019" nazwa="Kadłub wieś" czas="4"/>
     <przystanek numer="3" id="90094007" nazwa="Źródła" czas="9"/>
     <przystanek numer="4" id="90094005" nazwa="Błonie" czas="11"/>
     <przystanek numer="5" id="90094003" nazwa="Wróblowice" czas="15"/>
     <przystanek numer="6" id="90094001" nazwa="Krępice" czas="17"/>
     <przystanek numer="7" id="18346" nazwa="ŻAR" czas="21"/>
     <przystanek numer="8" id="18344" nazwa="Mokrzańska" czas="25"/>
     <przystanek numer="9" id="18342" nazwa="Leśnica - Hermes" czas="27"/>
     <przystanek numer="10" id="18311" nazwa="Średzka" czas="28"/>
     <przystanek numer="11" id="18392" nazwa="Rubczaka" czas="29"/>
     <przystanek numer="12" id="18390" nazwa="Rubczaka (Stacja kolejowa)" czas="30"/>
     <przystanek numer="13" id="18388" nazwa="LEŚNICA" czas="31"/>
    </czasy>
    <tabliczka id="18" mc="1" cechy="NZ">
     <dzien nazwa="w dni robocze">
      <godz h="5">
       <min m="00">
       </min>
      </godz>
      <godz h="6">
       <min m="43">
       </min>
      </godz>
      <godz h="11">
       <min m="15" ozn="H" przyp="H - kurs do Leśnicy przez ul. Krępicką">
       </min>
      </godz>
      <godz h="15">
       <min m="07">
       </min>
      </godz>
      <godz h="16">
       <min m="59" ozn="H" przyp="H - kurs do Leśnicy przez ul. Krępicką">
       </min>
      </godz>
     </dzien>
    </tabliczka>
   </przystanek>
   <przystanek id="92056017" nazwa="Kadłub NŻ" ulica=" " cechy="">
    <czasy>
     <przystanek numer="0" id="92056017" nazwa="Kadłub NŻ" czas="0"/>
     <przystanek numer="1" id="92056019" nazwa="Kadłub wieś" czas="2"/>
     <przystanek numer="2" id="90094007" nazwa="Źródła" czas="7"/>
     <przystanek numer="3" id="90094005" nazwa="Błonie" czas="9"/>
     <przystanek numer="4" id="90094003" nazwa="Wróblowice" czas="13"/>
     <przystanek numer="5" id="90094001" nazwa="Krępice" czas="15"/>
     <przystanek numer="6" id="18346" nazwa="ŻAR" czas="19"/>
     <przystanek numer="7" id="18344" nazwa="Mokrzańska" czas="23"/>
     <przystanek numer="8" id="18342" nazwa="Leśnica - Hermes" czas="25"/>
     <przystanek numer="9" id="18311" nazwa="Średzka" czas="26"/>
     <przystanek numer="10" id="18392" nazwa="Rubczaka" czas="27"/>
     <przystanek numer="11" id="18390" nazwa="Rubczaka (Stacja kolejowa)" czas="28"/>
     <przystanek numer="12" id="18388" nazwa="LEŚNICA" czas="29"/>
    </czasy>
    <tabliczka id="19" mc="2" cechy="NZ">
     <dzien nazwa="w dni robocze">
      <godz h="5">
       <min m="02">
       </min>
      </godz>
      <godz h="6">
       <min m="45">
       </min>
      </godz>
      <godz h="11">
       <min m="17" ozn="H" przyp="H - kurs do Leśnicy przez ul. Krępicką">
       </min>
      </godz>
      <godz h="15">
       <min m="09">
       </min>
      </godz>
      <godz h="17">
       <min m="01" ozn="H" przyp="H - kurs do Leśnicy przez ul. Krępicką">
       </min>
      </godz>
     </dzien>
    </tabliczka>
   </przystanek>
   <przystanek id="92056019" nazwa="Kadłub wieś" ulica=" " cechy="">
    <czasy>
     <przystanek numer="0" id="92056019" nazwa="Kadłub wieś" czas="0"/>
     <przystanek numer="1" id="90094007" nazwa="Źródła" czas="5"/>
     <przystanek numer="2" id="90094005" nazwa="Błonie" czas="7"/>
     <przystanek numer="3" id="90094003" nazwa="Wróblowice" czas="11"/>
     <przystanek numer="4" id="90094001" nazwa="Krępice" czas="13"/>
     <przystanek numer="5" id="18346" nazwa="ŻAR" czas="17"/>
     <przystanek numer="6" id="18344" nazwa="Mokrzańska" czas="21"/>
     <przystanek numer="7" id="18342" nazwa="Leśnica - Hermes" czas="23"/>
     <przystanek numer="8" id="18311" nazwa="Średzka" czas="24"/>
     <przystanek numer="9" id="18392" nazwa="Rubczaka" czas="25"/>
     <przystanek numer="10" id="18390" nazwa="Rubczaka (Stacja kolejowa)" czas="26"/>
     <przystanek numer="11" id="18388" nazwa="LEŚNICA" czas="27"/>
    </czasy>
    <tabliczka id="20" mc="2" cechy="NZ">
     <dzien nazwa="w dni robocze">
      <godz h="5">
       <min m="04">
       </min>
      </godz>
      <godz h="6">
       <min m="47">
       </min>
      </godz>
      <godz h="11">
       <min m="19" ozn="H" przyp="H - kurs do Leśnicy przez ul. Krępicką">
       </min>
      </godz>
      <godz h="15">
       <min m="11">
       </min>
      </godz>
      <godz h="17">
       <min m="03" ozn="H" przyp="H - kurs do Leśnicy przez ul. Krępicką">
       </min>
      </godz>
     </dzien>
    </tabliczka>
   </przystanek>
   <przystanek id="90094007" nazwa="Źródła" ulica=" " cechy="">
    <czasy>
     <przystanek numer="0" id="90094007" nazwa="Źródła" czas="0"/>
     <przystanek numer="1" id="90094005" nazwa="Błonie" czas="2"/>
     <przystanek numer="2" id="90094003" nazwa="Wróblowice" czas="6"/>
     <przystanek numer="3" id="90094001" nazwa="Krępice" czas="8"/>
     <przystanek numer="4" id="18346" nazwa="ŻAR" czas="12"/>
     <przystanek numer="5" id="18344" nazwa="Mokrzańska" czas="16"/>
     <przystanek numer="6" id="18342" nazwa="Leśnica - Hermes" czas="18"/>
     <przystanek numer="7" id="18311" nazwa="Średzka" czas="19"/>
     <przystanek numer="8" id="18392" nazwa="Rubczaka" czas="20"/>
     <przystanek numer="9" id="18390" nazwa="Rubczaka (Stacja kolejowa)" czas="21"/>
     <przystanek numer="10" id="18388" nazwa="LEŚNICA" czas="22"/>
    </czasy>
    <tabliczka id="21" mc="4">
     <dzien nazwa="w dni robocze">
      <godz h="5">
       <min m="08">
       </min>
      </godz>
      <godz h="6">
       <min m="52">
       </min>
      </godz>
      <godz h="11">
       <min m="23" ozn="H" przyp="H - kurs do Leśnicy przez ul. Krępicką">
       </min>
      </godz>
      <godz h="15">
       <min m="15">
       </min>
      </godz>
      <godz h="17">
       <min m="07" ozn="H" przyp="H - kurs do Leśnicy przez ul. Krępicką">
       </min>
      </godz>
     </dzien>
    </tabliczka>
   </przystanek>
   <przystanek id="90094005" nazwa="Błonie" ulica=" " cechy="">
    <czasy>
     <przystanek numer="0" id="90094005" nazwa="Błonie" czas="0"/>
     <przystanek numer="1" id="90094003" nazwa="Wróblowice" czas="4"/>
     <przystanek numer="2" id="90094001" nazwa="Krępice" czas="6"/>
     <przystanek numer="3" id="18346" nazwa="ŻAR" czas="10"/>
     <przystanek numer="4" id="18344" nazwa="Mokrzańska" czas="14"/>
     <przystanek numer="5" id="18342" nazwa="Leśnica - Hermes" czas="16"/>
     <przystanek numer="6" id="18311" nazwa="Średzka" czas="17"/>
     <przystanek numer="7" id="18392" nazwa="Rubczaka" czas="18"/>
     <przystanek numer="8" id="18390" nazwa="Rubczaka (Stacja kolejowa)" czas="19"/>
     <przystanek numer="9" id="18388" nazwa="LEŚNICA" czas="20"/>
    </czasy>
    <tabliczka id="22" mc="2">
     <dzien nazwa="w dni robocze">
      <godz h="5">
       <min m="10">
       </min>
      </godz>
      <godz h="6">
       <min m="54">
       </min>
      </godz>
      <godz h="11">
       <min m="25" ozn="H" przyp="H - kurs do Leśnicy przez ul. Krępicką">
       </min>
      </godz>
      <godz h="15">
       <min m="17">
       </min>
      </godz>
      <godz h="17">
       <min m="09" ozn="H" przyp="H - kurs do Leśnicy przez ul. Krępicką">
       </min>
      </godz>
     </dzien>
    </tabliczka>
   </przystanek>
   <przystanek id="90094003" nazwa="Wróblowice" ulica=" " cechy="">
    <czasy>
     <przystanek numer="0" id="90094003" nazwa="Wróblowice" czas="0"/>
     <przystanek numer="1" id="90094001" nazwa="Krępice" czas="2"/>
     <przystanek numer="2" id="18346" nazwa="ŻAR" czas="6"/>
     <przystanek numer="3" id="18344" nazwa="Mokrzańska" czas="10"/>
     <przystanek numer="4" id="18342" nazwa="Leśnica - Hermes" czas="12"/>
     <przystanek numer="5" id="18311" nazwa="Średzka" czas="13"/>
     <przystanek numer="6" id="18392" nazwa="Rubczaka" czas="14"/>
     <przystanek numer="7" id="18390" nazwa="Rubczaka (Stacja kolejowa)" czas="15"/>
     <przystanek numer="8" id="18388" nazwa="LEŚNICA" czas="16"/>
    </czasy>
    <tabliczka id="23" mc="4">
     <dzien nazwa="w dni robocze">
      <godz h="5">
       <min m="14">
       </min>
      </godz>
      <godz h="6">
       <min m="58">
       </min>
      </godz>
      <godz h="11">
       <min m="29" ozn="H" przyp="H - kurs do Leśnicy przez ul. Krępicką">
       </min>
      </godz>
      <godz h="15">
       <min m="21">
       </min>
      </godz>
      <godz h="17">
       <min m="13" ozn="H" przyp="H - kurs do Leśnicy przez ul. Krępicką">
       </min>
      </godz>
     </dzien>
    </tabliczka>
   </przystanek>
   <przystanek id="90094001" nazwa="Krępice" ulica="Średzka" cechy="">
    <czasy>
     <przystanek numer="0" id="90094001" nazwa="Krępice" czas="0"/>
     <przystanek numer="1" id="18346" nazwa="ŻAR" czas="4"/>
     <przystanek numer="2" id="18344" nazwa="Mokrzańska" czas="8"/>
     <przystanek numer="3" id="18342" nazwa="Leśnica - Hermes" czas="10"/>
     <przystanek numer="4" id="18311" nazwa="Średzka" czas="11"/>
     <przystanek numer="5" id="18392" nazwa="Rubczaka" czas="12"/>
     <przystanek numer="6" id="18390" nazwa="Rubczaka (Stacja kolejowa)" czas="13"/>
     <przystanek numer="7" id="18388" nazwa="LEŚNICA" czas="14"/>
    </czasy>
    <tabliczka id="24" mc="2">
     <dzien nazwa="w dni robocze">
      <godz h="5">
       <min m="16">
       </min>
      </godz>
      <godz h="7">
       <min m="00">
       </min>
      </godz>
      <godz h="11">
       <min m="31" ozn="H" przyp="H - kurs do Leśnicy przez ul. Krępicką">
       </min>
      </godz>
      <godz h="15">
       <min m="23">
       </min>
      </godz>
      <godz h="17">
       <min m="15" ozn="H" przyp="H - kurs do Leśnicy przez ul. Krępicką">
       </min>
      </godz>
     </dzien>
    </tabliczka>
   </przystanek>
   <przystanek id="18346" nazwa="ŻAR" ulica="Średzka" cechy="1">
    <czasy>
     <przystanek numer="0" id="18346" nazwa="ŻAR" czas="0"/>
     <przystanek numer="1" id="18344" nazwa="Mokrzańska" czas="4"/>
     <przystanek numer="2" id="18342" nazwa="Leśnica - Hermes" czas="6"/>
     <przystanek numer="3" id="18311" nazwa="Średzka" czas="7"/>
     <przystanek numer="4" id="18392" nazwa="Rubczaka" czas="8"/>
     <przystanek numer="5" id="18390" nazwa="Rubczaka (Stacja kolejowa)" czas="9"/>
     <przystanek numer="6" id="18388" nazwa="LEŚNICA" czas="10"/>
    </czasy>
    <tabliczka id="25" mc="3">
     <dzien nazwa="w dni robocze">
      <godz h="5">
       <min m="18">
       </min>
      </godz>
      <godz h="7">
       <min m="03">
       </min>
      </godz>
      <godz h="11">
       <min m="34" ozn="H" przyp="H - kurs do Leśnicy przez ul. Krępicką">
       </min>
      </godz>
      <godz h="15">
       <min m="26">
       </min>
      </godz>
      <godz h="17">
       <min m="18" ozn="H" przyp="H - kurs do Leśnicy przez ul. Krępicką">
       </min>
      </godz>
     </dzien>
    </tabliczka>
   </przystanek>
   <przystanek id="18344" nazwa="Mokrzańska" ulica="Średzka" cechy="">
    <czasy>
     <przystanek numer="0" id="18344" nazwa="Mokrzańska" czas="0"/>
     <przystanek numer="1" id="18342" nazwa="Leśnica - Hermes" czas="2"/>
     <przystanek numer="2" id="18311" nazwa="Średzka" czas="3"/>
     <przystanek numer="3" id="18392" nazwa="Rubczaka" czas="4"/>
     <przystanek numer="4" id="18390" nazwa="Rubczaka (Stacja kolejowa)" czas="5"/>
     <przystanek numer="5" id="18388" nazwa="LEŚNICA" czas="6"/>
    </czasy>
    <tabliczka id="26" mc="3" cechy="NZ">
     <dzien nazwa="w dni robocze">
      <godz h="5">
       <min m="20">
       </min>
      </godz>
      <godz h="7">
       <min m="06">
       </min>
      </godz>
      <godz h="15">
       <min m="29">
       </min>
      </godz>
     </dzien>
    </tabliczka>
   </przystanek>
   <przystanek id="18342" nazwa="Leśnica - Hermes" ulica="Średzka" cechy="">
    <czasy>
     <przystanek numer="0" id="18342" nazwa="Leśnica - Hermes" czas="0"/>
     <przystanek numer="1" id="18311" nazwa="Średzka" czas="1"/>
     <przystanek numer="2" id="18392" nazwa="Rubczaka" czas="2"/>
     <przystanek numer="3" id="18390" nazwa="Rubczaka (Stacja kolejowa)" czas="3"/>
     <przystanek numer="4" id="18388" nazwa="LEŚNICA" czas="4"/>
    </czasy>
    <tabliczka id="27" mc="2">
     <dzien nazwa="w dni robocze">
      <godz h="5">
       <min m="22">
       </min>
      </godz>
      <godz h="7">
       <min m="08">
       </min>
      </godz>
      <godz h="15">
       <min m="31">
       </min>
      </godz>
     </dzien>
    </tabliczka>
   </przystanek>
   <przystanek id="18311" nazwa="Średzka" ulica="Trzmielowicka" cechy="">
    <czasy>
     <przystanek numer="0" id="18311" nazwa="Średzka" czas="0"/>
     <przystanek numer="1" id="18392" nazwa="Rubczaka" czas="1"/>
     <przystanek numer="2" id="18390" nazwa="Rubczaka (Stacja kolejowa)" czas="2"/>
     <przystanek numer="3" id="18388" nazwa="LEŚNICA" czas="3"/>
    </czasy>
    <tabliczka id="28" mc="1">
     <dzien nazwa="w dni robocze">
      <godz h="5">
       <min m="23">
       </min>
      </godz>
      <godz h="7">
       <min m="09">
       </min>
      </godz>
      <godz h="11">
       <min m="43" ozn="H" przyp="H - kurs do Leśnicy przez ul. Krępicką">
       </min>
      </godz>
      <godz h="15">
       <min m="32">
       </min>
      </godz>
      <godz h="17">
       <min m="28" ozn="H" przyp="H - kurs do Leśnicy przez ul. Krępicką">
       </min>
      </godz>
     </dzien>
    </tabliczka>
   </przystanek>
   <przystanek id="18392" nazwa="Rubczaka" ulica="Rubczaka" cechy="">
    <czasy>
     <przystanek numer="0" id="18392" nazwa="Rubczaka" czas="0"/>
     <przystanek numer="1" id="18390" nazwa="Rubczaka (Stacja kolejowa)" czas="1"/>
     <przystanek numer="2" id="18388" nazwa="LEŚNICA" czas="2"/>
    </czasy>
    <tabliczka id="29" mc="1" cechy="NZ">
     <dzien nazwa="w dni robocze">
      <godz h="5">
       <min m="24">
       </min>
      </godz>
      <godz h="7">
       <min m="10">
       </min>
      </godz>
      <godz h="11">
       <min m="44" ozn="H" przyp="H - kurs do Leśnicy przez ul. Krępicką">
       </min>
      </godz>
      <godz h="15">
       <min m="33">
       </min>
      </godz>
      <godz h="17">
       <min m="29" ozn="H" przyp="H - kurs do Leśnicy przez ul. Krępicką">
       </min>
      </godz>
     </dzien>
    </tabliczka>
   </przystanek>
   <przystanek id="18390" nazwa="Rubczaka (Stacja kolejowa)" ulica="Rubczaka" cechy="">
    <czasy>
     <przystanek numer="0" id="18390" nazwa="Rubczaka (Stacja kolejowa)" czas="0"/>
     <przystanek numer="1" id="18388" nazwa="LEŚNICA" czas="1"/>
    </czasy>
    <tabliczka id="30" mc="1">
     <dzien nazwa="w dni robocze">
      <godz h="5">
       <min m="25">
       </min>
      </godz>
      <godz h="7">
       <min m="11">
       </min>
      </godz>
      <godz h="11">
       <min m="45" ozn="H" przyp="H - kurs do Leśnicy przez ul. Krępicką">
       </min>
      </godz>
      <godz h="15">
       <min m="34">
       </min>
      </godz>
      <godz h="17">
       <min m="30" ozn="H" przyp="H - kurs do Leśnicy przez ul. Krępicką">
       </min>
      </godz>
     </dzien>
    </tabliczka>
   </przystanek>
   <przystanek id="18388" nazwa="LEŚNICA" ulica="Płońskiego" cechy="">
    <czasy>
    </czasy>
   </przystanek>
  </wariant>
  <wariant id="3" nazwa="LEŚNICA - Miękinia - pętla" obj="Krępicka">
   <przystanek id="18388" nazwa="LEŚNICA" ulica="Płońskiego" cechy="">
    <czasy>
     <przystanek numer="0" id="18388" nazwa="LEŚNICA" czas="0"/>
     <przystanek numer="1" id="18389" nazwa="Rubczaka (Stacja kolejowa)" czas="2"/>
     <przystanek numer="2" id="18391" nazwa="Rubczaka" czas="3"/>
     <przystanek numer="3" id="18312" nazwa="Średzka" czas="4"/>
     <przystanek numer="4" id="18341" nazwa="Leśnica - Hermes" czas="6"/>
     <przystanek numer="5" id="18343" nazwa="Mokrzańska" czas="8"/>
     <przystanek numer="6" id="18347" nazwa="ŻAR" czas="10"/>
     <przystanek numer="7" id="90094002" nazwa="Krępice" czas="12"/>
     <przystanek numer="8" id="90094004" nazwa="Wróblowice" czas="14"/>
     <przystanek numer="9" id="90094006" nazwa="Błonie" czas="17"/>
     <przystanek numer="10" id="90094008" nazwa="Źródła" czas="19"/>
     <przystanek numer="11" id="92056020" nazwa="Kadłub wieś" czas="22"/>
     <przystanek numer="12" id="92056018" nazwa="Kadłub NŻ" czas="23"/>
     <przystanek numer="13" id="92056015" nazwa="Miękinia Cegielnia" czas="25"/>
     <przystanek numer="14" id="92056014" nazwa="Miękinia - stacja PKP" czas="26"/>
     <przystanek numer="15" id="92056021" nazwa="Miękinia - pętla" czas="29"/>
    </czasy>
    <tabliczka id="1" mc="0">
     <dzien nazwa="w dni robocze">
      <godz h="6">
       <min m="10">
       </min>
      </godz>
      <godz h="10">
       <min m="25">
       </min>
      </godz>
      <godz h="14">
       <min m="20">
       </min>
      </godz>
      <godz h="16">
       <min m="15" ozn="M" przyp="M - kurs do Miękinii przez ul. Krępicką">
       </min>
      </godz>
     </dzien>
    </tabliczka>
   </przystanek>
   <przystanek id="18389" nazwa="Rubczaka (Stacja kolejowa)" ulica="Rubczaka" cechy="">
    <czasy>
     <przystanek numer="0" id="18389" nazwa="Rubczaka (Stacja kolejowa)" czas="0"/>
     <przystanek numer="1" id="18391" nazwa="Rubczaka" czas="1"/>
     <przystanek numer="2" id="18312" nazwa="Średzka" czas="2"/>
     <przystanek numer="3" id="18341" nazwa="Leśnica - Hermes" czas="4"/>
     <przystanek numer="4" id="18343" nazwa="Mokrzańska" czas="6"/>
     <przystanek numer="5" id="18347" nazwa="ŻAR" czas="8"/>
     <przystanek numer="6" id="90094002" nazwa="Krępice" czas="10"/>
     <przystanek numer="7" id="90094004" nazwa="Wróblowice" czas="12"/>
     <przystanek numer="8" id="90094006" nazwa="Błonie" czas="15"/>
     <przystanek numer="9" id="90094008" nazwa="Źródła" czas="17"/>
     <przystanek numer="10" id="92056020" nazwa="Kadłub wieś" czas="20"/>
     <przystanek numer="11" id="92056018" nazwa="Kadłub NŻ" czas="21"/>
     <przystanek numer="12" id="92056015" nazwa="Miękinia Cegielnia" czas="23"/>
     <przystanek numer="13" id="92056014" nazwa="Miękinia - stacja PKP" czas="24"/>
     <przystanek numer="14" id="92056021" nazwa="Miękinia - pętla" czas="27"/>
    </czasy>
    <tabliczka id="2" mc="2">
     <dzien nazwa="w dni robocze">
      <godz h="6">
       <min m="12">
       </min>
      </godz>
      <godz h="10">
       <min m="27">
       </min>
      </godz>
      <godz h="14">
       <min m="22">
       </min>
      </godz>
      <godz h="16">
       <min m="17" ozn="M" przyp="M - kurs do Miękinii przez ul. Krępicką">
       </min>
      </godz>
     </dzien>
    </tabliczka>
   </przystanek>
   <przystanek id="18391" nazwa="Rubczaka" ulica="Rubczaka" cechy="">
    <czasy>
     <przystanek numer="0" id="18391" nazwa="Rubczaka" czas="0"/>
     <przystanek numer="1" id="18312" nazwa="Średzka" czas="1"/>
     <przystanek numer="2" id="18341" nazwa="Leśnica - Hermes" czas="3"/>
     <przystanek numer="3" id="18343" nazwa="Mokrzańska" czas="5"/>
     <przystanek numer="4" id="18347" nazwa="ŻAR" czas="7"/>
     <przystanek numer="5" id="90094002" nazwa="Krępice" czas="9"/>
     <przystanek numer="6" id="90094004" nazwa="Wróblowice" czas="11"/>
     <przystanek numer="7" id="90094006" nazwa="Błonie" czas="14"/>
     <przystanek numer="8" id="90094008" nazwa="Źródła" czas="16"/>
     <przystanek numer="9" id="92056020" nazwa="Kadłub wieś" czas="19"/>
     <przystanek numer="10" id="92056018" nazwa="Kadłub NŻ" czas="20"/>
     <przystanek numer="11" id="92056015" nazwa="Miękinia Cegielnia" czas="22"/>
     <przystanek numer="12" id="92056014" nazwa="Miękinia - stacja PKP" czas="23"/>
     <przystanek numer="13" id="92056021" nazwa="Miękinia - pętla" czas="26"/>
    </czasy>
    <tabliczka id="3" mc="1" cechy="NZ">
     <dzien nazwa="w dni robocze">
      <godz h="6">
       <min m="13">
       </min>
      </godz>
      <godz h="10">
       <min m="28">
       </min>
      </godz>
      <godz h="14">
       <min m="23">
       </min>
      </godz>
      <godz h="16">
       <min m="18" ozn="M" przyp="M - kurs do Miękinii przez ul. Krępicką">
       </min>
      </godz>
     </dzien>
    </tabliczka>
   </przystanek>
   <przystanek id="18312" nazwa="Średzka" ulica="Trzmielowicka" cechy="">
    <czasy>
     <przystanek numer="0" id="18312" nazwa="Średzka" czas="0"/>
     <przystanek numer="1" id="18341" nazwa="Leśnica - Hermes" czas="2"/>
     <przystanek numer="2" id="18343" nazwa="Mokrzańska" czas="4"/>
     <przystanek numer="3" id="18347" nazwa="ŻAR" czas="6"/>
     <przystanek numer="4" id="90094002" nazwa="Krępice" czas="8"/>
     <przystanek numer="5" id="90094004" nazwa="Wróblowice" czas="10"/>
     <przystanek numer="6" id="90094006" nazwa="Błonie" czas="13"/>
     <przystanek numer="7" id="90094008" nazwa="Źródła" czas="15"/>
     <przystanek numer="8" id="92056020" nazwa="Kadłub wieś" czas="18"/>
     <przystanek numer="9" id="92056018" nazwa="Kadłub NŻ" czas="19"/>
     <przystanek numer="10" id="92056015" nazwa="Miękinia Cegielnia" czas="21"/>
     <przystanek numer="11" id="92056014" nazwa="Miękinia - stacja PKP" czas="22"/>
     <przystanek numer="12" id="92056021" nazwa="Miękinia - pętla" czas="25"/>
    </czasy>
    <tabliczka id="4" mc="1">
     <dzien nazwa="w dni robocze">
      <godz h="6">
       <min m="14">
       </min>
      </godz>
      <godz h="10">
       <min m="29">
       </min>
      </godz>
      <godz h="14">
       <min m="24">
       </min>
      </godz>
      <godz h="16">
       <min m="19" ozn="M" przyp="M - kurs do Miękinii przez ul. Krępicką">
       </min>
      </godz>
     </dzien>
    </tabliczka>
   </przystanek>
   <przystanek id="18351" nazwa="Eluarda" ulica="Dolnobrzeska" cechy="">
    <czasy>
     <przystanek numer="0" id="18351" nazwa="Eluarda" czas="0"/>
     <przystanek numer="1" id="18303" nazwa="Zajazdowa" czas="1"/>
     <przystanek numer="2" id="18305" nazwa="Krępicka - szkoła" czas="3"/>
     <przystanek numer="3" id="18361" nazwa="Krępicka" czas="4"/>
     <przystanek numer="4" id="18363" nazwa="Krępicka" czas="5"/>
     <przystanek numer="5" id="18343" nazwa="Mokrzańska" czas="6"/>
     <przystanek numer="6" id="18347" nazwa="ŻAR" czas="8"/>
     <przystanek numer="7" id="90094002" nazwa="Krępice" czas="10"/>
     <przystanek numer="8" id="90094004" nazwa="Wróblowice" czas="12"/>
     <przystanek numer="9" id="90094006" nazwa="Błonie" czas="15"/>
     <przystanek numer="10" id="90094008" nazwa="Źródła" czas="17"/>
     <przystanek numer="11" id="92056020" nazwa="Kadłub wieś" czas="20"/>
     <przystanek numer="12" id="92056018" nazwa="Kadłub NŻ" czas="21"/>
     <przystanek numer="13" id="92056015" nazwa="Miękinia Cegielnia" czas="23"/>
     <przystanek numer="14" id="92056014" nazwa="Miękinia - stacja PKP" czas="24"/>
     <przystanek numer="15" id="92056021" nazwa="Miękinia - pętla" czas="27"/>
    </czasy>
    <tabliczka id="31" mc="1">
     <dzien nazwa="w dni robocze">
      <godz h="16">
       <min m="21">
       </min>
      </godz>
     </dzien>
    </tabliczka>
   </przystanek>
   <przystanek id="18303" nazwa="Zajazdowa" ulica="Krępicka" cechy="">
    <czasy>
     <przystanek numer="0" id="18303" nazwa="Zajazdowa" czas="0"/>
     <przystanek numer="1" id="18305" nazwa="Krępicka - szkoła" czas="2"/>
     <przystanek numer="2" id="18361" nazwa="Krępicka" czas="3"/>
     <przystanek numer="3" id="18363" nazwa="Krępicka" czas="4"/>
     <przystanek numer="4" id="18343" nazwa="Mokrzańska" czas="5"/>
     <przystanek numer="5" id="18347" nazwa="ŻAR" czas="7"/>
     <przystanek numer="6" id="90094002" nazwa="Krępice" czas="9"/>
     <przystanek numer="7" id="90094004" nazwa="Wróblowice" czas="11"/>
     <przystanek numer="8" id="90094006" nazwa="Błonie" czas="14"/>
     <przystanek numer="9" id="90094008" nazwa="Źródła" czas="16"/>
     <przystanek numer="10" id="92056020" nazwa="Kadłub wieś" czas="19"/>
     <przystanek numer="11" id="92056018" nazwa="Kadłub NŻ" czas="20"/>
     <przystanek numer="12" id="92056015" nazwa="Miękinia Cegielnia" czas="22"/>
     <przystanek numer="13" id="92056014" nazwa="Miękinia - stacja PKP" czas="23"/>
     <przystanek numer="14" id="92056021" nazwa="Miękinia - pętla" czas="26"/>
    </czasy>
    <tabliczka id="32" mc="1" cechy="NZ">
     <dzien nazwa="w dni robocze">
      <godz h="16">
       <min m="22">
       </min>
      </godz>
     </dzien>
    </tabliczka>
   </przystanek>
   <przystanek id="18305" nazwa="Krępicka - szkoła" ulica="Krępicka" cechy="">
    <czasy>
     <przystanek numer="0" id="18305" nazwa="Krępicka - szkoła" czas="0"/>
     <przystanek numer="1" id="18361" nazwa="Krępicka" czas="1"/>
     <przystanek numer="2" id="18363" nazwa="Krępicka" czas="2"/>
     <przystanek numer="3" id="18343" nazwa="Mokrzańska" czas="3"/>
     <przystanek numer="4" id="18347" nazwa="ŻAR" czas="5"/>
     <przystanek numer="5" id="90094002" nazwa="Krępice" czas="7"/>
     <przystanek numer="6" id="90094004" nazwa="Wróblowice" czas="9"/>
     <przystanek numer="7" id="90094006" nazwa="Błonie" czas="12"/>
     <przystanek numer="8" id="90094008" nazwa="Źródła" czas="14"/>
     <przystanek numer="9" id="92056020" nazwa="Kadłub wieś" czas="17"/>
     <przystanek numer="10" id="92056018" nazwa="Kadłub NŻ" czas="18"/>
     <przystanek numer="11" id="92056015" nazwa="Miękinia Cegielnia" czas="20"/>
     <przystanek numer="12" id="92056014" nazwa="Miękinia - stacja PKP" czas="21"/>
     <przystanek numer="13" id="92056021" nazwa="Miękinia - pętla" czas="24"/>
    </czasy>
    <tabliczka id="33" mc="2">
     <dzien nazwa="w dni robocze">
      <godz h="16">
       <min m="24">
       </min>
      </godz>
     </dzien>
    </tabliczka>
   </przystanek>
   <przystanek id="18361" nazwa="Krępicka" ulica="Krępicka" cechy="">
    <czasy>
     <przystanek numer="0" id="18361" nazwa="Krępicka" czas="0"/>
     <przystanek numer="1" id="18363" nazwa="Krępicka" czas="1"/>
     <przystanek numer="2" id="18343" nazwa="Mokrzańska" czas="2"/>
     <przystanek numer="3" id="18347" nazwa="ŻAR" czas="4"/>
     <przystanek numer="4" id="90094002" nazwa="Krępice" czas="6"/>
     <przystanek numer="5" id="90094004" nazwa="Wróblowice" czas="8"/>
     <przystanek numer="6" id="90094006" nazwa="Błonie" czas="11"/>
     <przystanek numer="7" id="90094008" nazwa="Źródła" czas="13"/>
     <przystanek numer="8" id="92056020" nazwa="Kadłub wieś" czas="16"/>
     <przystanek numer="9" id="92056018" nazwa="Kadłub NŻ" czas="17"/>
     <przystanek numer="10" id="92056015" nazwa="Miękinia Cegielnia" czas="19"/>
     <przystanek numer="11" id="92056014" nazwa="Miękinia - stacja PKP" czas="20"/>
     <przystanek numer="12" id="92056021" nazwa="Miękinia - pętla" czas="23"/>
    </czasy>
    <tabliczka id="34" mc="1" cechy="NZ">
     <dzien nazwa="w dni robocze">
      <godz h="16">
       <min m="25">
       </min>
      </godz>
     </dzien>
    </tabliczka>
   </przystanek>
   <przystanek id="18363" nazwa="Krępicka" ulica="Mokrzańska" cechy="">
    <czasy>
     <przystanek numer="0" id="18363" nazwa="Krępicka" czas="0"/>
     <przystanek numer="1" id="18343" nazwa="Mokrzańska" czas="1"/>
     <przystanek numer="2" id="18347" nazwa="ŻAR" czas="3"/>
     <przystanek numer="3" id="90094002" nazwa="Krępice" czas="5"/>
     <przystanek numer="4" id="90094004" nazwa="Wróblowice" czas="7"/>
     <przystanek numer="5" id="90094006" nazwa="Błonie" czas="10"/>
     <przystanek numer="6" id="90094008" nazwa="Źródła" czas="12"/>
     <przystanek numer="7" id="92056020" nazwa="Kadłub wieś" czas="15"/>
     <przystanek numer="8" id="92056018" nazwa="Kadłub NŻ" czas="16"/>
     <przystanek numer="9" id="92056015" nazwa="Miękinia Cegielnia" czas="18"/>
     <przystanek numer="10" id="92056014" nazwa="Miękinia - stacja PKP" czas="19"/>
     <przystanek numer="11" id="92056021" nazwa="Miękinia - pętla" czas="22"/>
    </czasy>
    <tabliczka id="35" mc="1" cechy="NZ">
     <dzien nazwa="w dni robocze">
      <godz h="16">
       <min m="26">
       </min>
      </godz>
     </dzien>
    </tabliczka>
   </przystanek>
   <przystanek id="18343" nazwa="Mokrzańska" ulica="Średzka" cechy="">
    <czasy>
     <przystanek numer="0" id="18343" nazwa="Mokrzańska" czas="0"/>
     <przystanek numer="1" id="18347" nazwa="ŻAR" czas="2"/>
     <przystanek numer="2" id="90094002" nazwa="Krępice" czas="4"/>
     <przystanek numer="3" id="90094004" nazwa="Wróblowice" czas="6"/>
     <przystanek numer="4" id="90094006" nazwa="Błonie" czas="9"/>
     <przystanek numer="5" id="90094008" nazwa="Źródła" czas="11"/>
     <przystanek numer="6" id="92056020" nazwa="Kadłub wieś" czas="14"/>
     <przystanek numer="7" id="92056018" nazwa="Kadłub NŻ" czas="15"/>
     <przystanek numer="8" id="92056015" nazwa="Miękinia Cegielnia" czas="17"/>
     <przystanek numer="9" id="92056014" nazwa="Miękinia - stacja PKP" czas="18"/>
     <przystanek numer="10" id="92056021" nazwa="Miękinia - pętla" czas="21"/>
    </czasy>
    <tabliczka id="6" mc="1" cechy="NZ">
     <dzien nazwa="w dni robocze">
      <godz h="6">
       <min m="17">
       </min>
      </godz>
      <godz h="10">
       <min m="32">
       </min>
      </godz>
      <godz h="14">
       <min m="28">
       </min>
      </godz>
      <godz h="16">
       <min m="27">
       </min>
      </godz>
     </dzien>
    </tabliczka>
   </przystanek>
   <przystanek id="18347" nazwa="ŻAR" ulica="Średzka" cechy="1">
    <czasy>
     <przystanek numer="0" id="18347" nazwa="ŻAR" czas="0"/>
     <przystanek numer="1" id="90094002" nazwa="Krępice" czas="2"/>
     <przystanek numer="2" id="90094004" nazwa="Wróblowice" czas="4"/>
     <przystanek numer="3" id="90094006" nazwa="Błonie" czas="7"/>
     <przystanek numer="4" id="90094008" nazwa="Źródła" czas="9"/>
     <przystanek numer="5" id="92056020" nazwa="Kadłub wieś" czas="12"/>
     <przystanek numer="6" id="92056018" nazwa="Kadłub NŻ" czas="13"/>
     <przystanek numer="7" id="92056015" nazwa="Miękinia Cegielnia" czas="15"/>
     <przystanek numer="8" id="92056014" nazwa="Miękinia - stacja PKP" czas="16"/>
     <przystanek numer="9" id="92056021" nazwa="Miękinia - pętla" czas="19"/>
    </czasy>
    <tabliczka id="7" mc="2">
     <dzien nazwa="w dni robocze">
      <godz h="6">
       <min m="19">
       </min>
      </godz>
      <godz h="10">
       <min m="34">
       </min>
      </godz>
      <godz h="14">
       <min m="30">
       </min>
      </godz>
      <godz h="16">
       <min m="29">
       </min>
      </godz>
     </dzien>
    </tabliczka>
   </przystanek>
   <przystanek id="90094002" nazwa="Krępice" ulica="Średzka" cechy="">
    <czasy>
     <przystanek numer="0" id="90094002" nazwa="Krępice" czas="0"/>
     <przystanek numer="1" id="90094004" nazwa="Wróblowice" czas="2"/>
     <przystanek numer="2" id="90094006" nazwa="Błonie" czas="5"/>
     <przystanek numer="3" id="90094008" nazwa="Źródła" czas="7"/>
     <przystanek numer="4" id="92056020" nazwa="Kadłub wieś" czas="10"/>
     <przystanek numer="5" id="92056018" nazwa="Kadłub NŻ" czas="11"/>
     <przystanek numer="6" id="92056015" nazwa="Miękinia Cegielnia" czas="13"/>
     <przystanek numer="7" id="92056014" nazwa="Miękinia - stacja PKP" czas="14"/>
     <przystanek numer="8" id="92056021" nazwa="Miękinia - pętla" czas="17"/>
    </czasy>
    <tabliczka id="8" mc="2">
     <dzien nazwa="w dni robocze">
      <godz h="6">
       <min m="21">
       </min>
      </godz>
      <godz h="10">
       <min m="36">
       </min>
      </godz>
      <godz h="14">
       <min m="32">
       </min>
      </godz>
      <godz h="16">
       <min m="31">
       </min>
      </godz>
     </dzien>
    </tabliczka>
   </przystanek>
   <przystanek id="90094004" nazwa="Wróblowice" ulica=" " cechy="">
    <czasy>
     <przystanek numer="0" id="90094004" nazwa="Wróblowice" czas="0"/>
     <przystanek numer="1" id="90094006" nazwa="Błonie" czas="3"/>
     <przystanek numer="2" id="90094008" nazwa="Źródła" czas="5"/>
     <przystanek numer="3" id="92056020" nazwa="Kadłub wieś" czas="8"/>
     <przystanek numer="4" id="92056018" nazwa="Kadłub NŻ" czas="9"/>
     <przystanek numer="5" id="92056015" nazwa="Miękinia Cegielnia" czas="11"/>
     <przystanek numer="6" id="92056014" nazwa="Miękinia - stacja PKP" czas="12"/>
     <przystanek numer="7" id="92056021" nazwa="Miękinia - pętla" czas="15"/>
    </czasy>
    <tabliczka id="9" mc="2">
     <dzien nazwa="w dni robocze">
      <godz h="6">
       <min m="23">
       </min>
      </godz>
      <godz h="10">
       <min m="38">
       </min>
      </godz>
      <godz h="14">
       <min m="34">
       </min>
      </godz>
      <godz h="16">
       <min m="33">
       </min>
      </godz>
     </dzien>
    </tabliczka>
   </przystanek>
   <przystanek id="90094006" nazwa="Błonie" ulica=" " cechy="">
    <czasy>
     <przystanek numer="0" id="90094006" nazwa="Błonie" czas="0"/>
     <przystanek numer="1" id="90094008" nazwa="Źródła" czas="2"/>
     <przystanek numer="2" id="92056020" nazwa="Kadłub wieś" czas="5"/>
     <przystanek numer="3" id="92056018" nazwa="Kadłub NŻ" czas="6"/>
     <przystanek numer="4" id="92056015" nazwa="Miękinia Cegielnia" czas="8"/>
     <przystanek numer="5" id="92056014" nazwa="Miękinia - stacja PKP" czas="9"/>
     <przystanek numer="6" id="92056021" nazwa="Miękinia - pętla" czas="12"/>
    </czasy>
    <tabliczka id="10" mc="3">
     <dzien nazwa="w dni robocze">
      <godz h="6">
       <min m="26">
       </min>
      </godz>
      <godz h="10">
       <min m="41">
       </min>
      </godz>
      <godz h="14">
       <min m="37">
       </min>
      </godz>
      <godz h="16">
       <min m="36">
       </min>
      </godz>
     </dzien>
    </tabliczka>
   </przystanek>
   <przystanek id="90094008" nazwa="Źródła" ulica=" " cechy="">
    <czasy>
     <przystanek numer="0" id="90094008" nazwa="Źródła" czas="0"/>
     <przystanek numer="1" id="92056020" nazwa="Kadłub wieś" czas="3"/>
     <przystanek numer="2" id="92056018" nazwa="Kadłub NŻ" czas="4"/>
     <przystanek numer="3" id="92056015" nazwa="Miękinia Cegielnia" czas="6"/>
     <przystanek numer="4" id="92056014" nazwa="Miękinia - stacja PKP" czas="7"/>
     <przystanek numer="5" id="92056021" nazwa="Miękinia - pętla" czas="10"/>
    </czasy>
    <tabliczka id="11" mc="2">
     <dzien nazwa="w dni robocze">
      <godz h="6">
       <min m="28">
       </min>
      </godz>
      <godz h="10">
       <min m="43">
       </min>
      </godz>
      <godz h="14">
       <min m="39">
       </min>
      </godz>
      <godz h="16">
       <min m="38">
       </min>
      </godz>
     </dzien>
    </tabliczka>
   </przystanek>
   <przystanek id="92056020" nazwa="Kadłub wieś" ulica=" " cechy="">
    <czasy>
     <przystanek numer="0" id="92056020" nazwa="Kadłub wieś" czas="0"/>
     <przystanek numer="1" id="92056018" nazwa="Kadłub NŻ" czas="1"/>
     <przystanek numer="2" id="92056015" nazwa="Miękinia Cegielnia" czas="3"/>
     <przystanek numer="3" id="92056014" nazwa="Miękinia - stacja PKP" czas="4"/>
     <przystanek numer="4" id="92056021" nazwa="Miękinia - pętla" czas="7"/>
    </czasy>
    <tabliczka id="12" mc="3" cechy="NZ">
     <dzien nazwa="w dni robocze">
      <godz h="6">
       <min m="31">
       </min>
      </godz>
      <godz h="10">
       <min m="46">
       </min>
      </godz>
      <godz h="14">
       <min m="42">
       </min>
      </godz>
      <godz h="16">
       <min m="41">
       </min>
      </godz>
     </dzien>
    </tabliczka>
   </przystanek>
   <przystanek id="92056018" nazwa="Kadłub NŻ" ulica=" " cechy="">
    <czasy>
     <przystanek numer="0" id="92056018" nazwa="Kadłub NŻ" czas="0"/>
     <przystanek numer="1" id="92056015" nazwa="Miękinia Cegielnia" czas="2"/>
     <przystanek numer="2" id="92056014" nazwa="Miękinia - stacja PKP" czas="3"/>
     <przystanek numer="3" id="92056021" nazwa="Miękinia - pętla" czas="6"/>
    </czasy>
    <tabliczka id="13" mc="1" cechy="NZ">
     <dzien nazwa="w dni robocze">
      <godz h="6">
       <min m="32">
       </min>
      </godz>
      <godz h="10">
       <min m="47">
       </min>
      </godz>
      <godz h="14">
       <min m="43">
       </min>
      </godz>
      <godz h="16">
       <min m="42">
       </min>
      </godz>
     </dzien>
    </tabliczka>
   </przystanek>
   <przystanek id="92056015" nazwa="Miękinia Cegielnia" ulica="Lipowa" cechy="">
    <czasy>
     <przystanek numer="0" id="92056015" nazwa="Miękinia Cegielnia" czas="0"/>
     <przystanek numer="1" id="92056014" nazwa="Miękinia - stacja PKP" czas="1"/>
     <przystanek numer="2" id="92056021" nazwa="Miękinia - pętla" czas="4"/>
    </czasy>
    <tabliczka id="14" mc="2" cechy="NZ">
     <dzien nazwa="w dni robocze">
      <godz h="6">
       <min m="34">
       </min>
      </godz>
      <godz h="10">
       <min m="49">
       </min>
      </godz>
      <godz h="14">
       <min m="45">
       </min>
      </godz>
      <godz h="16">
       <min m="44">
       </min>
      </godz>
     </dzien>
    </tabliczka>
   </przystanek>
   <przystanek id="92056014" nazwa="Miękinia - stacja PKP" ulica="Kościuszki" cechy="">
    <czasy>
     <przystanek numer="0" id="92056014" nazwa="Miękinia - stacja PKP" czas="0"/>
     <przystanek numer="1" id="92056021" nazwa="Miękinia - pętla" czas="3"/>
    </czasy>
    <tabliczka id="15" mc="1">
     <dzien nazwa="w dni robocze">
      <godz h="6">
       <min m="35">
       </min>
      </godz>
      <godz h="10">
       <min m="50">
       </min>
      </godz>
      <godz h="14">
       <min m="46">
       </min>
      </godz>
      <godz h="16">
       <min m="45">
       </min>
      </godz>
     </dzien>
    </tabliczka>
   </przystanek>
   <przystanek id="92056021" nazwa="Miękinia - pętla" ulica="Sportowa" cechy="">
    <czasy>
    </czasy>
   </przystanek>
  </wariant>
  <wariant id="4" nazwa="Miękinia - pętla - LEŚNICA" obj="na137 p. Krępicka">
   <przystanek id="92056021" nazwa="Miękinia - pętla" ulica="Sportowa" cechy="">
    <czasy>
     <przystanek numer="0" id="92056021" nazwa="Miękinia - pętla" czas="0"/>
     <przystanek numer="1" id="92056013" nazwa="Miękinia - stacja PKP" czas="2"/>
     <przystanek numer="2" id="92056016" nazwa="Miękinia Cegielnia" czas="3"/>
     <przystanek numer="3" id="92056017" nazwa="Kadłub NŻ" czas="5"/>
     <przystanek numer="4" id="92056019" nazwa="Kadłub wieś" czas="7"/>
     <przystanek numer="5" id="90094007" nazwa="Źródła" czas="12"/>
     <przystanek numer="6" id="90094005" nazwa="Błonie" czas="14"/>
     <przystanek numer="7" id="90094003" nazwa="Wróblowice" czas="18"/>
     <przystanek numer="8" id="90094001" nazwa="Krępice" czas="20"/>
     <przystanek numer="9" id="18346" nazwa="ŻAR" czas="24"/>
     <przystanek numer="10" id="18344" nazwa="Mokrzańska" czas="28"/>
     <przystanek numer="11" id="18342" nazwa="Leśnica - Hermes" czas="30"/>
     <przystanek numer="12" id="18311" nazwa="Średzka" czas="31"/>
     <przystanek numer="13" id="18392" nazwa="Rubczaka" czas="32"/>
     <przystanek numer="14" id="18390" nazwa="Rubczaka (Stacja kolejowa)" czas="33"/>
     <przystanek numer="15" id="18388" nazwa="LEŚNICA" czas="34"/>
    </czasy>
    <tabliczka id="16" mc="0">
     <dzien nazwa="w dni robocze">
      <godz h="4">
       <min m="57">
       </min>
      </godz>
      <godz h="6">
       <min m="40">
       </min>
      </godz>
      <godz h="11">
       <min m="12" ozn="H" przyp="H - kurs do Leśnicy przez ul. Krępicką">
       </min>
      </godz>
      <godz h="15">
       <min m="04">
       </min>
      </godz>
      <godz h="16">
       <min m="56" ozn="H" przyp="H - kurs do Leśnicy przez ul. Krępicką">
       </min>
      </godz>
     </dzien>
    </tabliczka>
   </przystanek>
   <przystanek id="92056013" nazwa="Miękinia - stacja PKP" ulica="Kościuszki" cechy="">
    <czasy>
     <przystanek numer="0" id="92056013" nazwa="Miękinia - stacja PKP" czas="0"/>
     <przystanek numer="1" id="92056016" nazwa="Miękinia Cegielnia" czas="1"/>
     <przystanek numer="2" id="92056017" nazwa="Kadłub NŻ" czas="3"/>
     <przystanek numer="3" id="92056019" nazwa="Kadłub wieś" czas="5"/>
     <przystanek numer="4" id="90094007" nazwa="Źródła" czas="10"/>
     <przystanek numer="5" id="90094005" nazwa="Błonie" czas="12"/>
     <przystanek numer="6" id="90094003" nazwa="Wróblowice" czas="16"/>
     <przystanek numer="7" id="90094001" nazwa="Krępice" czas="18"/>
     <przystanek numer="8" id="18346" nazwa="ŻAR" czas="22"/>
     <przystanek numer="9" id="18344" nazwa="Mokrzańska" czas="26"/>
     <przystanek numer="10" id="18342" nazwa="Leśnica - Hermes" czas="28"/>
     <przystanek numer="11" id="18311" nazwa="Średzka" czas="29"/>
     <przystanek numer="12" id="18392" nazwa="Rubczaka" czas="30"/>
     <przystanek numer="13" id="18390" nazwa="Rubczaka (Stacja kolejowa)" czas="31"/>
     <przystanek numer="14" id="18388" nazwa="LEŚNICA" czas="32"/>
    </czasy>
    <tabliczka id="17" mc="2">
     <dzien nazwa="w dni robocze">
      <godz h="4">
       <min m="59">
       </min>
      </godz>
      <godz h="6">
       <min m="42">
       </min>
      </godz>
      <godz h="11">
       <min m="14" ozn="H" przyp="H - kurs do Leśnicy przez ul. Krępicką">
       </min>
      </godz>
      <godz h="15">
       <min m="06">
       </min>
      </godz>
      <godz h="16">
       <min m="58" ozn="H" przyp="H - kurs do Leśnicy przez ul. Krępicką">
       </min>
      </godz>
     </dzien>
    </tabliczka>
   </przystanek>
   <przystanek id="92056016" nazwa="Miękinia Cegielnia" ulica="Lipowa" cechy="">
    <czasy>
     <przystanek numer="0" id="92056016" nazwa="Miękinia Cegielnia" czas="0"/>
     <przystanek numer="1" id="92056017" nazwa="Kadłub NŻ" czas="2"/>
     <przystanek numer="2" id="92056019" nazwa="Kadłub wieś" czas="4"/>
     <przystanek numer="3" id="90094007" nazwa="Źródła" czas="9"/>
     <przystanek numer="4" id="90094005" nazwa="Błonie" czas="11"/>
     <przystanek numer="5" id="90094003" nazwa="Wróblowice" czas="15"/>
     <przystanek numer="6" id="90094001" nazwa="Krępice" czas="17"/>
     <przystanek numer="7" id="18346" nazwa="ŻAR" czas="21"/>
     <przystanek numer="8" id="18344" nazwa="Mokrzańska" czas="25"/>
     <przystanek numer="9" id="18342" nazwa="Leśnica - Hermes" czas="27"/>
     <przystanek numer="10" id="18311" nazwa="Średzka" czas="28"/>
     <przystanek numer="11" id="18392" nazwa="Rubczaka" czas="29"/>
     <przystanek numer="12" id="18390" nazwa="Rubczaka (Stacja kolejowa)" czas="30"/>
     <przystanek numer="13" id="18388" nazwa="LEŚNICA" czas="31"/>
    </czasy>
    <tabliczka id="18" mc="1" cechy="NZ">
     <dzien nazwa="w dni robocze">
      <godz h="5">
       <min m="00">
       </min>
      </godz>
      <godz h="6">
       <min m="43">
       </min>
      </godz>
      <godz h="11">
       <min m="15" ozn="H" przyp="H - kurs do Leśnicy przez ul. Krępicką">
       </min>
      </godz>
      <godz h="15">
       <min m="07">
       </min>
      </godz>
      <godz h="16">
       <min m="59" ozn="H" przyp="H - kurs do Leśnicy przez ul. Krępicką">
       </min>
      </godz>
     </dzien>
    </tabliczka>
   </przystanek>
   <przystanek id="92056017" nazwa="Kadłub NŻ" ulica=" " cechy="">
    <czasy>
     <przystanek numer="0" id="92056017" nazwa="Kadłub NŻ" czas="0"/>
     <przystanek numer="1" id="92056019" nazwa="Kadłub wieś" czas="2"/>
     <przystanek numer="2" id="90094007" nazwa="Źródła" czas="7"/>
     <przystanek numer="3" id="90094005" nazwa="Błonie" czas="9"/>
     <przystanek numer="4" id="90094003" nazwa="Wróblowice" czas="13"/>
     <przystanek numer="5" id="90094001" nazwa="Krępice" czas="15"/>
     <przystanek numer="6" id="18346" nazwa="ŻAR" czas="19"/>
     <przystanek numer="7" id="18344" nazwa="Mokrzańska" czas="23"/>
     <przystanek numer="8" id="18342" nazwa="Leśnica - Hermes" czas="25"/>
     <przystanek numer="9" id="18311" nazwa="Średzka" czas="26"/>
     <przystanek numer="10" id="18392" nazwa="Rubczaka" czas="27"/>
     <przystanek numer="11" id="18390" nazwa="Rubczaka (Stacja kolejowa)" czas="28"/>
     <przystanek numer="12" id="18388" nazwa="LEŚNICA" czas="29"/>
    </czasy>
    <tabliczka id="19" mc="2" cechy="NZ">
     <dzien nazwa="w dni robocze">
      <godz h="5">
       <min m="02">
       </min>
      </godz>
      <godz h="6">
       <min m="45">
       </min>
      </godz>
      <godz h="11">
       <min m="17" ozn="H" przyp="H - kurs do Leśnicy przez ul. Krępicką">
       </min>
      </godz>
      <godz h="15">
       <min m="09">
       </min>
      </godz>
      <godz h="17">
       <min m="01" ozn="H" przyp="H - kurs do Leśnicy przez ul. Krępicką">
       </min>
      </godz>
     </dzien>
    </tabliczka>
   </przystanek>
   <przystanek id="92056019" nazwa="Kadłub wieś" ulica=" " cechy="">
    <czasy>
     <przystanek numer="0" id="92056019" nazwa="Kadłub wieś" czas="0"/>
     <przystanek numer="1" id="90094007" nazwa="Źródła" czas="5"/>
     <przystanek numer="2" id="90094005" nazwa="Błonie" czas="7"/>
     <przystanek numer="3" id="90094003" nazwa="Wróblowice" czas="11"/>
     <przystanek numer="4" id="90094001" nazwa="Krępice" czas="13"/>
     <przystanek numer="5" id="18346" nazwa="ŻAR" czas="17"/>
     <przystanek numer="6" id="18344" nazwa="Mokrzańska" czas="21"/>
     <przystanek numer="7" id="18342" nazwa="Leśnica - Hermes" czas="23"/>
     <przystanek numer="8" id="18311" nazwa="Średzka" czas="24"/>
     <przystanek numer="9" id="18392" nazwa="Rubczaka" czas="25"/>
     <przystanek numer="10" id="18390" nazwa="Rubczaka (Stacja kolejowa)" czas="26"/>
     <przystanek numer="11" id="18388" nazwa="LEŚNICA" czas="27"/>
    </czasy>
    <tabliczka id="20" mc="2" cechy="NZ">
     <dzien nazwa="w dni robocze">
      <godz h="5">
       <min m="04">
       </min>
      </godz>
      <godz h="6">
       <min m="47">
       </min>
      </godz>
      <godz h="11">
       <min m="19" ozn="H" przyp="H - kurs do Leśnicy przez ul. Krępicką">
       </min>
      </godz>
      <godz h="15">
       <min m="11">
       </min>
      </godz>
      <godz h="17">
       <min m="03" ozn="H" przyp="H - kurs do Leśnicy przez ul. Krępicką">
       </min>
      </godz>
     </dzien>
    </tabliczka>
   </przystanek>
   <przystanek id="90094007" nazwa="Źródła" ulica=" " cechy="">
    <czasy>
     <przystanek numer="0" id="90094007" nazwa="Źródła" czas="0"/>
     <przystanek numer="1" id="90094005" nazwa="Błonie" czas="2"/>
     <przystanek numer="2" id="90094003" nazwa="Wróblowice" czas="6"/>
     <przystanek numer="3" id="90094001" nazwa="Krępice" czas="8"/>
     <przystanek numer="4" id="18346" nazwa="ŻAR" czas="12"/>
     <przystanek numer="5" id="18344" nazwa="Mokrzańska" czas="16"/>
     <przystanek numer="6" id="18342" nazwa="Leśnica - Hermes" czas="18"/>
     <przystanek numer="7" id="18311" nazwa="Średzka" czas="19"/>
     <przystanek numer="8" id="18392" nazwa="Rubczaka" czas="20"/>
     <przystanek numer="9" id="18390" nazwa="Rubczaka (Stacja kolejowa)" czas="21"/>
     <przystanek numer="10" id="18388" nazwa="LEŚNICA" czas="22"/>
    </czasy>
    <tabliczka id="21" mc="4">
     <dzien nazwa="w dni robocze">
      <godz h="5">
       <min m="08">
       </min>
      </godz>
      <godz h="6">
       <min m="52">
       </min>
      </godz>
      <godz h="11">
       <min m="23" ozn="H" przyp="H - kurs do Leśnicy przez ul. Krępicką">
       </min>
      </godz>
      <godz h="15">
       <min m="15">
       </min>
      </godz>
      <godz h="17">
       <min m="07" ozn="H" przyp="H - kurs do Leśnicy przez ul. Krępicką">
       </min>
      </godz>
     </dzien>
    </tabliczka>
   </przystanek>
   <przystanek id="90094005" nazwa="Błonie" ulica=" " cechy="">
    <czasy>
     <przystanek numer="0" id="90094005" nazwa="Błonie" czas="0"/>
     <przystanek numer="1" id="90094003" nazwa="Wróblowice" czas="4"/>
     <przystanek numer="2" id="90094001" nazwa="Krępice" czas="6"/>
     <przystanek numer="3" id="18346" nazwa="ŻAR" czas="10"/>
     <przystanek numer="4" id="18344" nazwa="Mokrzańska" czas="14"/>
     <przystanek numer="5" id="18342" nazwa="Leśnica - Hermes" czas="16"/>
     <przystanek numer="6" id="18311" nazwa="Średzka" czas="17"/>
     <przystanek numer="7" id="18392" nazwa="Rubczaka" czas="18"/>
     <przystanek numer="8" id="18390" nazwa="Rubczaka (Stacja kolejowa)" czas="19"/>
     <przystanek numer="9" id="18388" nazwa="LEŚNICA" czas="20"/>
    </czasy>
    <tabliczka id="22" mc="2">
     <dzien nazwa="w dni robocze">
      <godz h="5">
       <min m="10">
       </min>
      </godz>
      <godz h="6">
       <min m="54">
       </min>
      </godz>
      <godz h="11">
       <min m="25" ozn="H" przyp="H - kurs do Leśnicy przez ul. Krępicką">
       </min>
      </godz>
      <godz h="15">
       <min m="17">
       </min>
      </godz>
      <godz h="17">
       <min m="09" ozn="H" przyp="H - kurs do Leśnicy przez ul. Krępicką">
       </min>
      </godz>
     </dzien>
    </tabliczka>
   </przystanek>
   <przystanek id="90094003" nazwa="Wróblowice" ulica=" " cechy="">
    <czasy>
     <przystanek numer="0" id="90094003" nazwa="Wróblowice" czas="0"/>
     <przystanek numer="1" id="90094001" nazwa="Krępice" czas="2"/>
     <przystanek numer="2" id="18346" nazwa="ŻAR" czas="6"/>
     <przystanek numer="3" id="18344" nazwa="Mokrzańska" czas="10"/>
     <przystanek numer="4" id="18342" nazwa="Leśnica - Hermes" czas="12"/>
     <przystanek numer="5" id="18311" nazwa="Średzka" czas="13"/>
     <przystanek numer="6" id="18392" nazwa="Rubczaka" czas="14"/>
     <przystanek numer="7" id="18390" nazwa="Rubczaka (Stacja kolejowa)" czas="15"/>
     <przystanek numer="8" id="18388" nazwa="LEŚNICA" czas="16"/>
    </czasy>
    <tabliczka id="23" mc="4">
     <dzien nazwa="w dni robocze">
      <godz h="5">
       <min m="14">
       </min>
      </godz>
      <godz h="6">
       <min m="58">
       </min>
      </godz>
      <godz h="11">
       <min m="29" ozn="H" przyp="H - kurs do Leśnicy przez ul. Krępicką">
       </min>
      </godz>
      <godz h="15">
       <min m="21">
       </min>
      </godz>
      <godz h="17">
       <min m="13" ozn="H" przyp="H - kurs do Leśnicy przez ul. Krępicką">
       </min>
      </godz>
     </dzien>
    </tabliczka>
   </przystanek>
   <przystanek id="90094001" nazwa="Krępice" ulica="Średzka" cechy="">
    <czasy>
     <przystanek numer="0" id="90094001" nazwa="Krępice" czas="0"/>
     <przystanek numer="1" id="18346" nazwa="ŻAR" czas="4"/>
     <przystanek numer="2" id="18344" nazwa="Mokrzańska" czas="8"/>
     <przystanek numer="3" id="18342" nazwa="Leśnica - Hermes" czas="10"/>
     <przystanek numer="4" id="18311" nazwa="Średzka" czas="11"/>
     <przystanek numer="5" id="18392" nazwa="Rubczaka" czas="12"/>
     <przystanek numer="6" id="18390" nazwa="Rubczaka (Stacja kolejowa)" czas="13"/>
     <przystanek numer="7" id="18388" nazwa="LEŚNICA" czas="14"/>
    </czasy>
    <tabliczka id="24" mc="2">
     <dzien nazwa="w dni robocze">
      <godz h="5">
       <min m="16">
       </min>
      </godz>
      <godz h="7">
       <min m="00">
       </min>
      </godz>
      <godz h="11">
       <min m="31" ozn="H" przyp="H - kurs do Leśnicy przez ul. Krępicką">
       </min>
      </godz>
      <godz h="15">
       <min m="23">
       </min>
      </godz>
      <godz h="17">
       <min m="15" ozn="H" przyp="H - kurs do Leśnicy przez ul. Krępicką">
       </min>
      </godz>
     </dzien>
    </tabliczka>
   </przystanek>
   <przystanek id="18346" nazwa="ŻAR" ulica="Średzka" cechy="1">
    <czasy>
     <przystanek numer="0" id="18346" nazwa="ŻAR" czas="0"/>
     <przystanek numer="1" id="18344" nazwa="Mokrzańska" czas="4"/>
     <przystanek numer="2" id="18342" nazwa="Leśnica - Hermes" czas="6"/>
     <przystanek numer="3" id="18311" nazwa="Średzka" czas="7"/>
     <przystanek numer="4" id="18392" nazwa="Rubczaka" czas="8"/>
     <przystanek numer="5" id="18390" nazwa="Rubczaka (Stacja kolejowa)" czas="9"/>
     <przystanek numer="6" id="18388" nazwa="LEŚNICA" czas="10"/>
    </czasy>
    <tabliczka id="25" mc="3">
     <dzien nazwa="w dni robocze">
      <godz h="5">
       <min m="18">
       </min>
      </godz>
      <godz h="7">
       <min m="03">
       </min>
      </godz>
      <godz h="11">
       <min m="34" ozn="H" przyp="H - kurs do Leśnicy przez ul. Krępicką">
       </min>
      </godz>
      <godz h="15">
       <min m="26">
       </min>
      </godz>
      <godz h="17">
       <min m="18" ozn="H" przyp="H - kurs do Leśnicy przez ul. Krępicką">
       </min>
      </godz>
     </dzien>
    </tabliczka>
   </przystanek>
   <przystanek id="18364" nazwa="Mokrzańska" ulica="Mokrzańska" cechy="">
    <czasy>
     <przystanek numer="0" id="18364" nazwa="Mokrzańska" czas="0"/>
     <przystanek numer="1" id="18362" nazwa="Krępicka" czas="1"/>
     <przystanek numer="2" id="18306" nazwa="Krępicka - szkoła" czas="2"/>
     <przystanek numer="3" id="18304" nazwa="Zajazdowa" czas="4"/>
     <przystanek numer="4" id="18352" nazwa="Eluarda" czas="5"/>
     <przystanek numer="5" id="18311" nazwa="Średzka" czas="7"/>
     <przystanek numer="6" id="18392" nazwa="Rubczaka" czas="8"/>
     <przystanek numer="7" id="18390" nazwa="Rubczaka (Stacja kolejowa)" czas="9"/>
     <przystanek numer="8" id="18386" nazwa="LEŚNICA" czas="10"/>
    </czasy>
    <tabliczka id="36" mc="3" cechy="NZ">
     <dzien nazwa="w dni robocze">
      <godz h="11">
       <min m="37">
       </min>
      </godz>
      <godz h="17">
       <min m="21" ozn="H" przyp="H - kurs do Leśnicy przez ul. Krępicką">
       </min>
      </godz>
     </dzien>
    </tabliczka>
   </przystanek>
   <przystanek id="18362" nazwa="Krępicka" ulica="Krępicka" cechy="">
    <czasy>
     <przystanek numer="0" id="18362" nazwa="Krępicka" czas="0"/>
     <przystanek numer="1" id="18306" nazwa="Krępicka - szkoła" czas="1"/>
     <przystanek numer="2" id="18304" nazwa="Zajazdowa" czas="3"/>
     <przystanek numer="3" id="18352" nazwa="Eluarda" czas="4"/>
     <przystanek numer="4" id="18311" nazwa="Średzka" czas="6"/>
     <przystanek numer="5" id="18392" nazwa="Rubczaka" czas="7"/>
     <przystanek numer="6" id="18390" nazwa="Rubczaka (Stacja kolejowa)" czas="8"/>
     <przystanek numer="7" id="18386" nazwa="LEŚNICA" czas="9"/>
    </czasy>
    <tabliczka id="37" mc="1" cechy="NZ">
     <dzien nazwa="w dni robocze">
      <godz h="11">
       <min m="38">
       </min>
      </godz>
      <godz h="17">
       <min m="22" ozn="H" przyp="H - kurs do Leśnicy przez ul. Krępicką">
       </min>
      </godz>
     </dzien>
    </tabliczka>
   </przystanek>
   <przystanek id="18306" nazwa="Krępicka - szkoła" ulica="Krępicka" cechy="">
    <czasy>
     <przystanek numer="0" id="18306" nazwa="Krępicka - szkoła" czas="0"/>
     <przystanek numer="1" id="18304" nazwa="Zajazdowa" czas="2"/>
     <przystanek numer="2" id="18352" nazwa="Eluarda" czas="3"/>
     <przystanek numer="3" id="18311" nazwa="Średzka" czas="5"/>
     <przystanek numer="4" id="18392" nazwa="Rubczaka" czas="6"/>
     <przystanek numer="5" id="18390" nazwa="Rubczaka (Stacja kolejowa)" czas="7"/>
     <przystanek numer="6" id="18386" nazwa="LEŚNICA" czas="8"/>
    </czasy>
    <tabliczka id="38" mc="1">
     <dzien nazwa="w dni robocze">
      <godz h="11">
       <min m="39">
       </min>
      </godz>
      <godz h="17">
       <min m="23" ozn="H" przyp="H - kurs do Leśnicy przez ul. Krępicką">
       </min>
      </godz>
     </dzien>
    </tabliczka>
   </przystanek>
   <przystanek id="18304" nazwa="Zajazdowa" ulica="Krępicka" cechy="">
    <czasy>
     <przystanek numer="0" id="18304" nazwa="Zajazdowa" czas="0"/>
     <przystanek numer="1" id="18352" nazwa="Eluarda" czas="1"/>
     <przystanek numer="2" id="18311" nazwa="Średzka" czas="3"/>
     <przystanek numer="3" id="18392" nazwa="Rubczaka" czas="4"/>
     <przystanek numer="4" id="18390" nazwa="Rubczaka (Stacja kolejowa)" czas="5"/>
     <przystanek numer="5" id="18386" nazwa="LEŚNICA" czas="6"/>
    </czasy>
    <tabliczka id="39" mc="2" cechy="NZ">
     <dzien nazwa="w dni robocze">
      <godz h="11">
       <min m="41">
       </min>
      </godz>
      <godz h="17">
       <min m="25" ozn="H" przyp="H - kurs do Leśnicy przez ul. Krępicką">
       </min>
      </godz>
     </dzien>
    </tabliczka>
   </przystanek>
   <przystanek id="18352" nazwa="Eluarda" ulica="Dolnobrzeska" cechy="">
    <czasy>
     <przystanek numer="0" id="18352" nazwa="Eluarda" czas="0"/>
     <przystanek numer="1" id="18311" nazwa="Średzka" czas="2"/>
     <przystanek numer="2" id="18392" nazwa="Rubczaka" czas="3"/>
     <przystanek numer="3" id="18390" nazwa="Rubczaka (Stacja kolejowa)" czas="4"/>
     <przystanek numer="4" id="18386" nazwa="LEŚNICA" czas="5"/>
    </czasy>
    <tabliczka id="40" mc="1">
     <dzien nazwa="w dni robocze">
      <godz h="11">
       <min m="42">
       </min>
      </godz>
      <godz h="17">
       <min m="26" ozn="H" przyp="H - kurs do Leśnicy przez ul. Krępicką">
       </min>
      </godz>
     </dzien>
    </tabliczka>
   </przystanek>
   <przystanek id="18311" nazwa="Średzka" ulica="Trzmielowicka" cechy="">
    <czasy>
     <przystanek numer="0" id="18311" nazwa="Średzka" czas="0"/>
     <przystanek numer="1" id="18392" nazwa="Rubczaka" czas="1"/>
     <przystanek numer="2" id="18390" nazwa="Rubczaka (Stacja kolejowa)" czas="2"/>
     <przystanek numer="3" id="18388" nazwa="LEŚNICA" czas="3"/>
    </czasy>
    <tabliczka id="28" mc="1">
     <dzien nazwa="w dni robocze">
      <godz h="5">
       <min m="23">
       </min>
      </godz>
      <godz h="7">
       <min m="09">
       </min>
      </godz>
      <godz h="11">
       <min m="43" ozn="H" przyp="H - kurs do Leśnicy przez ul. Krępicką">
       </min>
      </godz>
      <godz h="15">
       <min m="32">
       </min>
      </godz>
      <godz h="17">
       <min m="28" ozn="H" przyp="H - kurs do Leśnicy przez ul. Krępicką">
       </min>
      </godz>
     </dzien>
    </tabliczka>
   </przystanek>
   <przystanek id="18392" nazwa="Rubczaka" ulica="Rubczaka" cechy="">
    <czasy>
     <przystanek numer="0" id="18392" nazwa="Rubczaka" czas="0"/>
     <przystanek numer="1" id="18390" nazwa="Rubczaka (Stacja kolejowa)" czas="1"/>
     <przystanek numer="2" id="18388" nazwa="LEŚNICA" czas="2"/>
    </czasy>
    <tabliczka id="29" mc="1" cechy="NZ">
     <dzien nazwa="w dni robocze">
      <godz h="5">
       <min m="24">
       </min>
      </godz>
      <godz h="7">
       <min m="10">
       </min>
      </godz>
      <godz h="11">
       <min m="44" ozn="H" przyp="H - kurs do Leśnicy przez ul. Krępicką">
       </min>
      </godz>
      <godz h="15">
       <min m="33">
       </min>
      </godz>
      <godz h="17">
       <min m="29" ozn="H" przyp="H - kurs do Leśnicy przez ul. Krępicką">
       </min>
      </godz>
     </dzien>
    </tabliczka>
   </przystanek>
   <przystanek id="18390" nazwa="Rubczaka (Stacja kolejowa)" ulica="Rubczaka" cechy="">
    <czasy>
     <przystanek numer="0" id="18390" nazwa="Rubczaka (Stacja kolejowa)" czas="0"/>
     <przystanek numer="1" id="18388" nazwa="LEŚNICA" czas="1"/>
    </czasy>
    <tabliczka id="30" mc="1">
     <dzien nazwa="w dni robocze">
      <godz h="5">
       <min m="25">
       </min>
      </godz>
      <godz h="7">
       <min m="11">
       </min>
      </godz>
      <godz h="11">
       <min m="45" ozn="H" przyp="H - kurs do Leśnicy przez ul. Krępicką">
       </min>
      </godz>
      <godz h="15">
       <min m="34">
       </min>
      </godz>
      <godz h="17">
       <min m="30" ozn="H" przyp="H - kurs do Leśnicy przez ul. Krępicką">
       </min>
      </godz>
     </dzien>
    </tabliczka>
   </przystanek>
   <przystanek id="18386" nazwa="LEŚNICA" ulica="Płońskiego" cechy="">
    <czasy>
    </czasy>
   </przystanek>
  </wariant>
 </linia>
</linie>
