<?xml version="1.0" encoding="UTF-8" ?>
<linie>
 <linia nazwa="921" typ="Strefowa autobusowa" wazny_od="15.09.2025" wazny_do="">
  <wariant id="1" nazwa="KIEŁCZOWSKA (Cmentarz) - Śliwice" obj="z 121">
   <przystanek id="29926" nazwa="KIEŁCZOWSKA (Cmentarz)" ulica="Kiełczowska" cechy="1">
    <czasy>
     <przystanek numer="0" id="29926" nazwa="KIEŁCZOWSKA (Cmentarz)" czas="0"/>
     <przystanek numer="1" id="29925" nazwa="KIEŁCZOWSKA (Cmentarz)" czas="1"/>
     <przystanek numer="2" id="31920002" nazwa="Kiełczów - Sosnowa" czas="2"/>
     <przystanek numer="3" id="31920004" nazwa="Kiełczów - Biedronka" czas="3"/>
     <przystanek numer="4" id="31920006" nazwa="Kiełczów - Wrocławska" czas="4"/>
     <przystanek numer="5" id="31920008" nazwa="Kiełczów - pętla/Wrocławska" czas="5"/>
     <przystanek numer="6" id="31920010" nazwa="Kiełczów - Zgodna" czas="6"/>
     <przystanek numer="7" id="31920012" nazwa="Śliwice" czas="9"/>
    </czasy>
    <tabliczka id="1" mc="0">
     <dzien nazwa="w dni robocze">
      <godz h="4">
       <min m="47">
       </min>
      </godz>
      <godz h="6">
       <min m="00">
       </min>
       <min m="52">
       </min>
      </godz>
      <godz h="7">
       <min m="25">
       </min>
       <min m="55">
       </min>
      </godz>
      <godz h="8">
       <min m="25">
       </min>
       <min m="40">
       </min>
      </godz>
      <godz h="9">
       <min m="35">
       </min>
      </godz>
      <godz h="10">
       <min m="35">
       </min>
      </godz>
      <godz h="11">
       <min m="35">
       </min>
      </godz>
      <godz h="12">
       <min m="35">
       </min>
      </godz>
      <godz h="13">
       <min m="35">
       </min>
      </godz>
      <godz h="14">
       <min m="25">
       </min>
       <min m="55">
       </min>
      </godz>
      <godz h="15">
       <min m="26">
       </min>
       <min m="56">
       </min>
      </godz>
      <godz h="16">
       <min m="26">
       </min>
       <min m="56">
       </min>
      </godz>
      <godz h="17">
       <min m="25">
       </min>
       <min m="55">
       </min>
      </godz>
      <godz h="18">
       <min m="24">
       </min>
      </godz>
      <godz h="19">
       <min m="34">
       </min>
      </godz>
      <godz h="20">
       <min m="33">
       </min>
      </godz>
      <godz h="21">
       <min m="32">
       </min>
      </godz>
      <godz h="22">
       <min m="33">
       </min>
      </godz>
      <godz h="23">
       <min m="30">
       </min>
      </godz>
     </dzien>
     <dzien nazwa="Sobota">
      <godz h="5">
       <min m="33">
       </min>
      </godz>
      <godz h="6">
       <min m="39">
       </min>
      </godz>
      <godz h="7">
       <min m="39">
       </min>
      </godz>
      <godz h="8">
       <min m="58">
       </min>
      </godz>
      <godz h="9">
       <min m="23">
       </min>
       <min m="59">
       </min>
      </godz>
      <godz h="10">
       <min m="29">
       </min>
       <min m="59">
       </min>
      </godz>
      <godz h="11">
       <min m="29">
       </min>
       <min m="59">
       </min>
      </godz>
      <godz h="12">
       <min m="29">
       </min>
       <min m="59">
       </min>
      </godz>
      <godz h="13">
       <min m="29">
       </min>
       <min m="59">
       </min>
      </godz>
      <godz h="14">
       <min m="29">
       </min>
       <min m="59">
       </min>
      </godz>
      <godz h="15">
       <min m="29">
       </min>
       <min m="59">
       </min>
      </godz>
      <godz h="16">
       <min m="29">
       </min>
       <min m="59">
       </min>
      </godz>
      <godz h="17">
       <min m="29">
       </min>
       <min m="59">
       </min>
      </godz>
      <godz h="18">
       <min m="29">
       </min>
       <min m="59">
       </min>
      </godz>
      <godz h="19">
       <min m="54">
       </min>
      </godz>
      <godz h="20">
       <min m="39">
       </min>
      </godz>
      <godz h="21">
       <min m="37">
       </min>
      </godz>
      <godz h="22">
       <min m="37">
       </min>
      </godz>
      <godz h="23">
       <min m="35">
       </min>
      </godz>
     </dzien>
     <dzien nazwa="Niedziela">
      <godz h="5">
       <min m="33">
       </min>
      </godz>
      <godz h="6">
       <min m="39">
       </min>
      </godz>
      <godz h="7">
       <min m="39">
       </min>
      </godz>
      <godz h="8">
       <min m="58">
       </min>
      </godz>
      <godz h="9">
       <min m="59">
       </min>
      </godz>
      <godz h="10">
       <min m="59">
       </min>
      </godz>
      <godz h="11">
       <min m="59">
       </min>
      </godz>
      <godz h="12">
       <min m="59">
       </min>
      </godz>
      <godz h="13">
       <min m="59">
       </min>
      </godz>
      <godz h="14">
       <min m="59">
       </min>
      </godz>
      <godz h="15">
       <min m="59">
       </min>
      </godz>
      <godz h="16">
       <min m="59">
       </min>
      </godz>
      <godz h="17">
       <min m="59">
       </min>
      </godz>
      <godz h="18">
       <min m="59">
       </min>
      </godz>
      <godz h="19">
       <min m="54">
       </min>
      </godz>
      <godz h="20">
       <min m="39">
       </min>
      </godz>
      <godz h="21">
       <min m="37">
       </min>
      </godz>
     </dzien>
    </tabliczka>
   </przystanek>
   <przystanek id="29925" nazwa="KIEŁCZOWSKA (Cmentarz)" ulica="Kiełczowska" cechy="1">
    <czasy>
     <przystanek numer="0" id="29925" nazwa="KIEŁCZOWSKA (Cmentarz)" czas="0"/>
     <przystanek numer="1" id="31920002" nazwa="Kiełczów - Sosnowa" czas="1"/>
     <przystanek numer="2" id="31920004" nazwa="Kiełczów - Biedronka" czas="2"/>
     <przystanek numer="3" id="31920006" nazwa="Kiełczów - Wrocławska" czas="3"/>
     <przystanek numer="4" id="31920008" nazwa="Kiełczów - pętla/Wrocławska" czas="4"/>
     <przystanek numer="5" id="31920010" nazwa="Kiełczów - Zgodna" czas="5"/>
     <przystanek numer="6" id="31920012" nazwa="Śliwice" czas="8"/>
    </czasy>
    <tabliczka id="2" mc="1">
     <dzien nazwa="w dni robocze">
      <godz h="4">
       <min m="47">
       </min>
      </godz>
      <godz h="6">
       <min m="01">
       </min>
       <min m="53">
       </min>
      </godz>
      <godz h="7">
       <min m="26">
       </min>
       <min m="56">
       </min>
      </godz>
      <godz h="8">
       <min m="26">
       </min>
       <min m="41">
       </min>
      </godz>
      <godz h="9">
       <min m="36">
       </min>
      </godz>
      <godz h="10">
       <min m="36">
       </min>
      </godz>
      <godz h="11">
       <min m="36">
       </min>
      </godz>
      <godz h="12">
       <min m="36">
       </min>
      </godz>
      <godz h="13">
       <min m="36">
       </min>
      </godz>
      <godz h="14">
       <min m="26">
       </min>
       <min m="56">
       </min>
      </godz>
      <godz h="15">
       <min m="27">
       </min>
       <min m="57">
       </min>
      </godz>
      <godz h="16">
       <min m="27">
       </min>
       <min m="57">
       </min>
      </godz>
      <godz h="17">
       <min m="26">
       </min>
       <min m="56">
       </min>
      </godz>
      <godz h="18">
       <min m="25">
       </min>
      </godz>
      <godz h="19">
       <min m="35">
       </min>
      </godz>
      <godz h="20">
       <min m="34">
       </min>
      </godz>
      <godz h="21">
       <min m="33">
       </min>
      </godz>
      <godz h="22">
       <min m="34">
       </min>
      </godz>
      <godz h="23">
       <min m="30">
       </min>
      </godz>
     </dzien>
     <dzien nazwa="Sobota">
      <godz h="5">
       <min m="33">
       </min>
      </godz>
      <godz h="6">
       <min m="40">
       </min>
      </godz>
      <godz h="7">
       <min m="40">
       </min>
      </godz>
      <godz h="8">
       <min m="59">
       </min>
      </godz>
      <godz h="9">
       <min m="24">
       </min>
      </godz>
      <godz h="10">
       <min m="00">
       </min>
       <min m="30">
       </min>
      </godz>
      <godz h="11">
       <min m="00">
       </min>
       <min m="30">
       </min>
      </godz>
      <godz h="12">
       <min m="00">
       </min>
       <min m="30">
       </min>
      </godz>
      <godz h="13">
       <min m="00">
       </min>
       <min m="30">
       </min>
      </godz>
      <godz h="14">
       <min m="00">
       </min>
       <min m="30">
       </min>
      </godz>
      <godz h="15">
       <min m="00">
       </min>
       <min m="30">
       </min>
      </godz>
      <godz h="16">
       <min m="00">
       </min>
       <min m="30">
       </min>
      </godz>
      <godz h="17">
       <min m="00">
       </min>
       <min m="30">
       </min>
      </godz>
      <godz h="18">
       <min m="00">
       </min>
       <min m="30">
       </min>
      </godz>
      <godz h="19">
       <min m="00">
       </min>
       <min m="55">
       </min>
      </godz>
      <godz h="20">
       <min m="40">
       </min>
      </godz>
      <godz h="21">
       <min m="38">
       </min>
      </godz>
      <godz h="22">
       <min m="38">
       </min>
      </godz>
      <godz h="23">
       <min m="35">
       </min>
      </godz>
     </dzien>
     <dzien nazwa="Niedziela">
      <godz h="5">
       <min m="33">
       </min>
      </godz>
      <godz h="6">
       <min m="40">
       </min>
      </godz>
      <godz h="7">
       <min m="40">
       </min>
      </godz>
      <godz h="8">
       <min m="59">
       </min>
      </godz>
      <godz h="10">
       <min m="00">
       </min>
      </godz>
      <godz h="11">
       <min m="00">
       </min>
      </godz>
      <godz h="12">
       <min m="00">
       </min>
      </godz>
      <godz h="13">
       <min m="00">
       </min>
      </godz>
      <godz h="14">
       <min m="00">
       </min>
      </godz>
      <godz h="15">
       <min m="00">
       </min>
      </godz>
      <godz h="16">
       <min m="00">
       </min>
      </godz>
      <godz h="17">
       <min m="00">
       </min>
      </godz>
      <godz h="18">
       <min m="00">
       </min>
      </godz>
      <godz h="19">
       <min m="00">
       </min>
       <min m="55">
       </min>
      </godz>
      <godz h="20">
       <min m="40">
       </min>
      </godz>
      <godz h="21">
       <min m="38">
       </min>
      </godz>
     </dzien>
    </tabliczka>
   </przystanek>
   <przystanek id="31920002" nazwa="Kiełczów - Sosnowa" ulica="Wrocławska" cechy="">
    <czasy>
     <przystanek numer="0" id="31920002" nazwa="Kiełczów - Sosnowa" czas="0"/>
     <przystanek numer="1" id="31920004" nazwa="Kiełczów - Biedronka" czas="1"/>
     <przystanek numer="2" id="31920006" nazwa="Kiełczów - Wrocławska" czas="2"/>
     <przystanek numer="3" id="31920008" nazwa="Kiełczów - pętla/Wrocławska" czas="3"/>
     <przystanek numer="4" id="31920010" nazwa="Kiełczów - Zgodna" czas="4"/>
     <przystanek numer="5" id="31920012" nazwa="Śliwice" czas="7"/>
    </czasy>
    <tabliczka id="3" mc="1" cechy="NZ">
     <dzien nazwa="w dni robocze">
      <godz h="4">
       <min m="48">
       </min>
      </godz>
      <godz h="6">
       <min m="02">
       </min>
       <min m="54">
       </min>
      </godz>
      <godz h="7">
       <min m="27">
       </min>
       <min m="57">
       </min>
      </godz>
      <godz h="8">
       <min m="27">
       </min>
       <min m="42">
       </min>
      </godz>
      <godz h="9">
       <min m="37">
       </min>
      </godz>
      <godz h="10">
       <min m="37">
       </min>
      </godz>
      <godz h="11">
       <min m="37">
       </min>
      </godz>
      <godz h="12">
       <min m="37">
       </min>
      </godz>
      <godz h="13">
       <min m="37">
       </min>
      </godz>
      <godz h="14">
       <min m="27">
       </min>
       <min m="57">
       </min>
      </godz>
      <godz h="15">
       <min m="28">
       </min>
       <min m="58">
       </min>
      </godz>
      <godz h="16">
       <min m="28">
       </min>
       <min m="58">
       </min>
      </godz>
      <godz h="17">
       <min m="27">
       </min>
       <min m="57">
       </min>
      </godz>
      <godz h="18">
       <min m="26">
       </min>
      </godz>
      <godz h="19">
       <min m="36">
       </min>
      </godz>
      <godz h="20">
       <min m="35">
       </min>
      </godz>
      <godz h="21">
       <min m="34">
       </min>
      </godz>
      <godz h="22">
       <min m="35">
       </min>
      </godz>
      <godz h="23">
       <min m="31">
       </min>
      </godz>
     </dzien>
     <dzien nazwa="Sobota">
      <godz h="5">
       <min m="34">
       </min>
      </godz>
      <godz h="6">
       <min m="41">
       </min>
      </godz>
      <godz h="7">
       <min m="41">
       </min>
      </godz>
      <godz h="9">
       <min m="00">
       </min>
       <min m="25">
       </min>
      </godz>
      <godz h="10">
       <min m="01">
       </min>
       <min m="31">
       </min>
      </godz>
      <godz h="11">
       <min m="01">
       </min>
       <min m="31">
       </min>
      </godz>
      <godz h="12">
       <min m="01">
       </min>
       <min m="31">
       </min>
      </godz>
      <godz h="13">
       <min m="01">
       </min>
       <min m="31">
       </min>
      </godz>
      <godz h="14">
       <min m="01">
       </min>
       <min m="31">
       </min>
      </godz>
      <godz h="15">
       <min m="01">
       </min>
       <min m="31">
       </min>
      </godz>
      <godz h="16">
       <min m="01">
       </min>
       <min m="31">
       </min>
      </godz>
      <godz h="17">
       <min m="01">
       </min>
       <min m="31">
       </min>
      </godz>
      <godz h="18">
       <min m="01">
       </min>
       <min m="31">
       </min>
      </godz>
      <godz h="19">
       <min m="01">
       </min>
       <min m="56">
       </min>
      </godz>
      <godz h="20">
       <min m="41">
       </min>
      </godz>
      <godz h="21">
       <min m="39">
       </min>
      </godz>
      <godz h="22">
       <min m="39">
       </min>
      </godz>
      <godz h="23">
       <min m="36">
       </min>
      </godz>
     </dzien>
     <dzien nazwa="Niedziela">
      <godz h="5">
       <min m="34">
       </min>
      </godz>
      <godz h="6">
       <min m="41">
       </min>
      </godz>
      <godz h="7">
       <min m="41">
       </min>
      </godz>
      <godz h="9">
       <min m="00">
       </min>
      </godz>
      <godz h="10">
       <min m="01">
       </min>
      </godz>
      <godz h="11">
       <min m="01">
       </min>
      </godz>
      <godz h="12">
       <min m="01">
       </min>
      </godz>
      <godz h="13">
       <min m="01">
       </min>
      </godz>
      <godz h="14">
       <min m="01">
       </min>
      </godz>
      <godz h="15">
       <min m="01">
       </min>
      </godz>
      <godz h="16">
       <min m="01">
       </min>
      </godz>
      <godz h="17">
       <min m="01">
       </min>
      </godz>
      <godz h="18">
       <min m="01">
       </min>
      </godz>
      <godz h="19">
       <min m="01">
       </min>
       <min m="56">
       </min>
      </godz>
      <godz h="20">
       <min m="41">
       </min>
      </godz>
      <godz h="21">
       <min m="39">
       </min>
      </godz>
     </dzien>
    </tabliczka>
   </przystanek>
   <przystanek id="31920004" nazwa="Kiełczów - Biedronka" ulica="Wrocławska" cechy="">
    <czasy>
     <przystanek numer="0" id="31920004" nazwa="Kiełczów - Biedronka" czas="0"/>
     <przystanek numer="1" id="31920006" nazwa="Kiełczów - Wrocławska" czas="1"/>
     <przystanek numer="2" id="31920008" nazwa="Kiełczów - pętla/Wrocławska" czas="2"/>
     <przystanek numer="3" id="31920010" nazwa="Kiełczów - Zgodna" czas="3"/>
     <przystanek numer="4" id="31920012" nazwa="Śliwice" czas="6"/>
    </czasy>
    <tabliczka id="4" mc="1" cechy="NZ">
     <dzien nazwa="w dni robocze">
      <godz h="4">
       <min m="49">
       </min>
      </godz>
      <godz h="6">
       <min m="03">
       </min>
       <min m="55">
       </min>
      </godz>
      <godz h="7">
       <min m="28">
       </min>
       <min m="58">
       </min>
      </godz>
      <godz h="8">
       <min m="28">
       </min>
       <min m="43">
       </min>
      </godz>
      <godz h="9">
       <min m="38">
       </min>
      </godz>
      <godz h="10">
       <min m="38">
       </min>
      </godz>
      <godz h="11">
       <min m="38">
       </min>
      </godz>
      <godz h="12">
       <min m="38">
       </min>
      </godz>
      <godz h="13">
       <min m="38">
       </min>
      </godz>
      <godz h="14">
       <min m="28">
       </min>
       <min m="58">
       </min>
      </godz>
      <godz h="15">
       <min m="29">
       </min>
       <min m="59">
       </min>
      </godz>
      <godz h="16">
       <min m="29">
       </min>
       <min m="59">
       </min>
      </godz>
      <godz h="17">
       <min m="28">
       </min>
       <min m="58">
       </min>
      </godz>
      <godz h="18">
       <min m="27">
       </min>
      </godz>
      <godz h="19">
       <min m="37">
       </min>
      </godz>
      <godz h="20">
       <min m="36">
       </min>
      </godz>
      <godz h="21">
       <min m="35">
       </min>
      </godz>
      <godz h="22">
       <min m="36">
       </min>
      </godz>
      <godz h="23">
       <min m="32">
       </min>
      </godz>
     </dzien>
     <dzien nazwa="Sobota">
      <godz h="5">
       <min m="35">
       </min>
      </godz>
      <godz h="6">
       <min m="42">
       </min>
      </godz>
      <godz h="7">
       <min m="42">
       </min>
      </godz>
      <godz h="9">
       <min m="01">
       </min>
       <min m="26">
       </min>
      </godz>
      <godz h="10">
       <min m="02">
       </min>
       <min m="32">
       </min>
      </godz>
      <godz h="11">
       <min m="02">
       </min>
       <min m="32">
       </min>
      </godz>
      <godz h="12">
       <min m="02">
       </min>
       <min m="32">
       </min>
      </godz>
      <godz h="13">
       <min m="02">
       </min>
       <min m="32">
       </min>
      </godz>
      <godz h="14">
       <min m="02">
       </min>
       <min m="32">
       </min>
      </godz>
      <godz h="15">
       <min m="02">
       </min>
       <min m="32">
       </min>
      </godz>
      <godz h="16">
       <min m="02">
       </min>
       <min m="32">
       </min>
      </godz>
      <godz h="17">
       <min m="02">
       </min>
       <min m="32">
       </min>
      </godz>
      <godz h="18">
       <min m="02">
       </min>
       <min m="32">
       </min>
      </godz>
      <godz h="19">
       <min m="02">
       </min>
       <min m="57">
       </min>
      </godz>
      <godz h="20">
       <min m="42">
       </min>
      </godz>
      <godz h="21">
       <min m="40">
       </min>
      </godz>
      <godz h="22">
       <min m="40">
       </min>
      </godz>
      <godz h="23">
       <min m="37">
       </min>
      </godz>
     </dzien>
     <dzien nazwa="Niedziela">
      <godz h="5">
       <min m="35">
       </min>
      </godz>
      <godz h="6">
       <min m="42">
       </min>
      </godz>
      <godz h="7">
       <min m="42">
       </min>
      </godz>
      <godz h="9">
       <min m="01">
       </min>
      </godz>
      <godz h="10">
       <min m="02">
       </min>
      </godz>
      <godz h="11">
       <min m="02">
       </min>
      </godz>
      <godz h="12">
       <min m="02">
       </min>
      </godz>
      <godz h="13">
       <min m="02">
       </min>
      </godz>
      <godz h="14">
       <min m="02">
       </min>
      </godz>
      <godz h="15">
       <min m="02">
       </min>
      </godz>
      <godz h="16">
       <min m="02">
       </min>
      </godz>
      <godz h="17">
       <min m="02">
       </min>
      </godz>
      <godz h="18">
       <min m="02">
       </min>
      </godz>
      <godz h="19">
       <min m="02">
       </min>
       <min m="57">
       </min>
      </godz>
      <godz h="20">
       <min m="42">
       </min>
      </godz>
      <godz h="21">
       <min m="40">
       </min>
      </godz>
     </dzien>
    </tabliczka>
   </przystanek>
   <przystanek id="31920006" nazwa="Kiełczów - Wrocławska" ulica="Wrocławska" cechy="">
    <czasy>
     <przystanek numer="0" id="31920006" nazwa="Kiełczów - Wrocławska" czas="0"/>
     <przystanek numer="1" id="31920008" nazwa="Kiełczów - pętla/Wrocławska" czas="1"/>
     <przystanek numer="2" id="31920010" nazwa="Kiełczów - Zgodna" czas="2"/>
     <przystanek numer="3" id="31920012" nazwa="Śliwice" czas="5"/>
    </czasy>
    <tabliczka id="5" mc="1" cechy="NZ">
     <dzien nazwa="w dni robocze">
      <godz h="4">
       <min m="50">
       </min>
      </godz>
      <godz h="6">
       <min m="04">
       </min>
       <min m="56">
       </min>
      </godz>
      <godz h="7">
       <min m="29">
       </min>
       <min m="59">
       </min>
      </godz>
      <godz h="8">
       <min m="29">
       </min>
       <min m="44">
       </min>
      </godz>
      <godz h="9">
       <min m="39">
       </min>
      </godz>
      <godz h="10">
       <min m="39">
       </min>
      </godz>
      <godz h="11">
       <min m="39">
       </min>
      </godz>
      <godz h="12">
       <min m="39">
       </min>
      </godz>
      <godz h="13">
       <min m="39">
       </min>
      </godz>
      <godz h="14">
       <min m="29">
       </min>
       <min m="59">
       </min>
      </godz>
      <godz h="15">
       <min m="30">
       </min>
      </godz>
      <godz h="16">
       <min m="00">
       </min>
       <min m="30">
       </min>
      </godz>
      <godz h="17">
       <min m="00">
       </min>
       <min m="29">
       </min>
       <min m="59">
       </min>
      </godz>
      <godz h="18">
       <min m="28">
       </min>
      </godz>
      <godz h="19">
       <min m="38">
       </min>
      </godz>
      <godz h="20">
       <min m="37">
       </min>
      </godz>
      <godz h="21">
       <min m="36">
       </min>
      </godz>
      <godz h="22">
       <min m="37">
       </min>
      </godz>
      <godz h="23">
       <min m="33">
       </min>
      </godz>
     </dzien>
     <dzien nazwa="Sobota">
      <godz h="5">
       <min m="36">
       </min>
      </godz>
      <godz h="6">
       <min m="43">
       </min>
      </godz>
      <godz h="7">
       <min m="43">
       </min>
      </godz>
      <godz h="9">
       <min m="02">
       </min>
       <min m="27">
       </min>
      </godz>
      <godz h="10">
       <min m="03">
       </min>
       <min m="33">
       </min>
      </godz>
      <godz h="11">
       <min m="03">
       </min>
       <min m="33">
       </min>
      </godz>
      <godz h="12">
       <min m="03">
       </min>
       <min m="33">
       </min>
      </godz>
      <godz h="13">
       <min m="03">
       </min>
       <min m="33">
       </min>
      </godz>
      <godz h="14">
       <min m="03">
       </min>
       <min m="33">
       </min>
      </godz>
      <godz h="15">
       <min m="03">
       </min>
       <min m="33">
       </min>
      </godz>
      <godz h="16">
       <min m="03">
       </min>
       <min m="33">
       </min>
      </godz>
      <godz h="17">
       <min m="03">
       </min>
       <min m="33">
       </min>
      </godz>
      <godz h="18">
       <min m="03">
       </min>
       <min m="33">
       </min>
      </godz>
      <godz h="19">
       <min m="03">
       </min>
       <min m="58">
       </min>
      </godz>
      <godz h="20">
       <min m="43">
       </min>
      </godz>
      <godz h="21">
       <min m="41">
       </min>
      </godz>
      <godz h="22">
       <min m="41">
       </min>
      </godz>
      <godz h="23">
       <min m="38">
       </min>
      </godz>
     </dzien>
     <dzien nazwa="Niedziela">
      <godz h="5">
       <min m="36">
       </min>
      </godz>
      <godz h="6">
       <min m="43">
       </min>
      </godz>
      <godz h="7">
       <min m="43">
       </min>
      </godz>
      <godz h="9">
       <min m="02">
       </min>
      </godz>
      <godz h="10">
       <min m="03">
       </min>
      </godz>
      <godz h="11">
       <min m="03">
       </min>
      </godz>
      <godz h="12">
       <min m="03">
       </min>
      </godz>
      <godz h="13">
       <min m="03">
       </min>
      </godz>
      <godz h="14">
       <min m="03">
       </min>
      </godz>
      <godz h="15">
       <min m="03">
       </min>
      </godz>
      <godz h="16">
       <min m="03">
       </min>
      </godz>
      <godz h="17">
       <min m="03">
       </min>
      </godz>
      <godz h="18">
       <min m="03">
       </min>
      </godz>
      <godz h="19">
       <min m="03">
       </min>
       <min m="58">
       </min>
      </godz>
      <godz h="20">
       <min m="43">
       </min>
      </godz>
      <godz h="21">
       <min m="41">
       </min>
      </godz>
     </dzien>
    </tabliczka>
   </przystanek>
   <przystanek id="31920008" nazwa="Kiełczów - pętla/Wrocławska" ulica="Wrocławska" cechy="">
    <czasy>
     <przystanek numer="0" id="31920008" nazwa="Kiełczów - pętla/Wrocławska" czas="0"/>
     <przystanek numer="1" id="31920010" nazwa="Kiełczów - Zgodna" czas="1"/>
     <przystanek numer="2" id="31920012" nazwa="Śliwice" czas="4"/>
    </czasy>
    <tabliczka id="6" mc="1">
     <dzien nazwa="w dni robocze">
      <godz h="4">
       <min m="51">
       </min>
      </godz>
      <godz h="6">
       <min m="05">
       </min>
       <min m="57">
       </min>
      </godz>
      <godz h="7">
       <min m="30">
       </min>
      </godz>
      <godz h="8">
       <min m="00">
       </min>
       <min m="30">
       </min>
       <min m="45">
       </min>
      </godz>
      <godz h="9">
       <min m="40">
       </min>
      </godz>
      <godz h="10">
       <min m="40">
       </min>
      </godz>
      <godz h="11">
       <min m="40">
       </min>
      </godz>
      <godz h="12">
       <min m="40">
       </min>
      </godz>
      <godz h="13">
       <min m="40">
       </min>
      </godz>
      <godz h="14">
       <min m="30">
       </min>
      </godz>
      <godz h="15">
       <min m="00">
       </min>
       <min m="31">
       </min>
      </godz>
      <godz h="16">
       <min m="01">
       </min>
       <min m="31">
       </min>
      </godz>
      <godz h="17">
       <min m="01">
       </min>
       <min m="30">
       </min>
      </godz>
      <godz h="18">
       <min m="00">
       </min>
       <min m="29">
       </min>
      </godz>
      <godz h="19">
       <min m="39">
       </min>
      </godz>
      <godz h="20">
       <min m="38">
       </min>
      </godz>
      <godz h="21">
       <min m="37">
       </min>
      </godz>
      <godz h="22">
       <min m="38">
       </min>
      </godz>
      <godz h="23">
       <min m="34">
       </min>
      </godz>
     </dzien>
     <dzien nazwa="Sobota">
      <godz h="5">
       <min m="37">
       </min>
      </godz>
      <godz h="6">
       <min m="44">
       </min>
      </godz>
      <godz h="7">
       <min m="44">
       </min>
      </godz>
      <godz h="9">
       <min m="03">
       </min>
       <min m="28">
       </min>
      </godz>
      <godz h="10">
       <min m="04">
       </min>
       <min m="34">
       </min>
      </godz>
      <godz h="11">
       <min m="04">
       </min>
       <min m="34">
       </min>
      </godz>
      <godz h="12">
       <min m="04">
       </min>
       <min m="34">
       </min>
      </godz>
      <godz h="13">
       <min m="04">
       </min>
       <min m="34">
       </min>
      </godz>
      <godz h="14">
       <min m="04">
       </min>
       <min m="34">
       </min>
      </godz>
      <godz h="15">
       <min m="04">
       </min>
       <min m="34">
       </min>
      </godz>
      <godz h="16">
       <min m="04">
       </min>
       <min m="34">
       </min>
      </godz>
      <godz h="17">
       <min m="04">
       </min>
       <min m="34">
       </min>
      </godz>
      <godz h="18">
       <min m="04">
       </min>
       <min m="34">
       </min>
      </godz>
      <godz h="19">
       <min m="04">
       </min>
       <min m="59">
       </min>
      </godz>
      <godz h="20">
       <min m="44">
       </min>
      </godz>
      <godz h="21">
       <min m="42">
       </min>
      </godz>
      <godz h="22">
       <min m="42">
       </min>
      </godz>
      <godz h="23">
       <min m="39">
       </min>
      </godz>
     </dzien>
     <dzien nazwa="Niedziela">
      <godz h="5">
       <min m="37">
       </min>
      </godz>
      <godz h="6">
       <min m="44">
       </min>
      </godz>
      <godz h="7">
       <min m="44">
       </min>
      </godz>
      <godz h="9">
       <min m="03">
       </min>
      </godz>
      <godz h="10">
       <min m="04">
       </min>
      </godz>
      <godz h="11">
       <min m="04">
       </min>
      </godz>
      <godz h="12">
       <min m="04">
       </min>
      </godz>
      <godz h="13">
       <min m="04">
       </min>
      </godz>
      <godz h="14">
       <min m="04">
       </min>
      </godz>
      <godz h="15">
       <min m="04">
       </min>
      </godz>
      <godz h="16">
       <min m="04">
       </min>
      </godz>
      <godz h="17">
       <min m="04">
       </min>
      </godz>
      <godz h="18">
       <min m="04">
       </min>
      </godz>
      <godz h="19">
       <min m="04">
       </min>
       <min m="59">
       </min>
      </godz>
      <godz h="20">
       <min m="44">
       </min>
      </godz>
      <godz h="21">
       <min m="42">
       </min>
      </godz>
     </dzien>
    </tabliczka>
   </przystanek>
   <przystanek id="31920010" nazwa="Kiełczów - Zgodna" ulica="Wrocławska" cechy="">
    <czasy>
     <przystanek numer="0" id="31920010" nazwa="Kiełczów - Zgodna" czas="0"/>
     <przystanek numer="1" id="31920012" nazwa="Śliwice" czas="3"/>
    </czasy>
    <tabliczka id="7" mc="1" cechy="NZ">
     <dzien nazwa="w dni robocze">
      <godz h="4">
       <min m="52">
       </min>
      </godz>
      <godz h="6">
       <min m="06">
       </min>
       <min m="58">
       </min>
      </godz>
      <godz h="7">
       <min m="31">
       </min>
      </godz>
      <godz h="8">
       <min m="01">
       </min>
       <min m="31">
       </min>
       <min m="46">
       </min>
      </godz>
      <godz h="9">
       <min m="41">
       </min>
      </godz>
      <godz h="10">
       <min m="41">
       </min>
      </godz>
      <godz h="11">
       <min m="41">
       </min>
      </godz>
      <godz h="12">
       <min m="41">
       </min>
      </godz>
      <godz h="13">
       <min m="41">
       </min>
      </godz>
      <godz h="14">
       <min m="31">
       </min>
      </godz>
      <godz h="15">
       <min m="01">
       </min>
       <min m="32">
       </min>
      </godz>
      <godz h="16">
       <min m="02">
       </min>
       <min m="32">
       </min>
      </godz>
      <godz h="17">
       <min m="02">
       </min>
       <min m="31">
       </min>
      </godz>
      <godz h="18">
       <min m="01">
       </min>
       <min m="30">
       </min>
      </godz>
      <godz h="19">
       <min m="40">
       </min>
      </godz>
      <godz h="20">
       <min m="39">
       </min>
      </godz>
      <godz h="21">
       <min m="38">
       </min>
      </godz>
      <godz h="22">
       <min m="39">
       </min>
      </godz>
      <godz h="23">
       <min m="35">
       </min>
      </godz>
     </dzien>
     <dzien nazwa="Sobota">
      <godz h="5">
       <min m="38">
       </min>
      </godz>
      <godz h="6">
       <min m="45">
       </min>
      </godz>
      <godz h="7">
       <min m="45">
       </min>
      </godz>
      <godz h="9">
       <min m="04">
       </min>
       <min m="29">
       </min>
      </godz>
      <godz h="10">
       <min m="05">
       </min>
       <min m="35">
       </min>
      </godz>
      <godz h="11">
       <min m="05">
       </min>
       <min m="35">
       </min>
      </godz>
      <godz h="12">
       <min m="05">
       </min>
       <min m="35">
       </min>
      </godz>
      <godz h="13">
       <min m="05">
       </min>
       <min m="35">
       </min>
      </godz>
      <godz h="14">
       <min m="05">
       </min>
       <min m="35">
       </min>
      </godz>
      <godz h="15">
       <min m="05">
       </min>
       <min m="35">
       </min>
      </godz>
      <godz h="16">
       <min m="05">
       </min>
       <min m="35">
       </min>
      </godz>
      <godz h="17">
       <min m="05">
       </min>
       <min m="35">
       </min>
      </godz>
      <godz h="18">
       <min m="05">
       </min>
       <min m="35">
       </min>
      </godz>
      <godz h="19">
       <min m="05">
       </min>
      </godz>
      <godz h="20">
       <min m="00">
       </min>
       <min m="45">
       </min>
      </godz>
      <godz h="21">
       <min m="43">
       </min>
      </godz>
      <godz h="22">
       <min m="43">
       </min>
      </godz>
      <godz h="23">
       <min m="40">
       </min>
      </godz>
     </dzien>
     <dzien nazwa="Niedziela">
      <godz h="5">
       <min m="38">
       </min>
      </godz>
      <godz h="6">
       <min m="45">
       </min>
      </godz>
      <godz h="7">
       <min m="45">
       </min>
      </godz>
      <godz h="9">
       <min m="04">
       </min>
      </godz>
      <godz h="10">
       <min m="05">
       </min>
      </godz>
      <godz h="11">
       <min m="05">
       </min>
      </godz>
      <godz h="12">
       <min m="05">
       </min>
      </godz>
      <godz h="13">
       <min m="05">
       </min>
      </godz>
      <godz h="14">
       <min m="05">
       </min>
      </godz>
      <godz h="15">
       <min m="05">
       </min>
      </godz>
      <godz h="16">
       <min m="05">
       </min>
      </godz>
      <godz h="17">
       <min m="05">
       </min>
      </godz>
      <godz h="18">
       <min m="05">
       </min>
      </godz>
      <godz h="19">
       <min m="05">
       </min>
      </godz>
      <godz h="20">
       <min m="00">
       </min>
       <min m="45">
       </min>
      </godz>
      <godz h="21">
       <min m="43">
       </min>
      </godz>
     </dzien>
    </tabliczka>
   </przystanek>
   <przystanek id="31920012" nazwa="Śliwice" ulica="Wrocławska" cechy="">
    <czasy>
    </czasy>
   </przystanek>
  </wariant>
  <wariant id="2" nazwa="Śliwice - KIEŁCZOWSKA (Cmentarz)">
   <przystanek id="31920011" nazwa="Śliwice" ulica="Wrocławska" cechy="">
    <czasy>
     <przystanek numer="0" id="31920011" nazwa="Śliwice" czas="0"/>
     <przystanek numer="1" id="31920009" nazwa="Kiełczów - Boczna" czas="3"/>
     <przystanek numer="2" id="31920007" nazwa="Kiełczów - Mleczna" czas="4"/>
     <przystanek numer="3" id="31920005" nazwa="Kiełczów - Wrocławska" czas="5"/>
     <przystanek numer="4" id="31920003" nazwa="Kiełczów - Biedronka" czas="6"/>
     <przystanek numer="5" id="31920001" nazwa="Kiełczów - Ładna" czas="7"/>
     <przystanek numer="6" id="29926" nazwa="KIEŁCZOWSKA (Cmentarz)" czas="11"/>
    </czasy>
    <tabliczka id="8" mc="0">
     <dzien nazwa="w dni robocze">
      <godz h="5">
       <min m="20">
       </min>
       <min m="48">
       </min>
      </godz>
      <godz h="6">
       <min m="18">
       </min>
       <min m="49">
       </min>
      </godz>
      <godz h="7">
       <min m="19">
       </min>
       <min m="49">
       </min>
      </godz>
      <godz h="8">
       <min m="07">
       </min>
       <min m="42">
       </min>
      </godz>
      <godz h="9">
       <min m="12">
       </min>
      </godz>
      <godz h="10">
       <min m="12">
       </min>
      </godz>
      <godz h="11">
       <min m="12">
       </min>
      </godz>
      <godz h="12">
       <min m="12">
       </min>
      </godz>
      <godz h="13">
       <min m="12">
       </min>
      </godz>
      <godz h="14">
       <min m="21">
       </min>
       <min m="51">
       </min>
      </godz>
      <godz h="15">
       <min m="21">
       </min>
       <min m="51">
       </min>
      </godz>
      <godz h="16">
       <min m="21">
       </min>
       <min m="51">
       </min>
      </godz>
      <godz h="17">
       <min m="21">
       </min>
       <min m="51">
       </min>
      </godz>
      <godz h="18">
       <min m="21">
       </min>
       <min m="44">
       </min>
      </godz>
      <godz h="19">
       <min m="44">
       </min>
      </godz>
      <godz h="20">
       <min m="44">
       </min>
      </godz>
      <godz h="21">
       <min m="44">
       </min>
      </godz>
      <godz h="22">
       <min m="44">
       </min>
      </godz>
     </dzien>
     <dzien nazwa="Sobota">
      <godz h="5">
       <min m="00">
       </min>
      </godz>
      <godz h="6">
       <min m="04">
       </min>
      </godz>
      <godz h="7">
       <min m="04">
       </min>
       <min m="54">
       </min>
      </godz>
      <godz h="9">
       <min m="08">
       </min>
       <min m="38">
       </min>
      </godz>
      <godz h="10">
       <min m="09">
       </min>
       <min m="39">
       </min>
      </godz>
      <godz h="11">
       <min m="09">
       </min>
       <min m="39">
       </min>
      </godz>
      <godz h="12">
       <min m="09">
       </min>
       <min m="39">
       </min>
      </godz>
      <godz h="13">
       <min m="09">
       </min>
       <min m="39">
       </min>
      </godz>
      <godz h="14">
       <min m="09">
       </min>
       <min m="39">
       </min>
      </godz>
      <godz h="15">
       <min m="09">
       </min>
       <min m="39">
       </min>
      </godz>
      <godz h="16">
       <min m="09">
       </min>
       <min m="39">
       </min>
      </godz>
      <godz h="17">
       <min m="09">
       </min>
       <min m="39">
       </min>
      </godz>
      <godz h="18">
       <min m="09">
       </min>
       <min m="39">
       </min>
      </godz>
      <godz h="19">
       <min m="10">
       </min>
      </godz>
      <godz h="20">
       <min m="05">
       </min>
       <min m="57">
       </min>
      </godz>
      <godz h="22">
       <min m="00">
       </min>
       <min m="57">
       </min>
      </godz>
     </dzien>
     <dzien nazwa="Niedziela">
      <godz h="6">
       <min m="04">
       </min>
      </godz>
      <godz h="7">
       <min m="04">
       </min>
       <min m="54">
       </min>
      </godz>
      <godz h="9">
       <min m="08">
       </min>
      </godz>
      <godz h="10">
       <min m="09">
       </min>
      </godz>
      <godz h="11">
       <min m="09">
       </min>
      </godz>
      <godz h="12">
       <min m="09">
       </min>
      </godz>
      <godz h="13">
       <min m="09">
       </min>
      </godz>
      <godz h="14">
       <min m="09">
       </min>
      </godz>
      <godz h="15">
       <min m="09">
       </min>
      </godz>
      <godz h="16">
       <min m="09">
       </min>
      </godz>
      <godz h="17">
       <min m="09">
       </min>
      </godz>
      <godz h="18">
       <min m="09">
       </min>
      </godz>
      <godz h="19">
       <min m="10">
       </min>
      </godz>
      <godz h="20">
       <min m="05">
       </min>
       <min m="57">
       </min>
      </godz>
      <godz h="22">
       <min m="00">
       </min>
      </godz>
     </dzien>
    </tabliczka>
   </przystanek>
   <przystanek id="31920009" nazwa="Kiełczów - Boczna" ulica="Wrocławska" cechy="">
    <czasy>
     <przystanek numer="0" id="31920009" nazwa="Kiełczów - Boczna" czas="0"/>
     <przystanek numer="1" id="31920007" nazwa="Kiełczów - Mleczna" czas="1"/>
     <przystanek numer="2" id="31920005" nazwa="Kiełczów - Wrocławska" czas="2"/>
     <przystanek numer="3" id="31920003" nazwa="Kiełczów - Biedronka" czas="3"/>
     <przystanek numer="4" id="31920001" nazwa="Kiełczów - Ładna" czas="4"/>
     <przystanek numer="5" id="29926" nazwa="KIEŁCZOWSKA (Cmentarz)" czas="8"/>
    </czasy>
    <tabliczka id="9" mc="3" cechy="NZ">
     <dzien nazwa="w dni robocze">
      <godz h="5">
       <min m="23">
       </min>
       <min m="51">
       </min>
      </godz>
      <godz h="6">
       <min m="21">
       </min>
       <min m="52">
       </min>
      </godz>
      <godz h="7">
       <min m="22">
       </min>
       <min m="52">
       </min>
      </godz>
      <godz h="8">
       <min m="10">
       </min>
       <min m="45">
       </min>
      </godz>
      <godz h="9">
       <min m="15">
       </min>
      </godz>
      <godz h="10">
       <min m="15">
       </min>
      </godz>
      <godz h="11">
       <min m="15">
       </min>
      </godz>
      <godz h="12">
       <min m="15">
       </min>
      </godz>
      <godz h="13">
       <min m="15">
       </min>
      </godz>
      <godz h="14">
       <min m="24">
       </min>
       <min m="54">
       </min>
      </godz>
      <godz h="15">
       <min m="24">
       </min>
       <min m="54">
       </min>
      </godz>
      <godz h="16">
       <min m="24">
       </min>
       <min m="54">
       </min>
      </godz>
      <godz h="17">
       <min m="24">
       </min>
       <min m="54">
       </min>
      </godz>
      <godz h="18">
       <min m="24">
       </min>
       <min m="47">
       </min>
      </godz>
      <godz h="19">
       <min m="47">
       </min>
      </godz>
      <godz h="20">
       <min m="47">
       </min>
      </godz>
      <godz h="21">
       <min m="47">
       </min>
      </godz>
      <godz h="22">
       <min m="47">
       </min>
      </godz>
     </dzien>
     <dzien nazwa="Sobota">
      <godz h="5">
       <min m="03">
       </min>
      </godz>
      <godz h="6">
       <min m="07">
       </min>
      </godz>
      <godz h="7">
       <min m="07">
       </min>
       <min m="57">
       </min>
      </godz>
      <godz h="9">
       <min m="11">
       </min>
       <min m="41">
       </min>
      </godz>
      <godz h="10">
       <min m="12">
       </min>
       <min m="42">
       </min>
      </godz>
      <godz h="11">
       <min m="12">
       </min>
       <min m="42">
       </min>
      </godz>
      <godz h="12">
       <min m="12">
       </min>
       <min m="42">
       </min>
      </godz>
      <godz h="13">
       <min m="12">
       </min>
       <min m="42">
       </min>
      </godz>
      <godz h="14">
       <min m="12">
       </min>
       <min m="42">
       </min>
      </godz>
      <godz h="15">
       <min m="12">
       </min>
       <min m="42">
       </min>
      </godz>
      <godz h="16">
       <min m="12">
       </min>
       <min m="42">
       </min>
      </godz>
      <godz h="17">
       <min m="12">
       </min>
       <min m="42">
       </min>
      </godz>
      <godz h="18">
       <min m="12">
       </min>
       <min m="42">
       </min>
      </godz>
      <godz h="19">
       <min m="13">
       </min>
      </godz>
      <godz h="20">
       <min m="08">
       </min>
      </godz>
      <godz h="21">
       <min m="00">
       </min>
      </godz>
      <godz h="22">
       <min m="03">
       </min>
      </godz>
      <godz h="23">
       <min m="00">
       </min>
      </godz>
     </dzien>
     <dzien nazwa="Niedziela">
      <godz h="6">
       <min m="07">
       </min>
      </godz>
      <godz h="7">
       <min m="07">
       </min>
       <min m="57">
       </min>
      </godz>
      <godz h="9">
       <min m="11">
       </min>
      </godz>
      <godz h="10">
       <min m="12">
       </min>
      </godz>
      <godz h="11">
       <min m="12">
       </min>
      </godz>
      <godz h="12">
       <min m="12">
       </min>
      </godz>
      <godz h="13">
       <min m="12">
       </min>
      </godz>
      <godz h="14">
       <min m="12">
       </min>
      </godz>
      <godz h="15">
       <min m="12">
       </min>
      </godz>
      <godz h="16">
       <min m="12">
       </min>
      </godz>
      <godz h="17">
       <min m="12">
       </min>
      </godz>
      <godz h="18">
       <min m="12">
       </min>
      </godz>
      <godz h="19">
       <min m="13">
       </min>
      </godz>
      <godz h="20">
       <min m="08">
       </min>
      </godz>
      <godz h="21">
       <min m="00">
       </min>
      </godz>
      <godz h="22">
       <min m="03">
       </min>
      </godz>
     </dzien>
    </tabliczka>
   </przystanek>
   <przystanek id="31920007" nazwa="Kiełczów - Mleczna" ulica="Wrocławska" cechy="">
    <czasy>
     <przystanek numer="0" id="31920007" nazwa="Kiełczów - Mleczna" czas="0"/>
     <przystanek numer="1" id="31920005" nazwa="Kiełczów - Wrocławska" czas="1"/>
     <przystanek numer="2" id="31920003" nazwa="Kiełczów - Biedronka" czas="2"/>
     <przystanek numer="3" id="31920001" nazwa="Kiełczów - Ładna" czas="3"/>
     <przystanek numer="4" id="29926" nazwa="KIEŁCZOWSKA (Cmentarz)" czas="7"/>
    </czasy>
    <tabliczka id="10" mc="1">
     <dzien nazwa="w dni robocze">
      <godz h="5">
       <min m="24">
       </min>
       <min m="52">
       </min>
      </godz>
      <godz h="6">
       <min m="22">
       </min>
       <min m="53">
       </min>
      </godz>
      <godz h="7">
       <min m="23">
       </min>
       <min m="53">
       </min>
      </godz>
      <godz h="8">
       <min m="11">
       </min>
       <min m="46">
       </min>
      </godz>
      <godz h="9">
       <min m="16">
       </min>
      </godz>
      <godz h="10">
       <min m="16">
       </min>
      </godz>
      <godz h="11">
       <min m="16">
       </min>
      </godz>
      <godz h="12">
       <min m="16">
       </min>
      </godz>
      <godz h="13">
       <min m="16">
       </min>
      </godz>
      <godz h="14">
       <min m="25">
       </min>
       <min m="55">
       </min>
      </godz>
      <godz h="15">
       <min m="25">
       </min>
       <min m="55">
       </min>
      </godz>
      <godz h="16">
       <min m="25">
       </min>
       <min m="55">
       </min>
      </godz>
      <godz h="17">
       <min m="25">
       </min>
       <min m="55">
       </min>
      </godz>
      <godz h="18">
       <min m="25">
       </min>
       <min m="48">
       </min>
      </godz>
      <godz h="19">
       <min m="48">
       </min>
      </godz>
      <godz h="20">
       <min m="48">
       </min>
      </godz>
      <godz h="21">
       <min m="48">
       </min>
      </godz>
      <godz h="22">
       <min m="48">
       </min>
      </godz>
     </dzien>
     <dzien nazwa="Sobota">
      <godz h="5">
       <min m="04">
       </min>
      </godz>
      <godz h="6">
       <min m="08">
       </min>
      </godz>
      <godz h="7">
       <min m="08">
       </min>
       <min m="58">
       </min>
      </godz>
      <godz h="9">
       <min m="12">
       </min>
       <min m="42">
       </min>
      </godz>
      <godz h="10">
       <min m="13">
       </min>
       <min m="43">
       </min>
      </godz>
      <godz h="11">
       <min m="13">
       </min>
       <min m="43">
       </min>
      </godz>
      <godz h="12">
       <min m="13">
       </min>
       <min m="43">
       </min>
      </godz>
      <godz h="13">
       <min m="13">
       </min>
       <min m="43">
       </min>
      </godz>
      <godz h="14">
       <min m="13">
       </min>
       <min m="43">
       </min>
      </godz>
      <godz h="15">
       <min m="13">
       </min>
       <min m="43">
       </min>
      </godz>
      <godz h="16">
       <min m="13">
       </min>
       <min m="43">
       </min>
      </godz>
      <godz h="17">
       <min m="13">
       </min>
       <min m="43">
       </min>
      </godz>
      <godz h="18">
       <min m="13">
       </min>
       <min m="43">
       </min>
      </godz>
      <godz h="19">
       <min m="14">
       </min>
      </godz>
      <godz h="20">
       <min m="09">
       </min>
      </godz>
      <godz h="21">
       <min m="01">
       </min>
      </godz>
      <godz h="22">
       <min m="04">
       </min>
      </godz>
      <godz h="23">
       <min m="01">
       </min>
      </godz>
     </dzien>
     <dzien nazwa="Niedziela">
      <godz h="6">
       <min m="08">
       </min>
      </godz>
      <godz h="7">
       <min m="08">
       </min>
       <min m="58">
       </min>
      </godz>
      <godz h="9">
       <min m="12">
       </min>
      </godz>
      <godz h="10">
       <min m="13">
       </min>
      </godz>
      <godz h="11">
       <min m="13">
       </min>
      </godz>
      <godz h="12">
       <min m="13">
       </min>
      </godz>
      <godz h="13">
       <min m="13">
       </min>
      </godz>
      <godz h="14">
       <min m="13">
       </min>
      </godz>
      <godz h="15">
       <min m="13">
       </min>
      </godz>
      <godz h="16">
       <min m="13">
       </min>
      </godz>
      <godz h="17">
       <min m="13">
       </min>
      </godz>
      <godz h="18">
       <min m="13">
       </min>
      </godz>
      <godz h="19">
       <min m="14">
       </min>
      </godz>
      <godz h="20">
       <min m="09">
       </min>
      </godz>
      <godz h="21">
       <min m="01">
       </min>
      </godz>
      <godz h="22">
       <min m="04">
       </min>
      </godz>
     </dzien>
    </tabliczka>
   </przystanek>
   <przystanek id="31920005" nazwa="Kiełczów - Wrocławska" ulica="Wrocławska" cechy="">
    <czasy>
     <przystanek numer="0" id="31920005" nazwa="Kiełczów - Wrocławska" czas="0"/>
     <przystanek numer="1" id="31920003" nazwa="Kiełczów - Biedronka" czas="1"/>
     <przystanek numer="2" id="31920001" nazwa="Kiełczów - Ładna" czas="2"/>
     <przystanek numer="3" id="29926" nazwa="KIEŁCZOWSKA (Cmentarz)" czas="6"/>
    </czasy>
    <tabliczka id="11" mc="1" cechy="NZ">
     <dzien nazwa="w dni robocze">
      <godz h="5">
       <min m="25">
       </min>
       <min m="53">
       </min>
      </godz>
      <godz h="6">
       <min m="23">
       </min>
       <min m="54">
       </min>
      </godz>
      <godz h="7">
       <min m="24">
       </min>
       <min m="54">
       </min>
      </godz>
      <godz h="8">
       <min m="12">
       </min>
       <min m="47">
       </min>
      </godz>
      <godz h="9">
       <min m="17">
       </min>
      </godz>
      <godz h="10">
       <min m="17">
       </min>
      </godz>
      <godz h="11">
       <min m="17">
       </min>
      </godz>
      <godz h="12">
       <min m="17">
       </min>
      </godz>
      <godz h="13">
       <min m="17">
       </min>
      </godz>
      <godz h="14">
       <min m="26">
       </min>
       <min m="56">
       </min>
      </godz>
      <godz h="15">
       <min m="26">
       </min>
       <min m="56">
       </min>
      </godz>
      <godz h="16">
       <min m="26">
       </min>
       <min m="56">
       </min>
      </godz>
      <godz h="17">
       <min m="26">
       </min>
       <min m="56">
       </min>
      </godz>
      <godz h="18">
       <min m="26">
       </min>
       <min m="49">
       </min>
      </godz>
      <godz h="19">
       <min m="49">
       </min>
      </godz>
      <godz h="20">
       <min m="49">
       </min>
      </godz>
      <godz h="21">
       <min m="49">
       </min>
      </godz>
      <godz h="22">
       <min m="49">
       </min>
      </godz>
     </dzien>
     <dzien nazwa="Sobota">
      <godz h="5">
       <min m="05">
       </min>
      </godz>
      <godz h="6">
       <min m="09">
       </min>
      </godz>
      <godz h="7">
       <min m="09">
       </min>
       <min m="59">
       </min>
      </godz>
      <godz h="9">
       <min m="13">
       </min>
       <min m="43">
       </min>
      </godz>
      <godz h="10">
       <min m="14">
       </min>
       <min m="44">
       </min>
      </godz>
      <godz h="11">
       <min m="14">
       </min>
       <min m="44">
       </min>
      </godz>
      <godz h="12">
       <min m="14">
       </min>
       <min m="44">
       </min>
      </godz>
      <godz h="13">
       <min m="14">
       </min>
       <min m="44">
       </min>
      </godz>
      <godz h="14">
       <min m="14">
       </min>
       <min m="44">
       </min>
      </godz>
      <godz h="15">
       <min m="14">
       </min>
       <min m="44">
       </min>
      </godz>
      <godz h="16">
       <min m="14">
       </min>
       <min m="44">
       </min>
      </godz>
      <godz h="17">
       <min m="14">
       </min>
       <min m="44">
       </min>
      </godz>
      <godz h="18">
       <min m="14">
       </min>
       <min m="44">
       </min>
      </godz>
      <godz h="19">
       <min m="15">
       </min>
      </godz>
      <godz h="20">
       <min m="10">
       </min>
      </godz>
      <godz h="21">
       <min m="02">
       </min>
      </godz>
      <godz h="22">
       <min m="05">
       </min>
      </godz>
      <godz h="23">
       <min m="02">
       </min>
      </godz>
     </dzien>
     <dzien nazwa="Niedziela">
      <godz h="6">
       <min m="09">
       </min>
      </godz>
      <godz h="7">
       <min m="09">
       </min>
       <min m="59">
       </min>
      </godz>
      <godz h="9">
       <min m="13">
       </min>
      </godz>
      <godz h="10">
       <min m="14">
       </min>
      </godz>
      <godz h="11">
       <min m="14">
       </min>
      </godz>
      <godz h="12">
       <min m="14">
       </min>
      </godz>
      <godz h="13">
       <min m="14">
       </min>
      </godz>
      <godz h="14">
       <min m="14">
       </min>
      </godz>
      <godz h="15">
       <min m="14">
       </min>
      </godz>
      <godz h="16">
       <min m="14">
       </min>
      </godz>
      <godz h="17">
       <min m="14">
       </min>
      </godz>
      <godz h="18">
       <min m="14">
       </min>
      </godz>
      <godz h="19">
       <min m="15">
       </min>
      </godz>
      <godz h="20">
       <min m="10">
       </min>
      </godz>
      <godz h="21">
       <min m="02">
       </min>
      </godz>
      <godz h="22">
       <min m="05">
       </min>
      </godz>
     </dzien>
    </tabliczka>
   </przystanek>
   <przystanek id="31920003" nazwa="Kiełczów - Biedronka" ulica="Wrocławska" cechy="">
    <czasy>
     <przystanek numer="0" id="31920003" nazwa="Kiełczów - Biedronka" czas="0"/>
     <przystanek numer="1" id="31920001" nazwa="Kiełczów - Ładna" czas="1"/>
     <przystanek numer="2" id="29926" nazwa="KIEŁCZOWSKA (Cmentarz)" czas="5"/>
    </czasy>
    <tabliczka id="12" mc="1" cechy="NZ">
     <dzien nazwa="w dni robocze">
      <godz h="5">
       <min m="26">
       </min>
       <min m="54">
       </min>
      </godz>
      <godz h="6">
       <min m="24">
       </min>
       <min m="55">
       </min>
      </godz>
      <godz h="7">
       <min m="25">
       </min>
       <min m="55">
       </min>
      </godz>
      <godz h="8">
       <min m="13">
       </min>
       <min m="48">
       </min>
      </godz>
      <godz h="9">
       <min m="18">
       </min>
      </godz>
      <godz h="10">
       <min m="18">
       </min>
      </godz>
      <godz h="11">
       <min m="18">
       </min>
      </godz>
      <godz h="12">
       <min m="18">
       </min>
      </godz>
      <godz h="13">
       <min m="18">
       </min>
      </godz>
      <godz h="14">
       <min m="27">
       </min>
       <min m="57">
       </min>
      </godz>
      <godz h="15">
       <min m="27">
       </min>
       <min m="57">
       </min>
      </godz>
      <godz h="16">
       <min m="27">
       </min>
       <min m="57">
       </min>
      </godz>
      <godz h="17">
       <min m="27">
       </min>
       <min m="57">
       </min>
      </godz>
      <godz h="18">
       <min m="27">
       </min>
       <min m="50">
       </min>
      </godz>
      <godz h="19">
       <min m="50">
       </min>
      </godz>
      <godz h="20">
       <min m="50">
       </min>
      </godz>
      <godz h="21">
       <min m="50">
       </min>
      </godz>
      <godz h="22">
       <min m="50">
       </min>
      </godz>
     </dzien>
     <dzien nazwa="Sobota">
      <godz h="5">
       <min m="06">
       </min>
      </godz>
      <godz h="6">
       <min m="10">
       </min>
      </godz>
      <godz h="7">
       <min m="10">
       </min>
      </godz>
      <godz h="8">
       <min m="00">
       </min>
      </godz>
      <godz h="9">
       <min m="14">
       </min>
       <min m="44">
       </min>
      </godz>
      <godz h="10">
       <min m="15">
       </min>
       <min m="45">
       </min>
      </godz>
      <godz h="11">
       <min m="15">
       </min>
       <min m="45">
       </min>
      </godz>
      <godz h="12">
       <min m="15">
       </min>
       <min m="45">
       </min>
      </godz>
      <godz h="13">
       <min m="15">
       </min>
       <min m="45">
       </min>
      </godz>
      <godz h="14">
       <min m="15">
       </min>
       <min m="45">
       </min>
      </godz>
      <godz h="15">
       <min m="15">
       </min>
       <min m="45">
       </min>
      </godz>
      <godz h="16">
       <min m="15">
       </min>
       <min m="45">
       </min>
      </godz>
      <godz h="17">
       <min m="15">
       </min>
       <min m="45">
       </min>
      </godz>
      <godz h="18">
       <min m="15">
       </min>
       <min m="45">
       </min>
      </godz>
      <godz h="19">
       <min m="16">
       </min>
      </godz>
      <godz h="20">
       <min m="11">
       </min>
      </godz>
      <godz h="21">
       <min m="03">
       </min>
      </godz>
      <godz h="22">
       <min m="06">
       </min>
      </godz>
      <godz h="23">
       <min m="03">
       </min>
      </godz>
     </dzien>
     <dzien nazwa="Niedziela">
      <godz h="6">
       <min m="10">
       </min>
      </godz>
      <godz h="7">
       <min m="10">
       </min>
      </godz>
      <godz h="8">
       <min m="00">
       </min>
      </godz>
      <godz h="9">
       <min m="14">
       </min>
      </godz>
      <godz h="10">
       <min m="15">
       </min>
      </godz>
      <godz h="11">
       <min m="15">
       </min>
      </godz>
      <godz h="12">
       <min m="15">
       </min>
      </godz>
      <godz h="13">
       <min m="15">
       </min>
      </godz>
      <godz h="14">
       <min m="15">
       </min>
      </godz>
      <godz h="15">
       <min m="15">
       </min>
      </godz>
      <godz h="16">
       <min m="15">
       </min>
      </godz>
      <godz h="17">
       <min m="15">
       </min>
      </godz>
      <godz h="18">
       <min m="15">
       </min>
      </godz>
      <godz h="19">
       <min m="16">
       </min>
      </godz>
      <godz h="20">
       <min m="11">
       </min>
      </godz>
      <godz h="21">
       <min m="03">
       </min>
      </godz>
      <godz h="22">
       <min m="06">
       </min>
      </godz>
     </dzien>
    </tabliczka>
   </przystanek>
   <przystanek id="31920001" nazwa="Kiełczów - Ładna" ulica="Wrocławska" cechy="">
    <czasy>
     <przystanek numer="0" id="31920001" nazwa="Kiełczów - Ładna" czas="0"/>
     <przystanek numer="1" id="29926" nazwa="KIEŁCZOWSKA (Cmentarz)" czas="4"/>
    </czasy>
    <tabliczka id="13" mc="1" cechy="NZ">
     <dzien nazwa="w dni robocze">
      <godz h="5">
       <min m="27">
       </min>
       <min m="55">
       </min>
      </godz>
      <godz h="6">
       <min m="25">
       </min>
       <min m="56">
       </min>
      </godz>
      <godz h="7">
       <min m="26">
       </min>
       <min m="56">
       </min>
      </godz>
      <godz h="8">
       <min m="14">
       </min>
       <min m="49">
       </min>
      </godz>
      <godz h="9">
       <min m="19">
       </min>
      </godz>
      <godz h="10">
       <min m="19">
       </min>
      </godz>
      <godz h="11">
       <min m="19">
       </min>
      </godz>
      <godz h="12">
       <min m="19">
       </min>
      </godz>
      <godz h="13">
       <min m="19">
       </min>
      </godz>
      <godz h="14">
       <min m="28">
       </min>
       <min m="58">
       </min>
      </godz>
      <godz h="15">
       <min m="28">
       </min>
       <min m="58">
       </min>
      </godz>
      <godz h="16">
       <min m="28">
       </min>
       <min m="58">
       </min>
      </godz>
      <godz h="17">
       <min m="28">
       </min>
       <min m="58">
       </min>
      </godz>
      <godz h="18">
       <min m="28">
       </min>
       <min m="51">
       </min>
      </godz>
      <godz h="19">
       <min m="51">
       </min>
      </godz>
      <godz h="20">
       <min m="51">
       </min>
      </godz>
      <godz h="21">
       <min m="51">
       </min>
      </godz>
      <godz h="22">
       <min m="51">
       </min>
      </godz>
     </dzien>
     <dzien nazwa="Sobota">
      <godz h="5">
       <min m="07">
       </min>
      </godz>
      <godz h="6">
       <min m="11">
       </min>
      </godz>
      <godz h="7">
       <min m="11">
       </min>
      </godz>
      <godz h="8">
       <min m="01">
       </min>
      </godz>
      <godz h="9">
       <min m="15">
       </min>
       <min m="45">
       </min>
      </godz>
      <godz h="10">
       <min m="16">
       </min>
       <min m="46">
       </min>
      </godz>
      <godz h="11">
       <min m="16">
       </min>
       <min m="46">
       </min>
      </godz>
      <godz h="12">
       <min m="16">
       </min>
       <min m="46">
       </min>
      </godz>
      <godz h="13">
       <min m="16">
       </min>
       <min m="46">
       </min>
      </godz>
      <godz h="14">
       <min m="16">
       </min>
       <min m="46">
       </min>
      </godz>
      <godz h="15">
       <min m="16">
       </min>
       <min m="46">
       </min>
      </godz>
      <godz h="16">
       <min m="16">
       </min>
       <min m="46">
       </min>
      </godz>
      <godz h="17">
       <min m="16">
       </min>
       <min m="46">
       </min>
      </godz>
      <godz h="18">
       <min m="16">
       </min>
       <min m="46">
       </min>
      </godz>
      <godz h="19">
       <min m="17">
       </min>
      </godz>
      <godz h="20">
       <min m="12">
       </min>
      </godz>
      <godz h="21">
       <min m="04">
       </min>
      </godz>
      <godz h="22">
       <min m="07">
       </min>
      </godz>
      <godz h="23">
       <min m="04">
       </min>
      </godz>
     </dzien>
     <dzien nazwa="Niedziela">
      <godz h="6">
       <min m="11">
       </min>
      </godz>
      <godz h="7">
       <min m="11">
       </min>
      </godz>
      <godz h="8">
       <min m="01">
       </min>
      </godz>
      <godz h="9">
       <min m="15">
       </min>
      </godz>
      <godz h="10">
       <min m="16">
       </min>
      </godz>
      <godz h="11">
       <min m="16">
       </min>
      </godz>
      <godz h="12">
       <min m="16">
       </min>
      </godz>
      <godz h="13">
       <min m="16">
       </min>
      </godz>
      <godz h="14">
       <min m="16">
       </min>
      </godz>
      <godz h="15">
       <min m="16">
       </min>
      </godz>
      <godz h="16">
       <min m="16">
       </min>
      </godz>
      <godz h="17">
       <min m="16">
       </min>
      </godz>
      <godz h="18">
       <min m="16">
       </min>
      </godz>
      <godz h="19">
       <min m="17">
       </min>
      </godz>
      <godz h="20">
       <min m="12">
       </min>
      </godz>
      <godz h="21">
       <min m="04">
       </min>
      </godz>
      <godz h="22">
       <min m="07">
       </min>
      </godz>
     </dzien>
    </tabliczka>
   </przystanek>
   <przystanek id="29926" nazwa="KIEŁCZOWSKA (Cmentarz)" ulica="Kiełczowska" cechy="1">
    <czasy>
    </czasy>
   </przystanek>
  </wariant>
 </linia>
</linie>
