<?xml version="1.0" encoding="UTF-8" ?>
<linie>
 <linia nazwa="607" typ="Podmiejska autobusowa" wazny_od="04.10.2025" wazny_do="">
  <wariant id="1" nazwa="Kwiska - Biskupice Podg. LG Energy Solution Wr. I">
   <przystanek id="12303" nazwa="Kwiska" ulica="Legnicka" cechy="">
    <czasy>
     <przystanek numer="0" id="12303" nazwa="Kwiska" czas="0"/>
     <przystanek numer="1" id="12153" nazwa="Wrocławski Park Technologiczny" czas="8"/>
     <przystanek numer="2" id="11712" nazwa="FAT" czas="15"/>
     <przystanek numer="3" id="17103" nazwa="Wiejska" czas="20"/>
     <przystanek numer="4" id="16717" nazwa="Wałbrzyska" czas="26"/>
     <przystanek numer="5" id="16721" nazwa="Połabian" czas="28"/>
     <przystanek numer="6" id="70344003" nazwa="Biskupice Podg. - Koreańska/Współpracy" czas="46"/>
     <przystanek numer="7" id="70161008" nazwa="Biskupice Podg. DSC Poland/Top Run Poland" czas="48"/>
     <przystanek numer="8" id="70161007" nazwa="Biskupice Podg. LG Energy Solution Wr. II" czas="50"/>
     <przystanek numer="9" id="70344001" nazwa="Biskupice Podg. LG Electronics" czas="54"/>
     <przystanek numer="10" id="70161001" nazwa="Biskupice Podg. LG Energy Solution Wr. I" czas="58"/>
    </czasy>
    <tabliczka id="1" mc="0">
     <dzien nazwa="w dni robocze">
      <godz h="5">
       <min m="42">
       </min>
       <min m="51">
       </min>
      </godz>
      <godz h="6">
       <min m="49">
       </min>
      </godz>
      <godz h="13">
       <min m="37" ozn="H" przyp="H - kurs bezpośrednio do LG Energy Solution Wrocław I przez ul. Koreańską i LG - be z objazdu strefy">
       </min>
      </godz>
     </dzien>
    </tabliczka>
   </przystanek>
   <przystanek id="12153" nazwa="Wrocławski Park Technologiczny" ulica="Klecińska" cechy="">
    <czasy>
     <przystanek numer="0" id="12153" nazwa="Wrocławski Park Technologiczny" czas="0"/>
     <przystanek numer="1" id="11712" nazwa="FAT" czas="7"/>
     <przystanek numer="2" id="17103" nazwa="Wiejska" czas="12"/>
     <przystanek numer="3" id="16717" nazwa="Wałbrzyska" czas="18"/>
     <przystanek numer="4" id="16721" nazwa="Połabian" czas="20"/>
     <przystanek numer="5" id="70344003" nazwa="Biskupice Podg. - Koreańska/Współpracy" czas="38"/>
     <przystanek numer="6" id="70161008" nazwa="Biskupice Podg. DSC Poland/Top Run Poland" czas="40"/>
     <przystanek numer="7" id="70161007" nazwa="Biskupice Podg. LG Energy Solution Wr. II" czas="42"/>
     <przystanek numer="8" id="70344001" nazwa="Biskupice Podg. LG Electronics" czas="46"/>
     <przystanek numer="9" id="70161001" nazwa="Biskupice Podg. LG Energy Solution Wr. I" czas="50"/>
    </czasy>
    <tabliczka id="2" mc="5">
     <dzien nazwa="w dni robocze">
      <godz h="5">
       <min m="47">
       </min>
       <min m="56">
       </min>
      </godz>
      <godz h="6">
       <min m="54">
       </min>
      </godz>
      <godz h="13">
       <min m="44" ozn="H" przyp="H - kurs bezpośrednio do LG Energy Solution Wrocław I przez ul. Koreańską i LG - be z objazdu strefy">
       </min>
      </godz>
      <godz h="14">
       <min m="31" ozn="H" przyp="H - kurs bezpośrednio do LG Energy Solution Wrocław I przez ul. Koreańską i LG - be z objazdu strefy">
       </min>
      </godz>
      <godz h="15">
       <min m="31" ozn="H" przyp="H - kurs bezpośrednio do LG Energy Solution Wrocław I przez ul. Koreańską i LG - be z objazdu strefy">
       </min>
      </godz>
     </dzien>
    </tabliczka>
   </przystanek>
   <przystanek id="11712" nazwa="FAT" ulica="Grabiszyńska" cechy="">
    <czasy>
     <przystanek numer="0" id="11712" nazwa="FAT" czas="0"/>
     <przystanek numer="1" id="17103" nazwa="Wiejska" czas="5"/>
     <przystanek numer="2" id="16717" nazwa="Wałbrzyska" czas="11"/>
     <przystanek numer="3" id="16721" nazwa="Połabian" czas="13"/>
     <przystanek numer="4" id="70344003" nazwa="Biskupice Podg. - Koreańska/Współpracy" czas="31"/>
     <przystanek numer="5" id="70161008" nazwa="Biskupice Podg. DSC Poland/Top Run Poland" czas="33"/>
     <przystanek numer="6" id="70161007" nazwa="Biskupice Podg. LG Energy Solution Wr. II" czas="35"/>
     <przystanek numer="7" id="70344001" nazwa="Biskupice Podg. LG Electronics" czas="39"/>
     <przystanek numer="8" id="70161001" nazwa="Biskupice Podg. LG Energy Solution Wr. I" czas="43"/>
    </czasy>
    <tabliczka id="3" mc="3">
     <dzien nazwa="w dni robocze">
      <godz h="5">
       <min m="50">
       </min>
       <min m="59">
       </min>
      </godz>
      <godz h="6">
       <min m="58">
       </min>
      </godz>
      <godz h="13">
       <min m="48" ozn="H" przyp="H - kurs bezpośrednio do LG Energy Solution Wrocław I przez ul. Koreańską i LG - be z objazdu strefy">
       </min>
      </godz>
      <godz h="14">
       <min m="35" ozn="H" przyp="H - kurs bezpośrednio do LG Energy Solution Wrocław I przez ul. Koreańską i LG - be z objazdu strefy">
       </min>
      </godz>
      <godz h="15">
       <min m="38" ozn="H" przyp="H - kurs bezpośrednio do LG Energy Solution Wrocław I przez ul. Koreańską i LG - be z objazdu strefy">
       </min>
      </godz>
     </dzien>
    </tabliczka>
   </przystanek>
   <przystanek id="17103" nazwa="Wiejska" ulica="Solskiego" cechy="">
    <czasy>
     <przystanek numer="0" id="17103" nazwa="Wiejska" czas="0"/>
     <przystanek numer="1" id="16717" nazwa="Wałbrzyska" czas="6"/>
     <przystanek numer="2" id="16721" nazwa="Połabian" czas="8"/>
     <przystanek numer="3" id="70344003" nazwa="Biskupice Podg. - Koreańska/Współpracy" czas="26"/>
     <przystanek numer="4" id="70161008" nazwa="Biskupice Podg. DSC Poland/Top Run Poland" czas="28"/>
     <przystanek numer="5" id="70161007" nazwa="Biskupice Podg. LG Energy Solution Wr. II" czas="30"/>
     <przystanek numer="6" id="70344001" nazwa="Biskupice Podg. LG Electronics" czas="34"/>
     <przystanek numer="7" id="70161001" nazwa="Biskupice Podg. LG Energy Solution Wr. I" czas="38"/>
    </czasy>
    <tabliczka id="4" mc="4">
     <dzien nazwa="w dni robocze">
      <godz h="5">
       <min m="54">
       </min>
      </godz>
      <godz h="6">
       <min m="03">
       </min>
      </godz>
      <godz h="7">
       <min m="02">
       </min>
      </godz>
      <godz h="13">
       <min m="52" ozn="H" przyp="H - kurs bezpośrednio do LG Energy Solution Wrocław I przez ul. Koreańską i LG - be z objazdu strefy">
       </min>
      </godz>
      <godz h="14">
       <min m="40" ozn="H" przyp="H - kurs bezpośrednio do LG Energy Solution Wrocław I przez ul. Koreańską i LG - be z objazdu strefy">
       </min>
      </godz>
      <godz h="15">
       <min m="43" ozn="H" przyp="H - kurs bezpośrednio do LG Energy Solution Wrocław I przez ul. Koreańską i LG - be z objazdu strefy">
       </min>
      </godz>
     </dzien>
    </tabliczka>
   </przystanek>
   <przystanek id="16717" nazwa="Wałbrzyska" ulica="Czekoladowa" cechy="">
    <czasy>
     <przystanek numer="0" id="16717" nazwa="Wałbrzyska" czas="0"/>
     <przystanek numer="1" id="16721" nazwa="Połabian" czas="2"/>
     <przystanek numer="2" id="70344003" nazwa="Biskupice Podg. - Koreańska/Współpracy" czas="20"/>
     <przystanek numer="3" id="70161008" nazwa="Biskupice Podg. DSC Poland/Top Run Poland" czas="22"/>
     <przystanek numer="4" id="70161007" nazwa="Biskupice Podg. LG Energy Solution Wr. II" czas="24"/>
     <przystanek numer="5" id="70344001" nazwa="Biskupice Podg. LG Electronics" czas="28"/>
     <przystanek numer="6" id="70161001" nazwa="Biskupice Podg. LG Energy Solution Wr. I" czas="32"/>
    </czasy>
    <tabliczka id="5" mc="4">
     <dzien nazwa="w dni robocze">
      <godz h="5">
       <min m="58">
       </min>
      </godz>
      <godz h="6">
       <min m="07">
       </min>
      </godz>
      <godz h="7">
       <min m="07">
       </min>
      </godz>
      <godz h="13">
       <min m="57" ozn="H" przyp="H - kurs bezpośrednio do LG Energy Solution Wrocław I przez ul. Koreańską i LG - be z objazdu strefy">
       </min>
      </godz>
      <godz h="14">
       <min m="45" ozn="H" przyp="H - kurs bezpośrednio do LG Energy Solution Wrocław I przez ul. Koreańską i LG - be z objazdu strefy">
       </min>
      </godz>
      <godz h="15">
       <min m="48" ozn="H" przyp="H - kurs bezpośrednio do LG Energy Solution Wrocław I przez ul. Koreańską i LG - be z objazdu strefy">
       </min>
      </godz>
     </dzien>
    </tabliczka>
   </przystanek>
   <przystanek id="16721" nazwa="Połabian" ulica="Czekoladowa" cechy="">
    <czasy>
     <przystanek numer="0" id="16721" nazwa="Połabian" czas="0"/>
     <przystanek numer="1" id="70344003" nazwa="Biskupice Podg. - Koreańska/Współpracy" czas="18"/>
     <przystanek numer="2" id="70161008" nazwa="Biskupice Podg. DSC Poland/Top Run Poland" czas="20"/>
     <przystanek numer="3" id="70161007" nazwa="Biskupice Podg. LG Energy Solution Wr. II" czas="22"/>
     <przystanek numer="4" id="70344001" nazwa="Biskupice Podg. LG Electronics" czas="26"/>
     <przystanek numer="5" id="70161001" nazwa="Biskupice Podg. LG Energy Solution Wr. I" czas="30"/>
    </czasy>
    <tabliczka id="6" mc="2">
     <dzien nazwa="w dni robocze">
      <godz h="6">
       <min m="00">
       </min>
       <min m="09">
       </min>
      </godz>
      <godz h="7">
       <min m="09">
       </min>
      </godz>
      <godz h="13">
       <min m="59" ozn="H" przyp="H - kurs bezpośrednio do LG Energy Solution Wrocław I przez ul. Koreańską i LG - be z objazdu strefy">
       </min>
      </godz>
      <godz h="14">
       <min m="47" ozn="H" przyp="H - kurs bezpośrednio do LG Energy Solution Wrocław I przez ul. Koreańską i LG - be z objazdu strefy">
       </min>
      </godz>
      <godz h="15">
       <min m="50" ozn="H" przyp="H - kurs bezpośrednio do LG Energy Solution Wrocław I przez ul. Koreańską i LG - be z objazdu strefy">
       </min>
      </godz>
     </dzien>
    </tabliczka>
   </przystanek>
   <przystanek id="70344003" nazwa="Biskupice Podg. - Koreańska/Współpracy" ulica="Koreańska" cechy="">
    <czasy>
     <przystanek numer="0" id="70344003" nazwa="Biskupice Podg. - Koreańska/Współpracy" czas="0"/>
     <przystanek numer="1" id="70161008" nazwa="Biskupice Podg. DSC Poland/Top Run Poland" czas="2"/>
     <przystanek numer="2" id="70161007" nazwa="Biskupice Podg. LG Energy Solution Wr. II" czas="4"/>
     <przystanek numer="3" id="70344001" nazwa="Biskupice Podg. LG Electronics" czas="8"/>
     <przystanek numer="4" id="70161001" nazwa="Biskupice Podg. LG Energy Solution Wr. I" czas="12"/>
    </czasy>
    <tabliczka id="7" mc="13">
     <dzien nazwa="w dni robocze">
      <godz h="6">
       <min m="13">
       </min>
       <min m="22">
       </min>
      </godz>
      <godz h="7">
       <min m="23">
       </min>
      </godz>
      <godz h="14">
       <min m="14" ozn="H" przyp="H - kurs bezpośrednio do LG Energy Solution Wrocław I przez ul. Koreańską i LG - be z objazdu strefy">
       </min>
      </godz>
      <godz h="15">
       <min m="02" ozn="H" przyp="H - kurs bezpośrednio do LG Energy Solution Wrocław I przez ul. Koreańską i LG - be z objazdu strefy">
       </min>
      </godz>
      <godz h="16">
       <min m="06" ozn="H" przyp="H - kurs bezpośrednio do LG Energy Solution Wrocław I przez ul. Koreańską i LG - be z objazdu strefy">
       </min>
      </godz>
     </dzien>
    </tabliczka>
   </przystanek>
   <przystanek id="70161008" nazwa="Biskupice Podg. DSC Poland/Top Run Poland" ulica="Współpracy" cechy="">
    <czasy>
     <przystanek numer="0" id="70161008" nazwa="Biskupice Podg. DSC Poland/Top Run Poland" czas="0"/>
     <przystanek numer="1" id="70161007" nazwa="Biskupice Podg. LG Energy Solution Wr. II" czas="2"/>
     <przystanek numer="2" id="70344001" nazwa="Biskupice Podg. LG Electronics" czas="6"/>
     <przystanek numer="3" id="70161001" nazwa="Biskupice Podg. LG Energy Solution Wr. I" czas="10"/>
    </czasy>
    <tabliczka id="8" mc="1">
     <dzien nazwa="w dni robocze">
      <godz h="6">
       <min m="15">
       </min>
       <min m="24">
       </min>
      </godz>
      <godz h="7">
       <min m="25">
       </min>
      </godz>
     </dzien>
    </tabliczka>
   </przystanek>
   <przystanek id="70161007" nazwa="Biskupice Podg. LG Energy Solution Wr. II" ulica="Seulska" cechy="">
    <czasy>
     <przystanek numer="0" id="70161007" nazwa="Biskupice Podg. LG Energy Solution Wr. II" czas="0"/>
     <przystanek numer="1" id="70344001" nazwa="Biskupice Podg. LG Electronics" czas="4"/>
     <przystanek numer="2" id="70161001" nazwa="Biskupice Podg. LG Energy Solution Wr. I" czas="8"/>
    </czasy>
    <tabliczka id="9" mc="2">
     <dzien nazwa="w dni robocze">
      <godz h="6">
       <min m="17">
       </min>
       <min m="26">
       </min>
      </godz>
      <godz h="7">
       <min m="27">
       </min>
      </godz>
     </dzien>
    </tabliczka>
   </przystanek>
   <przystanek id="70344001" nazwa="Biskupice Podg. LG Electronics" ulica="Koreańska" cechy="">
    <czasy>
     <przystanek numer="0" id="70344001" nazwa="Biskupice Podg. LG Electronics" czas="0"/>
     <przystanek numer="1" id="70161001" nazwa="Biskupice Podg. LG Energy Solution Wr. I" czas="4"/>
    </czasy>
    <tabliczka id="10" mc="4">
     <dzien nazwa="w dni robocze">
      <godz h="6">
       <min m="21">
       </min>
       <min m="30">
       </min>
      </godz>
      <godz h="7">
       <min m="31">
       </min>
      </godz>
      <godz h="14">
       <min m="16">
       </min>
      </godz>
      <godz h="15">
       <min m="04">
       </min>
      </godz>
      <godz h="16">
       <min m="08">
       </min>
      </godz>
     </dzien>
    </tabliczka>
   </przystanek>
   <przystanek id="70161001" nazwa="Biskupice Podg. LG Energy Solution Wr. I" ulica="LG" cechy="">
    <czasy>
    </czasy>
   </przystanek>
  </wariant>
  <wariant id="2" nazwa="Biskupice Podg. LG Energy Solution Wr. I - Zajezdnia OBORNICKA">
   <przystanek id="70161001" nazwa="Biskupice Podg. LG Energy Solution Wr. I" ulica="LG" cechy="">
    <czasy>
     <przystanek numer="0" id="70161001" nazwa="Biskupice Podg. LG Energy Solution Wr. I" czas="0"/>
     <przystanek numer="1" id="70161006" nazwa="Biskupice Podg. LG Electronics" czas="4"/>
     <przystanek numer="2" id="70161003" nazwa="Biskupice Podg. LG Innotek" czas="9"/>
     <przystanek numer="3" id="70161005" nazwa="Biskupice Podg. DSC Poland/Top Run Poland" czas="11"/>
     <przystanek numer="4" id="70344002" nazwa="Biskupice Podg. - Koreańska/Współpracy" czas="12"/>
     <przystanek numer="5" id="16720" nazwa="Połabian" czas="28"/>
     <przystanek numer="6" id="16705" nazwa="Wałbrzyska" czas="34"/>
     <przystanek numer="7" id="17104" nazwa="Wiejska" czas="40"/>
     <przystanek numer="8" id="11707" nazwa="FAT" czas="48"/>
     <przystanek numer="9" id="12150" nazwa="Wrocławski Park Technologiczny" czas="51"/>
     <przystanek numer="10" id="112206" nazwa="Kwiska" czas="58"/>
     <przystanek numer="11" id="12315" nazwa="Wejherowska (Hala Orbita)" czas="61"/>
     <przystanek numer="12" id="12320" nazwa="Milenijna (Hala Orbita)" czas="63"/>
     <przystanek numer="13" id="23110" nazwa="most Milenijny" czas="64"/>
     <przystanek numer="14" id="23154" nazwa="Obornicka (Obwodnica)" czas="68"/>
     <przystanek numer="15" id="23152" nazwa="Irysowa" czas="69"/>
     <przystanek numer="16" id="9" nazwa="Zajezdnia OBORNICKA" czas="71"/>
    </czasy>
    <tabliczka id="11" mc="0">
     <dzien nazwa="w dni robocze">
      <godz h="6">
       <min m="42" ozn="W" przyp="W - kurs do Muchoboru Wielkiego (Roślinna) przez ul. LG i Koreańską - bez objazdu s trefy (do przyst. Wrocławski Park Technologiczny po trasie)">
       </min>
      </godz>
      <godz h="7">
       <min m="15" ozn="X" przyp="X - zjazd do zajezdni przy ul. Obornickiej przez ul. LG i Koreańską - bez objazdu s trefy">
       </min>
       <min m="55" ozn="X" przyp="X - zjazd do zajezdni przy ul. Obornickiej przez ul. LG i Koreańską - bez objazdu s trefy">
       </min>
      </godz>
      <godz h="14">
       <min m="42">
       </min>
      </godz>
      <godz h="15">
       <min m="30" ozn="K" przyp="K - kurs skrócony do Kwiskiej">
       </min>
      </godz>
      <godz h="16">
       <min m="30">
       </min>
      </godz>
     </dzien>
    </tabliczka>
   </przystanek>
   <przystanek id="70161006" nazwa="Biskupice Podg. LG Electronics" ulica="Seulska" cechy="">
    <czasy>
     <przystanek numer="0" id="70161006" nazwa="Biskupice Podg. LG Electronics" czas="0"/>
     <przystanek numer="1" id="70161003" nazwa="Biskupice Podg. LG Innotek" czas="5"/>
     <przystanek numer="2" id="70161005" nazwa="Biskupice Podg. DSC Poland/Top Run Poland" czas="7"/>
     <przystanek numer="3" id="70344002" nazwa="Biskupice Podg. - Koreańska/Współpracy" czas="8"/>
     <przystanek numer="4" id="16720" nazwa="Połabian" czas="24"/>
     <przystanek numer="5" id="16705" nazwa="Wałbrzyska" czas="30"/>
     <przystanek numer="6" id="17104" nazwa="Wiejska" czas="36"/>
     <przystanek numer="7" id="11707" nazwa="FAT" czas="44"/>
     <przystanek numer="8" id="12150" nazwa="Wrocławski Park Technologiczny" czas="47"/>
     <przystanek numer="9" id="112206" nazwa="Kwiska" czas="54"/>
     <przystanek numer="10" id="12315" nazwa="Wejherowska (Hala Orbita)" czas="57"/>
     <przystanek numer="11" id="12320" nazwa="Milenijna (Hala Orbita)" czas="59"/>
     <przystanek numer="12" id="23110" nazwa="most Milenijny" czas="60"/>
     <przystanek numer="13" id="23154" nazwa="Obornicka (Obwodnica)" czas="64"/>
     <przystanek numer="14" id="23152" nazwa="Irysowa" czas="65"/>
     <przystanek numer="15" id="9" nazwa="Zajezdnia OBORNICKA" czas="67"/>
    </czasy>
    <tabliczka id="12" mc="4">
     <dzien nazwa="w dni robocze">
      <godz h="6">
       <min m="46" ozn="W" przyp="W - kurs do Muchoboru Wielkiego (Roślinna) przez ul. LG i Koreańską - bez objazdu s trefy (do przyst. Wrocławski Park Technologiczny po trasie)">
       </min>
      </godz>
      <godz h="7">
       <min m="19" ozn="X" przyp="X - zjazd do zajezdni przy ul. Obornickiej przez ul. LG i Koreańską - bez objazdu s trefy">
       </min>
       <min m="59" ozn="X" przyp="X - zjazd do zajezdni przy ul. Obornickiej przez ul. LG i Koreańską - bez objazdu s trefy">
       </min>
      </godz>
      <godz h="14">
       <min m="46">
       </min>
      </godz>
      <godz h="15">
       <min m="34" ozn="K" przyp="K - kurs skrócony do Kwiskiej">
       </min>
      </godz>
      <godz h="16">
       <min m="34">
       </min>
      </godz>
     </dzien>
    </tabliczka>
   </przystanek>
   <przystanek id="70161003" nazwa="Biskupice Podg. LG Innotek" ulica="Seulska" cechy="">
    <czasy>
     <przystanek numer="0" id="70161003" nazwa="Biskupice Podg. LG Innotek" czas="0"/>
     <przystanek numer="1" id="70161005" nazwa="Biskupice Podg. DSC Poland/Top Run Poland" czas="2"/>
     <przystanek numer="2" id="70344002" nazwa="Biskupice Podg. - Koreańska/Współpracy" czas="3"/>
     <przystanek numer="3" id="16720" nazwa="Połabian" czas="19"/>
     <przystanek numer="4" id="16705" nazwa="Wałbrzyska" czas="25"/>
     <przystanek numer="5" id="17104" nazwa="Wiejska" czas="31"/>
     <przystanek numer="6" id="11707" nazwa="FAT" czas="39"/>
     <przystanek numer="7" id="12150" nazwa="Wrocławski Park Technologiczny" czas="42"/>
     <przystanek numer="8" id="112206" nazwa="Kwiska" czas="49"/>
     <przystanek numer="9" id="12315" nazwa="Wejherowska (Hala Orbita)" czas="52"/>
     <przystanek numer="10" id="12320" nazwa="Milenijna (Hala Orbita)" czas="54"/>
     <przystanek numer="11" id="23110" nazwa="most Milenijny" czas="55"/>
     <przystanek numer="12" id="23154" nazwa="Obornicka (Obwodnica)" czas="59"/>
     <przystanek numer="13" id="23152" nazwa="Irysowa" czas="60"/>
     <przystanek numer="14" id="9" nazwa="Zajezdnia OBORNICKA" czas="62"/>
    </czasy>
    <tabliczka id="13" mc="5">
     <dzien nazwa="w dni robocze">
      <godz h="14">
       <min m="51">
       </min>
      </godz>
      <godz h="15">
       <min m="39" ozn="K" przyp="K - kurs skrócony do Kwiskiej">
       </min>
      </godz>
      <godz h="16">
       <min m="39">
       </min>
      </godz>
     </dzien>
    </tabliczka>
   </przystanek>
   <przystanek id="70161005" nazwa="Biskupice Podg. DSC Poland/Top Run Poland" ulica="Współpracy" cechy="">
    <czasy>
     <przystanek numer="0" id="70161005" nazwa="Biskupice Podg. DSC Poland/Top Run Poland" czas="0"/>
     <przystanek numer="1" id="70344002" nazwa="Biskupice Podg. - Koreańska/Współpracy" czas="1"/>
     <przystanek numer="2" id="16720" nazwa="Połabian" czas="17"/>
     <przystanek numer="3" id="16705" nazwa="Wałbrzyska" czas="23"/>
     <przystanek numer="4" id="17104" nazwa="Wiejska" czas="29"/>
     <przystanek numer="5" id="11707" nazwa="FAT" czas="37"/>
     <przystanek numer="6" id="12150" nazwa="Wrocławski Park Technologiczny" czas="40"/>
     <przystanek numer="7" id="112206" nazwa="Kwiska" czas="47"/>
     <przystanek numer="8" id="12315" nazwa="Wejherowska (Hala Orbita)" czas="50"/>
     <przystanek numer="9" id="12320" nazwa="Milenijna (Hala Orbita)" czas="52"/>
     <przystanek numer="10" id="23110" nazwa="most Milenijny" czas="53"/>
     <przystanek numer="11" id="23154" nazwa="Obornicka (Obwodnica)" czas="57"/>
     <przystanek numer="12" id="23152" nazwa="Irysowa" czas="58"/>
     <przystanek numer="13" id="9" nazwa="Zajezdnia OBORNICKA" czas="60"/>
    </czasy>
    <tabliczka id="14" mc="2">
     <dzien nazwa="w dni robocze">
      <godz h="14">
       <min m="53">
       </min>
      </godz>
      <godz h="15">
       <min m="41" ozn="K" przyp="K - kurs skrócony do Kwiskiej">
       </min>
      </godz>
      <godz h="16">
       <min m="41">
       </min>
      </godz>
     </dzien>
    </tabliczka>
   </przystanek>
   <przystanek id="70344002" nazwa="Biskupice Podg. - Koreańska/Współpracy" ulica="Koreańska" cechy="">
    <czasy>
     <przystanek numer="0" id="70344002" nazwa="Biskupice Podg. - Koreańska/Współpracy" czas="0"/>
     <przystanek numer="1" id="16720" nazwa="Połabian" czas="16"/>
     <przystanek numer="2" id="16705" nazwa="Wałbrzyska" czas="22"/>
     <przystanek numer="3" id="17104" nazwa="Wiejska" czas="28"/>
     <przystanek numer="4" id="11707" nazwa="FAT" czas="36"/>
     <przystanek numer="5" id="12150" nazwa="Wrocławski Park Technologiczny" czas="39"/>
     <przystanek numer="6" id="112206" nazwa="Kwiska" czas="46"/>
     <przystanek numer="7" id="12315" nazwa="Wejherowska (Hala Orbita)" czas="49"/>
     <przystanek numer="8" id="12320" nazwa="Milenijna (Hala Orbita)" czas="51"/>
     <przystanek numer="9" id="23110" nazwa="most Milenijny" czas="52"/>
     <przystanek numer="10" id="23154" nazwa="Obornicka (Obwodnica)" czas="56"/>
     <przystanek numer="11" id="23152" nazwa="Irysowa" czas="57"/>
     <przystanek numer="12" id="9" nazwa="Zajezdnia OBORNICKA" czas="59"/>
    </czasy>
    <tabliczka id="15" mc="1">
     <dzien nazwa="w dni robocze">
      <godz h="6">
       <min m="49" ozn="W" przyp="W - kurs do Muchoboru Wielkiego (Roślinna) przez ul. LG i Koreańską - bez objazdu s trefy (do przyst. Wrocławski Park Technologiczny po trasie)">
       </min>
      </godz>
      <godz h="7">
       <min m="22">
       </min>
      </godz>
      <godz h="8">
       <min m="02">
       </min>
      </godz>
      <godz h="14">
       <min m="54">
       </min>
      </godz>
      <godz h="15">
       <min m="42" ozn="K" przyp="K - kurs skrócony do Kwiskiej">
       </min>
      </godz>
      <godz h="16">
       <min m="42">
       </min>
      </godz>
     </dzien>
    </tabliczka>
   </przystanek>
   <przystanek id="16720" nazwa="Połabian" ulica="Czekoladowa" cechy="">
    <czasy>
     <przystanek numer="0" id="16720" nazwa="Połabian" czas="0"/>
     <przystanek numer="1" id="16705" nazwa="Wałbrzyska" czas="6"/>
     <przystanek numer="2" id="17104" nazwa="Wiejska" czas="12"/>
     <przystanek numer="3" id="11707" nazwa="FAT" czas="20"/>
     <przystanek numer="4" id="12150" nazwa="Wrocławski Park Technologiczny" czas="23"/>
     <przystanek numer="5" id="112206" nazwa="Kwiska" czas="30"/>
     <przystanek numer="6" id="12315" nazwa="Wejherowska (Hala Orbita)" czas="33"/>
     <przystanek numer="7" id="12320" nazwa="Milenijna (Hala Orbita)" czas="35"/>
     <przystanek numer="8" id="23110" nazwa="most Milenijny" czas="36"/>
     <przystanek numer="9" id="23154" nazwa="Obornicka (Obwodnica)" czas="40"/>
     <przystanek numer="10" id="23152" nazwa="Irysowa" czas="41"/>
     <przystanek numer="11" id="9" nazwa="Zajezdnia OBORNICKA" czas="43"/>
    </czasy>
    <tabliczka id="16" mc="14">
     <dzien nazwa="w dni robocze">
      <godz h="7">
       <min m="02" ozn="W" przyp="W - kurs do Muchoboru Wielkiego (Roślinna) przez ul. LG i Koreańską - bez objazdu s trefy (do przyst. Wrocławski Park Technologiczny po trasie)">
       </min>
       <min m="36">
       </min>
      </godz>
      <godz h="8">
       <min m="15">
       </min>
      </godz>
      <godz h="15">
       <min m="09">
       </min>
       <min m="58" ozn="K" przyp="K - kurs skrócony do Kwiskiej">
       </min>
      </godz>
      <godz h="16">
       <min m="58">
       </min>
      </godz>
     </dzien>
    </tabliczka>
   </przystanek>
   <przystanek id="16705" nazwa="Wałbrzyska" ulica="Karmelkowa" cechy="">
    <czasy>
     <przystanek numer="0" id="16705" nazwa="Wałbrzyska" czas="0"/>
     <przystanek numer="1" id="17104" nazwa="Wiejska" czas="6"/>
     <przystanek numer="2" id="11707" nazwa="FAT" czas="14"/>
     <przystanek numer="3" id="12150" nazwa="Wrocławski Park Technologiczny" czas="17"/>
     <przystanek numer="4" id="112206" nazwa="Kwiska" czas="24"/>
     <przystanek numer="5" id="12315" nazwa="Wejherowska (Hala Orbita)" czas="27"/>
     <przystanek numer="6" id="12320" nazwa="Milenijna (Hala Orbita)" czas="29"/>
     <przystanek numer="7" id="23110" nazwa="most Milenijny" czas="30"/>
     <przystanek numer="8" id="23154" nazwa="Obornicka (Obwodnica)" czas="34"/>
     <przystanek numer="9" id="23152" nazwa="Irysowa" czas="35"/>
     <przystanek numer="10" id="9" nazwa="Zajezdnia OBORNICKA" czas="37"/>
    </czasy>
    <tabliczka id="17" mc="4">
     <dzien nazwa="w dni robocze">
      <godz h="7">
       <min m="07" ozn="W" przyp="W - kurs do Muchoboru Wielkiego (Roślinna) przez ul. LG i Koreańską - bez objazdu s trefy (do przyst. Wrocławski Park Technologiczny po trasie)">
       </min>
       <min m="41">
       </min>
      </godz>
      <godz h="8">
       <min m="20">
       </min>
      </godz>
      <godz h="15">
       <min m="15">
       </min>
      </godz>
      <godz h="16">
       <min m="04" ozn="K" przyp="K - kurs skrócony do Kwiskiej">
       </min>
      </godz>
      <godz h="17">
       <min m="04">
       </min>
      </godz>
     </dzien>
    </tabliczka>
   </przystanek>
   <przystanek id="17104" nazwa="Wiejska" ulica="Solskiego" cechy="">
    <czasy>
     <przystanek numer="0" id="17104" nazwa="Wiejska" czas="0"/>
     <przystanek numer="1" id="11707" nazwa="FAT" czas="8"/>
     <przystanek numer="2" id="12150" nazwa="Wrocławski Park Technologiczny" czas="11"/>
     <przystanek numer="3" id="112206" nazwa="Kwiska" czas="18"/>
     <przystanek numer="4" id="12315" nazwa="Wejherowska (Hala Orbita)" czas="21"/>
     <przystanek numer="5" id="12320" nazwa="Milenijna (Hala Orbita)" czas="23"/>
     <przystanek numer="6" id="23110" nazwa="most Milenijny" czas="24"/>
     <przystanek numer="7" id="23154" nazwa="Obornicka (Obwodnica)" czas="28"/>
     <przystanek numer="8" id="23152" nazwa="Irysowa" czas="29"/>
     <przystanek numer="9" id="9" nazwa="Zajezdnia OBORNICKA" czas="31"/>
    </czasy>
    <tabliczka id="18" mc="5">
     <dzien nazwa="w dni robocze">
      <godz h="7">
       <min m="11" ozn="W" przyp="W - kurs do Muchoboru Wielkiego (Roślinna) przez ul. LG i Koreańską - bez objazdu s trefy (do przyst. Wrocławski Park Technologiczny po trasie)">
       </min>
       <min m="45">
       </min>
      </godz>
      <godz h="8">
       <min m="24">
       </min>
      </godz>
      <godz h="15">
       <min m="21">
       </min>
      </godz>
      <godz h="16">
       <min m="10" ozn="K" przyp="K - kurs skrócony do Kwiskiej">
       </min>
      </godz>
      <godz h="17">
       <min m="07">
       </min>
      </godz>
     </dzien>
    </tabliczka>
   </przystanek>
   <przystanek id="11707" nazwa="FAT" ulica="Klecińska" cechy="">
    <czasy>
     <przystanek numer="0" id="11707" nazwa="FAT" czas="0"/>
     <przystanek numer="1" id="12150" nazwa="Wrocławski Park Technologiczny" czas="3"/>
     <przystanek numer="2" id="112206" nazwa="Kwiska" czas="10"/>
     <przystanek numer="3" id="12315" nazwa="Wejherowska (Hala Orbita)" czas="13"/>
     <przystanek numer="4" id="12320" nazwa="Milenijna (Hala Orbita)" czas="15"/>
     <przystanek numer="5" id="23110" nazwa="most Milenijny" czas="16"/>
     <przystanek numer="6" id="23154" nazwa="Obornicka (Obwodnica)" czas="20"/>
     <przystanek numer="7" id="23152" nazwa="Irysowa" czas="21"/>
     <przystanek numer="8" id="9" nazwa="Zajezdnia OBORNICKA" czas="23"/>
    </czasy>
    <tabliczka id="19" mc="4">
     <dzien nazwa="w dni robocze">
      <godz h="7">
       <min m="19" ozn="W" przyp="W - kurs do Muchoboru Wielkiego (Roślinna) przez ul. LG i Koreańską - bez objazdu s trefy (do przyst. Wrocławski Park Technologiczny po trasie)">
       </min>
       <min m="53">
       </min>
      </godz>
      <godz h="8">
       <min m="32">
       </min>
      </godz>
      <godz h="15">
       <min m="29">
       </min>
      </godz>
      <godz h="16">
       <min m="18" ozn="K" przyp="K - kurs skrócony do Kwiskiej">
       </min>
      </godz>
      <godz h="17">
       <min m="15">
       </min>
      </godz>
     </dzien>
    </tabliczka>
   </przystanek>
   <przystanek id="12150" nazwa="Wrocławski Park Technologiczny" ulica="Klecińska" cechy="">
    <czasy>
     <przystanek numer="0" id="12150" nazwa="Wrocławski Park Technologiczny" czas="0"/>
     <przystanek numer="1" id="112206" nazwa="Kwiska" czas="7"/>
     <przystanek numer="2" id="12315" nazwa="Wejherowska (Hala Orbita)" czas="10"/>
     <przystanek numer="3" id="12320" nazwa="Milenijna (Hala Orbita)" czas="12"/>
     <przystanek numer="4" id="23110" nazwa="most Milenijny" czas="13"/>
     <przystanek numer="5" id="23154" nazwa="Obornicka (Obwodnica)" czas="17"/>
     <przystanek numer="6" id="23152" nazwa="Irysowa" czas="18"/>
     <przystanek numer="7" id="9" nazwa="Zajezdnia OBORNICKA" czas="20"/>
    </czasy>
    <tabliczka id="20" mc="3">
     <dzien nazwa="w dni robocze">
      <godz h="7">
       <min m="22" ozn="W" przyp="W - kurs do Muchoboru Wielkiego (Roślinna) przez ul. LG i Koreańską - bez objazdu s trefy (do przyst. Wrocławski Park Technologiczny po trasie)">
       </min>
       <min m="56">
       </min>
      </godz>
      <godz h="8">
       <min m="35">
       </min>
      </godz>
      <godz h="15">
       <min m="32">
       </min>
      </godz>
      <godz h="16">
       <min m="21" ozn="K" przyp="K - kurs skrócony do Kwiskiej">
       </min>
      </godz>
      <godz h="17">
       <min m="18">
       </min>
      </godz>
     </dzien>
    </tabliczka>
   </przystanek>
   <przystanek id="112206" nazwa="Kwiska" ulica="Legnicka" cechy="">
    <czasy>
     <przystanek numer="0" id="112206" nazwa="Kwiska" czas="0"/>
     <przystanek numer="1" id="12315" nazwa="Wejherowska (Hala Orbita)" czas="3"/>
     <przystanek numer="2" id="12320" nazwa="Milenijna (Hala Orbita)" czas="5"/>
     <przystanek numer="3" id="23110" nazwa="most Milenijny" czas="6"/>
     <przystanek numer="4" id="23154" nazwa="Obornicka (Obwodnica)" czas="10"/>
     <przystanek numer="5" id="23152" nazwa="Irysowa" czas="11"/>
     <przystanek numer="6" id="9" nazwa="Zajezdnia OBORNICKA" czas="13"/>
    </czasy>
    <tabliczka id="21" mc="7">
     <dzien nazwa="w dni robocze">
      <godz h="8">
       <min m="03">
       </min>
       <min m="42">
       </min>
      </godz>
      <godz h="15">
       <min m="39">
       </min>
      </godz>
      <godz h="17">
       <min m="25">
       </min>
      </godz>
     </dzien>
    </tabliczka>
   </przystanek>
   <przystanek id="12315" nazwa="Wejherowska (Hala Orbita)" ulica="Popowicka" cechy="">
    <czasy>
     <przystanek numer="0" id="12315" nazwa="Wejherowska (Hala Orbita)" czas="0"/>
     <przystanek numer="1" id="12320" nazwa="Milenijna (Hala Orbita)" czas="2"/>
     <przystanek numer="2" id="23110" nazwa="most Milenijny" czas="3"/>
     <przystanek numer="3" id="23154" nazwa="Obornicka (Obwodnica)" czas="7"/>
     <przystanek numer="4" id="23152" nazwa="Irysowa" czas="8"/>
     <przystanek numer="5" id="9" nazwa="Zajezdnia OBORNICKA" czas="10"/>
    </czasy>
    <tabliczka id="22" mc="2">
     <dzien nazwa="w dni robocze">
      <godz h="8">
       <min m="06">
       </min>
       <min m="45">
       </min>
      </godz>
      <godz h="15">
       <min m="42">
       </min>
      </godz>
      <godz h="17">
       <min m="28">
       </min>
      </godz>
     </dzien>
    </tabliczka>
   </przystanek>
   <przystanek id="12320" nazwa="Milenijna (Hala Orbita)" ulica="Milenijna" cechy="">
    <czasy>
     <przystanek numer="0" id="12320" nazwa="Milenijna (Hala Orbita)" czas="0"/>
     <przystanek numer="1" id="23110" nazwa="most Milenijny" czas="1"/>
     <przystanek numer="2" id="23154" nazwa="Obornicka (Obwodnica)" czas="5"/>
     <przystanek numer="3" id="23152" nazwa="Irysowa" czas="6"/>
     <przystanek numer="4" id="9" nazwa="Zajezdnia OBORNICKA" czas="8"/>
    </czasy>
    <tabliczka id="23" mc="2" cechy="NZ">
     <dzien nazwa="w dni robocze">
      <godz h="8">
       <min m="08">
       </min>
       <min m="47">
       </min>
      </godz>
      <godz h="15">
       <min m="44">
       </min>
      </godz>
      <godz h="17">
       <min m="30">
       </min>
      </godz>
     </dzien>
    </tabliczka>
   </przystanek>
   <przystanek id="23110" nazwa="most Milenijny" ulica="most Milenijny" cechy="">
    <czasy>
     <przystanek numer="0" id="23110" nazwa="most Milenijny" czas="0"/>
     <przystanek numer="1" id="23154" nazwa="Obornicka (Obwodnica)" czas="4"/>
     <przystanek numer="2" id="23152" nazwa="Irysowa" czas="5"/>
     <przystanek numer="3" id="9" nazwa="Zajezdnia OBORNICKA" czas="7"/>
    </czasy>
    <tabliczka id="24" mc="1" cechy="NZ">
     <dzien nazwa="w dni robocze">
      <godz h="8">
       <min m="09">
       </min>
       <min m="48">
       </min>
      </godz>
      <godz h="15">
       <min m="45">
       </min>
      </godz>
      <godz h="17">
       <min m="31">
       </min>
      </godz>
     </dzien>
    </tabliczka>
   </przystanek>
   <przystanek id="23154" nazwa="Obornicka (Obwodnica)" ulica="Obornicka" cechy="">
    <czasy>
     <przystanek numer="0" id="23154" nazwa="Obornicka (Obwodnica)" czas="0"/>
     <przystanek numer="1" id="23152" nazwa="Irysowa" czas="1"/>
     <przystanek numer="2" id="9" nazwa="Zajezdnia OBORNICKA" czas="3"/>
    </czasy>
    <tabliczka id="25" mc="4" cechy="NZ">
     <dzien nazwa="w dni robocze">
      <godz h="8">
       <min m="13">
       </min>
       <min m="52">
       </min>
      </godz>
      <godz h="15">
       <min m="49">
       </min>
      </godz>
      <godz h="17">
       <min m="35">
       </min>
      </godz>
     </dzien>
    </tabliczka>
   </przystanek>
   <przystanek id="23152" nazwa="Irysowa" ulica="Obornicka" cechy="">
    <czasy>
     <przystanek numer="0" id="23152" nazwa="Irysowa" czas="0"/>
     <przystanek numer="1" id="9" nazwa="Zajezdnia OBORNICKA" czas="2"/>
    </czasy>
    <tabliczka id="26" mc="1" cechy="NZ">
     <dzien nazwa="w dni robocze">
      <godz h="8">
       <min m="14">
       </min>
       <min m="53">
       </min>
      </godz>
      <godz h="15">
       <min m="50">
       </min>
      </godz>
      <godz h="17">
       <min m="36">
       </min>
      </godz>
     </dzien>
    </tabliczka>
   </przystanek>
   <przystanek id="9" nazwa="Zajezdnia OBORNICKA" ulica="Obornicka" cechy="">
    <czasy>
    </czasy>
   </przystanek>
  </wariant>
  <wariant id="3" nazwa="Biskupice Podg. LG Energy Solution Wr. I - Kwiska" obj="n104">
   <przystanek id="70161001" nazwa="Biskupice Podg. LG Energy Solution Wr. I" ulica="LG" cechy="">
    <czasy>
     <przystanek numer="0" id="70161001" nazwa="Biskupice Podg. LG Energy Solution Wr. I" czas="0"/>
     <przystanek numer="1" id="70161006" nazwa="Biskupice Podg. LG Electronics" czas="4"/>
     <przystanek numer="2" id="70161003" nazwa="Biskupice Podg. LG Innotek" czas="9"/>
     <przystanek numer="3" id="70161005" nazwa="Biskupice Podg. DSC Poland/Top Run Poland" czas="11"/>
     <przystanek numer="4" id="70344002" nazwa="Biskupice Podg. - Koreańska/Współpracy" czas="12"/>
     <przystanek numer="5" id="16720" nazwa="Połabian" czas="28"/>
     <przystanek numer="6" id="16705" nazwa="Wałbrzyska" czas="34"/>
     <przystanek numer="7" id="17104" nazwa="Wiejska" czas="40"/>
     <przystanek numer="8" id="11707" nazwa="FAT" czas="48"/>
     <przystanek numer="9" id="12150" nazwa="Wrocławski Park Technologiczny" czas="51"/>
     <przystanek numer="10" id="112206" nazwa="Kwiska" czas="58"/>
     <przystanek numer="11" id="12315" nazwa="Wejherowska (Hala Orbita)" czas="61"/>
     <przystanek numer="12" id="12320" nazwa="Milenijna (Hala Orbita)" czas="63"/>
     <przystanek numer="13" id="23110" nazwa="most Milenijny" czas="64"/>
     <przystanek numer="14" id="23154" nazwa="Obornicka (Obwodnica)" czas="68"/>
     <przystanek numer="15" id="23152" nazwa="Irysowa" czas="69"/>
     <przystanek numer="16" id="9" nazwa="Zajezdnia OBORNICKA" czas="71"/>
    </czasy>
    <tabliczka id="11" mc="0">
     <dzien nazwa="w dni robocze">
      <godz h="6">
       <min m="42" ozn="W" przyp="W - kurs do Muchoboru Wielkiego (Roślinna) przez ul. LG i Koreańską - bez objazdu s trefy (do przyst. Wrocławski Park Technologiczny po trasie)">
       </min>
      </godz>
      <godz h="7">
       <min m="15" ozn="X" przyp="X - zjazd do zajezdni przy ul. Obornickiej przez ul. LG i Koreańską - bez objazdu s trefy">
       </min>
       <min m="55" ozn="X" przyp="X - zjazd do zajezdni przy ul. Obornickiej przez ul. LG i Koreańską - bez objazdu s trefy">
       </min>
      </godz>
      <godz h="14">
       <min m="42">
       </min>
      </godz>
      <godz h="15">
       <min m="30" ozn="K" przyp="K - kurs skrócony do Kwiskiej">
       </min>
      </godz>
      <godz h="16">
       <min m="30">
       </min>
      </godz>
     </dzien>
    </tabliczka>
   </przystanek>
   <przystanek id="70161006" nazwa="Biskupice Podg. LG Electronics" ulica="Seulska" cechy="">
    <czasy>
     <przystanek numer="0" id="70161006" nazwa="Biskupice Podg. LG Electronics" czas="0"/>
     <przystanek numer="1" id="70161003" nazwa="Biskupice Podg. LG Innotek" czas="5"/>
     <przystanek numer="2" id="70161005" nazwa="Biskupice Podg. DSC Poland/Top Run Poland" czas="7"/>
     <przystanek numer="3" id="70344002" nazwa="Biskupice Podg. - Koreańska/Współpracy" czas="8"/>
     <przystanek numer="4" id="16720" nazwa="Połabian" czas="24"/>
     <przystanek numer="5" id="16705" nazwa="Wałbrzyska" czas="30"/>
     <przystanek numer="6" id="17104" nazwa="Wiejska" czas="36"/>
     <przystanek numer="7" id="11707" nazwa="FAT" czas="44"/>
     <przystanek numer="8" id="12150" nazwa="Wrocławski Park Technologiczny" czas="47"/>
     <przystanek numer="9" id="112206" nazwa="Kwiska" czas="54"/>
     <przystanek numer="10" id="12315" nazwa="Wejherowska (Hala Orbita)" czas="57"/>
     <przystanek numer="11" id="12320" nazwa="Milenijna (Hala Orbita)" czas="59"/>
     <przystanek numer="12" id="23110" nazwa="most Milenijny" czas="60"/>
     <przystanek numer="13" id="23154" nazwa="Obornicka (Obwodnica)" czas="64"/>
     <przystanek numer="14" id="23152" nazwa="Irysowa" czas="65"/>
     <przystanek numer="15" id="9" nazwa="Zajezdnia OBORNICKA" czas="67"/>
    </czasy>
    <tabliczka id="12" mc="4">
     <dzien nazwa="w dni robocze">
      <godz h="6">
       <min m="46" ozn="W" przyp="W - kurs do Muchoboru Wielkiego (Roślinna) przez ul. LG i Koreańską - bez objazdu s trefy (do przyst. Wrocławski Park Technologiczny po trasie)">
       </min>
      </godz>
      <godz h="7">
       <min m="19" ozn="X" przyp="X - zjazd do zajezdni przy ul. Obornickiej przez ul. LG i Koreańską - bez objazdu s trefy">
       </min>
       <min m="59" ozn="X" przyp="X - zjazd do zajezdni przy ul. Obornickiej przez ul. LG i Koreańską - bez objazdu s trefy">
       </min>
      </godz>
      <godz h="14">
       <min m="46">
       </min>
      </godz>
      <godz h="15">
       <min m="34" ozn="K" przyp="K - kurs skrócony do Kwiskiej">
       </min>
      </godz>
      <godz h="16">
       <min m="34">
       </min>
      </godz>
     </dzien>
    </tabliczka>
   </przystanek>
   <przystanek id="70161003" nazwa="Biskupice Podg. LG Innotek" ulica="Seulska" cechy="">
    <czasy>
     <przystanek numer="0" id="70161003" nazwa="Biskupice Podg. LG Innotek" czas="0"/>
     <przystanek numer="1" id="70161005" nazwa="Biskupice Podg. DSC Poland/Top Run Poland" czas="2"/>
     <przystanek numer="2" id="70344002" nazwa="Biskupice Podg. - Koreańska/Współpracy" czas="3"/>
     <przystanek numer="3" id="16720" nazwa="Połabian" czas="19"/>
     <przystanek numer="4" id="16705" nazwa="Wałbrzyska" czas="25"/>
     <przystanek numer="5" id="17104" nazwa="Wiejska" czas="31"/>
     <przystanek numer="6" id="11707" nazwa="FAT" czas="39"/>
     <przystanek numer="7" id="12150" nazwa="Wrocławski Park Technologiczny" czas="42"/>
     <przystanek numer="8" id="112206" nazwa="Kwiska" czas="49"/>
     <przystanek numer="9" id="12315" nazwa="Wejherowska (Hala Orbita)" czas="52"/>
     <przystanek numer="10" id="12320" nazwa="Milenijna (Hala Orbita)" czas="54"/>
     <przystanek numer="11" id="23110" nazwa="most Milenijny" czas="55"/>
     <przystanek numer="12" id="23154" nazwa="Obornicka (Obwodnica)" czas="59"/>
     <przystanek numer="13" id="23152" nazwa="Irysowa" czas="60"/>
     <przystanek numer="14" id="9" nazwa="Zajezdnia OBORNICKA" czas="62"/>
    </czasy>
    <tabliczka id="13" mc="5">
     <dzien nazwa="w dni robocze">
      <godz h="14">
       <min m="51">
       </min>
      </godz>
      <godz h="15">
       <min m="39" ozn="K" przyp="K - kurs skrócony do Kwiskiej">
       </min>
      </godz>
      <godz h="16">
       <min m="39">
       </min>
      </godz>
     </dzien>
    </tabliczka>
   </przystanek>
   <przystanek id="70161005" nazwa="Biskupice Podg. DSC Poland/Top Run Poland" ulica="Współpracy" cechy="">
    <czasy>
     <przystanek numer="0" id="70161005" nazwa="Biskupice Podg. DSC Poland/Top Run Poland" czas="0"/>
     <przystanek numer="1" id="70344002" nazwa="Biskupice Podg. - Koreańska/Współpracy" czas="1"/>
     <przystanek numer="2" id="16720" nazwa="Połabian" czas="17"/>
     <przystanek numer="3" id="16705" nazwa="Wałbrzyska" czas="23"/>
     <przystanek numer="4" id="17104" nazwa="Wiejska" czas="29"/>
     <przystanek numer="5" id="11707" nazwa="FAT" czas="37"/>
     <przystanek numer="6" id="12150" nazwa="Wrocławski Park Technologiczny" czas="40"/>
     <przystanek numer="7" id="112206" nazwa="Kwiska" czas="47"/>
     <przystanek numer="8" id="12315" nazwa="Wejherowska (Hala Orbita)" czas="50"/>
     <przystanek numer="9" id="12320" nazwa="Milenijna (Hala Orbita)" czas="52"/>
     <przystanek numer="10" id="23110" nazwa="most Milenijny" czas="53"/>
     <przystanek numer="11" id="23154" nazwa="Obornicka (Obwodnica)" czas="57"/>
     <przystanek numer="12" id="23152" nazwa="Irysowa" czas="58"/>
     <przystanek numer="13" id="9" nazwa="Zajezdnia OBORNICKA" czas="60"/>
    </czasy>
    <tabliczka id="14" mc="2">
     <dzien nazwa="w dni robocze">
      <godz h="14">
       <min m="53">
       </min>
      </godz>
      <godz h="15">
       <min m="41" ozn="K" przyp="K - kurs skrócony do Kwiskiej">
       </min>
      </godz>
      <godz h="16">
       <min m="41">
       </min>
      </godz>
     </dzien>
    </tabliczka>
   </przystanek>
   <przystanek id="70344002" nazwa="Biskupice Podg. - Koreańska/Współpracy" ulica="Koreańska" cechy="">
    <czasy>
     <przystanek numer="0" id="70344002" nazwa="Biskupice Podg. - Koreańska/Współpracy" czas="0"/>
     <przystanek numer="1" id="16720" nazwa="Połabian" czas="16"/>
     <przystanek numer="2" id="16705" nazwa="Wałbrzyska" czas="22"/>
     <przystanek numer="3" id="17104" nazwa="Wiejska" czas="28"/>
     <przystanek numer="4" id="11707" nazwa="FAT" czas="36"/>
     <przystanek numer="5" id="12150" nazwa="Wrocławski Park Technologiczny" czas="39"/>
     <przystanek numer="6" id="112206" nazwa="Kwiska" czas="46"/>
     <przystanek numer="7" id="12315" nazwa="Wejherowska (Hala Orbita)" czas="49"/>
     <przystanek numer="8" id="12320" nazwa="Milenijna (Hala Orbita)" czas="51"/>
     <przystanek numer="9" id="23110" nazwa="most Milenijny" czas="52"/>
     <przystanek numer="10" id="23154" nazwa="Obornicka (Obwodnica)" czas="56"/>
     <przystanek numer="11" id="23152" nazwa="Irysowa" czas="57"/>
     <przystanek numer="12" id="9" nazwa="Zajezdnia OBORNICKA" czas="59"/>
    </czasy>
    <tabliczka id="15" mc="1">
     <dzien nazwa="w dni robocze">
      <godz h="6">
       <min m="49" ozn="W" przyp="W - kurs do Muchoboru Wielkiego (Roślinna) przez ul. LG i Koreańską - bez objazdu s trefy (do przyst. Wrocławski Park Technologiczny po trasie)">
       </min>
      </godz>
      <godz h="7">
       <min m="22">
       </min>
      </godz>
      <godz h="8">
       <min m="02">
       </min>
      </godz>
      <godz h="14">
       <min m="54">
       </min>
      </godz>
      <godz h="15">
       <min m="42" ozn="K" przyp="K - kurs skrócony do Kwiskiej">
       </min>
      </godz>
      <godz h="16">
       <min m="42">
       </min>
      </godz>
     </dzien>
    </tabliczka>
   </przystanek>
   <przystanek id="16720" nazwa="Połabian" ulica="Czekoladowa" cechy="">
    <czasy>
     <przystanek numer="0" id="16720" nazwa="Połabian" czas="0"/>
     <przystanek numer="1" id="16705" nazwa="Wałbrzyska" czas="6"/>
     <przystanek numer="2" id="17104" nazwa="Wiejska" czas="12"/>
     <przystanek numer="3" id="11707" nazwa="FAT" czas="20"/>
     <przystanek numer="4" id="12150" nazwa="Wrocławski Park Technologiczny" czas="23"/>
     <przystanek numer="5" id="112206" nazwa="Kwiska" czas="30"/>
     <przystanek numer="6" id="12315" nazwa="Wejherowska (Hala Orbita)" czas="33"/>
     <przystanek numer="7" id="12320" nazwa="Milenijna (Hala Orbita)" czas="35"/>
     <przystanek numer="8" id="23110" nazwa="most Milenijny" czas="36"/>
     <przystanek numer="9" id="23154" nazwa="Obornicka (Obwodnica)" czas="40"/>
     <przystanek numer="10" id="23152" nazwa="Irysowa" czas="41"/>
     <przystanek numer="11" id="9" nazwa="Zajezdnia OBORNICKA" czas="43"/>
    </czasy>
    <tabliczka id="16" mc="14">
     <dzien nazwa="w dni robocze">
      <godz h="7">
       <min m="02" ozn="W" przyp="W - kurs do Muchoboru Wielkiego (Roślinna) przez ul. LG i Koreańską - bez objazdu s trefy (do przyst. Wrocławski Park Technologiczny po trasie)">
       </min>
       <min m="36">
       </min>
      </godz>
      <godz h="8">
       <min m="15">
       </min>
      </godz>
      <godz h="15">
       <min m="09">
       </min>
       <min m="58" ozn="K" przyp="K - kurs skrócony do Kwiskiej">
       </min>
      </godz>
      <godz h="16">
       <min m="58">
       </min>
      </godz>
     </dzien>
    </tabliczka>
   </przystanek>
   <przystanek id="16705" nazwa="Wałbrzyska" ulica="Karmelkowa" cechy="">
    <czasy>
     <przystanek numer="0" id="16705" nazwa="Wałbrzyska" czas="0"/>
     <przystanek numer="1" id="17104" nazwa="Wiejska" czas="6"/>
     <przystanek numer="2" id="11707" nazwa="FAT" czas="14"/>
     <przystanek numer="3" id="12150" nazwa="Wrocławski Park Technologiczny" czas="17"/>
     <przystanek numer="4" id="112206" nazwa="Kwiska" czas="24"/>
     <przystanek numer="5" id="12315" nazwa="Wejherowska (Hala Orbita)" czas="27"/>
     <przystanek numer="6" id="12320" nazwa="Milenijna (Hala Orbita)" czas="29"/>
     <przystanek numer="7" id="23110" nazwa="most Milenijny" czas="30"/>
     <przystanek numer="8" id="23154" nazwa="Obornicka (Obwodnica)" czas="34"/>
     <przystanek numer="9" id="23152" nazwa="Irysowa" czas="35"/>
     <przystanek numer="10" id="9" nazwa="Zajezdnia OBORNICKA" czas="37"/>
    </czasy>
    <tabliczka id="17" mc="4">
     <dzien nazwa="w dni robocze">
      <godz h="7">
       <min m="07" ozn="W" przyp="W - kurs do Muchoboru Wielkiego (Roślinna) przez ul. LG i Koreańską - bez objazdu s trefy (do przyst. Wrocławski Park Technologiczny po trasie)">
       </min>
       <min m="41">
       </min>
      </godz>
      <godz h="8">
       <min m="20">
       </min>
      </godz>
      <godz h="15">
       <min m="15">
       </min>
      </godz>
      <godz h="16">
       <min m="04" ozn="K" przyp="K - kurs skrócony do Kwiskiej">
       </min>
      </godz>
      <godz h="17">
       <min m="04">
       </min>
      </godz>
     </dzien>
    </tabliczka>
   </przystanek>
   <przystanek id="17104" nazwa="Wiejska" ulica="Solskiego" cechy="">
    <czasy>
     <przystanek numer="0" id="17104" nazwa="Wiejska" czas="0"/>
     <przystanek numer="1" id="11707" nazwa="FAT" czas="8"/>
     <przystanek numer="2" id="12150" nazwa="Wrocławski Park Technologiczny" czas="11"/>
     <przystanek numer="3" id="112206" nazwa="Kwiska" czas="18"/>
     <przystanek numer="4" id="12315" nazwa="Wejherowska (Hala Orbita)" czas="21"/>
     <przystanek numer="5" id="12320" nazwa="Milenijna (Hala Orbita)" czas="23"/>
     <przystanek numer="6" id="23110" nazwa="most Milenijny" czas="24"/>
     <przystanek numer="7" id="23154" nazwa="Obornicka (Obwodnica)" czas="28"/>
     <przystanek numer="8" id="23152" nazwa="Irysowa" czas="29"/>
     <przystanek numer="9" id="9" nazwa="Zajezdnia OBORNICKA" czas="31"/>
    </czasy>
    <tabliczka id="18" mc="5">
     <dzien nazwa="w dni robocze">
      <godz h="7">
       <min m="11" ozn="W" przyp="W - kurs do Muchoboru Wielkiego (Roślinna) przez ul. LG i Koreańską - bez objazdu s trefy (do przyst. Wrocławski Park Technologiczny po trasie)">
       </min>
       <min m="45">
       </min>
      </godz>
      <godz h="8">
       <min m="24">
       </min>
      </godz>
      <godz h="15">
       <min m="21">
       </min>
      </godz>
      <godz h="16">
       <min m="10" ozn="K" przyp="K - kurs skrócony do Kwiskiej">
       </min>
      </godz>
      <godz h="17">
       <min m="07">
       </min>
      </godz>
     </dzien>
    </tabliczka>
   </przystanek>
   <przystanek id="11707" nazwa="FAT" ulica="Klecińska" cechy="">
    <czasy>
     <przystanek numer="0" id="11707" nazwa="FAT" czas="0"/>
     <przystanek numer="1" id="12150" nazwa="Wrocławski Park Technologiczny" czas="3"/>
     <przystanek numer="2" id="112206" nazwa="Kwiska" czas="10"/>
     <przystanek numer="3" id="12315" nazwa="Wejherowska (Hala Orbita)" czas="13"/>
     <przystanek numer="4" id="12320" nazwa="Milenijna (Hala Orbita)" czas="15"/>
     <przystanek numer="5" id="23110" nazwa="most Milenijny" czas="16"/>
     <przystanek numer="6" id="23154" nazwa="Obornicka (Obwodnica)" czas="20"/>
     <przystanek numer="7" id="23152" nazwa="Irysowa" czas="21"/>
     <przystanek numer="8" id="9" nazwa="Zajezdnia OBORNICKA" czas="23"/>
    </czasy>
    <tabliczka id="19" mc="4">
     <dzien nazwa="w dni robocze">
      <godz h="7">
       <min m="19" ozn="W" przyp="W - kurs do Muchoboru Wielkiego (Roślinna) przez ul. LG i Koreańską - bez objazdu s trefy (do przyst. Wrocławski Park Technologiczny po trasie)">
       </min>
       <min m="53">
       </min>
      </godz>
      <godz h="8">
       <min m="32">
       </min>
      </godz>
      <godz h="15">
       <min m="29">
       </min>
      </godz>
      <godz h="16">
       <min m="18" ozn="K" przyp="K - kurs skrócony do Kwiskiej">
       </min>
      </godz>
      <godz h="17">
       <min m="15">
       </min>
      </godz>
     </dzien>
    </tabliczka>
   </przystanek>
   <przystanek id="12150" nazwa="Wrocławski Park Technologiczny" ulica="Klecińska" cechy="">
    <czasy>
     <przystanek numer="0" id="12150" nazwa="Wrocławski Park Technologiczny" czas="0"/>
     <przystanek numer="1" id="112206" nazwa="Kwiska" czas="7"/>
     <przystanek numer="2" id="12315" nazwa="Wejherowska (Hala Orbita)" czas="10"/>
     <przystanek numer="3" id="12320" nazwa="Milenijna (Hala Orbita)" czas="12"/>
     <przystanek numer="4" id="23110" nazwa="most Milenijny" czas="13"/>
     <przystanek numer="5" id="23154" nazwa="Obornicka (Obwodnica)" czas="17"/>
     <przystanek numer="6" id="23152" nazwa="Irysowa" czas="18"/>
     <przystanek numer="7" id="9" nazwa="Zajezdnia OBORNICKA" czas="20"/>
    </czasy>
    <tabliczka id="20" mc="3">
     <dzien nazwa="w dni robocze">
      <godz h="7">
       <min m="22" ozn="W" przyp="W - kurs do Muchoboru Wielkiego (Roślinna) przez ul. LG i Koreańską - bez objazdu s trefy (do przyst. Wrocławski Park Technologiczny po trasie)">
       </min>
       <min m="56">
       </min>
      </godz>
      <godz h="8">
       <min m="35">
       </min>
      </godz>
      <godz h="15">
       <min m="32">
       </min>
      </godz>
      <godz h="16">
       <min m="21" ozn="K" przyp="K - kurs skrócony do Kwiskiej">
       </min>
      </godz>
      <godz h="17">
       <min m="18">
       </min>
      </godz>
     </dzien>
    </tabliczka>
   </przystanek>
   <przystanek id="12317" nazwa="Wejherowska (Hala Orbita)" ulica="Wejherowska" cechy="">
    <czasy>
     <przystanek numer="0" id="12317" nazwa="Wejherowska (Hala Orbita)" czas="0"/>
     <przystanek numer="1" id="12303" nazwa="Kwiska" czas="2"/>
    </czasy>
    <tabliczka id="27" mc="7">
     <dzien nazwa="w dni robocze">
      <godz h="5">
       <min m="36">
       </min>
       <min m="46">
       </min>
      </godz>
      <godz h="6">
       <min m="46">
       </min>
      </godz>
      <godz h="13">
       <min m="35">
       </min>
      </godz>
      <godz h="16">
       <min m="29">
       </min>
      </godz>
     </dzien>
    </tabliczka>
   </przystanek>
   <przystanek id="12303" nazwa="Kwiska" ulica="Legnicka" cechy="">
    <czasy>
    </czasy>
   </przystanek>
  </wariant>
  <wariant id="4" nazwa="Biskupice Podg. LG Energy Solution Wr. I - MUCHOBÓR WIELKI (Roślinna)">
   <przystanek id="70161001" nazwa="Biskupice Podg. LG Energy Solution Wr. I" ulica="LG" cechy="">
    <czasy>
     <przystanek numer="0" id="70161001" nazwa="Biskupice Podg. LG Energy Solution Wr. I" czas="0"/>
     <przystanek numer="1" id="70161006" nazwa="Biskupice Podg. LG Electronics" czas="4"/>
     <przystanek numer="2" id="70161003" nazwa="Biskupice Podg. LG Innotek" czas="9"/>
     <przystanek numer="3" id="70161005" nazwa="Biskupice Podg. DSC Poland/Top Run Poland" czas="11"/>
     <przystanek numer="4" id="70344002" nazwa="Biskupice Podg. - Koreańska/Współpracy" czas="12"/>
     <przystanek numer="5" id="16720" nazwa="Połabian" czas="28"/>
     <przystanek numer="6" id="16705" nazwa="Wałbrzyska" czas="34"/>
     <przystanek numer="7" id="17104" nazwa="Wiejska" czas="40"/>
     <przystanek numer="8" id="11707" nazwa="FAT" czas="48"/>
     <przystanek numer="9" id="12150" nazwa="Wrocławski Park Technologiczny" czas="51"/>
     <przystanek numer="10" id="112206" nazwa="Kwiska" czas="58"/>
     <przystanek numer="11" id="12315" nazwa="Wejherowska (Hala Orbita)" czas="61"/>
     <przystanek numer="12" id="12320" nazwa="Milenijna (Hala Orbita)" czas="63"/>
     <przystanek numer="13" id="23110" nazwa="most Milenijny" czas="64"/>
     <przystanek numer="14" id="23154" nazwa="Obornicka (Obwodnica)" czas="68"/>
     <przystanek numer="15" id="23152" nazwa="Irysowa" czas="69"/>
     <przystanek numer="16" id="9" nazwa="Zajezdnia OBORNICKA" czas="71"/>
    </czasy>
    <tabliczka id="11" mc="0">
     <dzien nazwa="w dni robocze">
      <godz h="6">
       <min m="42" ozn="W" przyp="W - kurs do Muchoboru Wielkiego (Roślinna) przez ul. LG i Koreańską - bez objazdu s trefy (do przyst. Wrocławski Park Technologiczny po trasie)">
       </min>
      </godz>
      <godz h="7">
       <min m="15" ozn="X" przyp="X - zjazd do zajezdni przy ul. Obornickiej przez ul. LG i Koreańską - bez objazdu s trefy">
       </min>
       <min m="55" ozn="X" przyp="X - zjazd do zajezdni przy ul. Obornickiej przez ul. LG i Koreańską - bez objazdu s trefy">
       </min>
      </godz>
      <godz h="14">
       <min m="42">
       </min>
      </godz>
      <godz h="15">
       <min m="30" ozn="K" przyp="K - kurs skrócony do Kwiskiej">
       </min>
      </godz>
      <godz h="16">
       <min m="30">
       </min>
      </godz>
     </dzien>
    </tabliczka>
   </przystanek>
   <przystanek id="70161006" nazwa="Biskupice Podg. LG Electronics" ulica="Seulska" cechy="">
    <czasy>
     <przystanek numer="0" id="70161006" nazwa="Biskupice Podg. LG Electronics" czas="0"/>
     <przystanek numer="1" id="70161003" nazwa="Biskupice Podg. LG Innotek" czas="5"/>
     <przystanek numer="2" id="70161005" nazwa="Biskupice Podg. DSC Poland/Top Run Poland" czas="7"/>
     <przystanek numer="3" id="70344002" nazwa="Biskupice Podg. - Koreańska/Współpracy" czas="8"/>
     <przystanek numer="4" id="16720" nazwa="Połabian" czas="24"/>
     <przystanek numer="5" id="16705" nazwa="Wałbrzyska" czas="30"/>
     <przystanek numer="6" id="17104" nazwa="Wiejska" czas="36"/>
     <przystanek numer="7" id="11707" nazwa="FAT" czas="44"/>
     <przystanek numer="8" id="12150" nazwa="Wrocławski Park Technologiczny" czas="47"/>
     <przystanek numer="9" id="112206" nazwa="Kwiska" czas="54"/>
     <przystanek numer="10" id="12315" nazwa="Wejherowska (Hala Orbita)" czas="57"/>
     <przystanek numer="11" id="12320" nazwa="Milenijna (Hala Orbita)" czas="59"/>
     <przystanek numer="12" id="23110" nazwa="most Milenijny" czas="60"/>
     <przystanek numer="13" id="23154" nazwa="Obornicka (Obwodnica)" czas="64"/>
     <przystanek numer="14" id="23152" nazwa="Irysowa" czas="65"/>
     <przystanek numer="15" id="9" nazwa="Zajezdnia OBORNICKA" czas="67"/>
    </czasy>
    <tabliczka id="12" mc="4">
     <dzien nazwa="w dni robocze">
      <godz h="6">
       <min m="46" ozn="W" przyp="W - kurs do Muchoboru Wielkiego (Roślinna) przez ul. LG i Koreańską - bez objazdu s trefy (do przyst. Wrocławski Park Technologiczny po trasie)">
       </min>
      </godz>
      <godz h="7">
       <min m="19" ozn="X" przyp="X - zjazd do zajezdni przy ul. Obornickiej przez ul. LG i Koreańską - bez objazdu s trefy">
       </min>
       <min m="59" ozn="X" przyp="X - zjazd do zajezdni przy ul. Obornickiej przez ul. LG i Koreańską - bez objazdu s trefy">
       </min>
      </godz>
      <godz h="14">
       <min m="46">
       </min>
      </godz>
      <godz h="15">
       <min m="34" ozn="K" przyp="K - kurs skrócony do Kwiskiej">
       </min>
      </godz>
      <godz h="16">
       <min m="34">
       </min>
      </godz>
     </dzien>
    </tabliczka>
   </przystanek>
   <przystanek id="70344002" nazwa="Biskupice Podg. - Koreańska/Współpracy" ulica="Koreańska" cechy="">
    <czasy>
     <przystanek numer="0" id="70344002" nazwa="Biskupice Podg. - Koreańska/Współpracy" czas="0"/>
     <przystanek numer="1" id="16720" nazwa="Połabian" czas="16"/>
     <przystanek numer="2" id="16705" nazwa="Wałbrzyska" czas="22"/>
     <przystanek numer="3" id="17104" nazwa="Wiejska" czas="28"/>
     <przystanek numer="4" id="11707" nazwa="FAT" czas="36"/>
     <przystanek numer="5" id="12150" nazwa="Wrocławski Park Technologiczny" czas="39"/>
     <przystanek numer="6" id="112206" nazwa="Kwiska" czas="46"/>
     <przystanek numer="7" id="12315" nazwa="Wejherowska (Hala Orbita)" czas="49"/>
     <przystanek numer="8" id="12320" nazwa="Milenijna (Hala Orbita)" czas="51"/>
     <przystanek numer="9" id="23110" nazwa="most Milenijny" czas="52"/>
     <przystanek numer="10" id="23154" nazwa="Obornicka (Obwodnica)" czas="56"/>
     <przystanek numer="11" id="23152" nazwa="Irysowa" czas="57"/>
     <przystanek numer="12" id="9" nazwa="Zajezdnia OBORNICKA" czas="59"/>
    </czasy>
    <tabliczka id="15" mc="2">
     <dzien nazwa="w dni robocze">
      <godz h="6">
       <min m="49" ozn="W" przyp="W - kurs do Muchoboru Wielkiego (Roślinna) przez ul. LG i Koreańską - bez objazdu s trefy (do przyst. Wrocławski Park Technologiczny po trasie)">
       </min>
      </godz>
      <godz h="7">
       <min m="22">
       </min>
      </godz>
      <godz h="8">
       <min m="02">
       </min>
      </godz>
      <godz h="14">
       <min m="54">
       </min>
      </godz>
      <godz h="15">
       <min m="42" ozn="K" przyp="K - kurs skrócony do Kwiskiej">
       </min>
      </godz>
      <godz h="16">
       <min m="42">
       </min>
      </godz>
     </dzien>
    </tabliczka>
   </przystanek>
   <przystanek id="16720" nazwa="Połabian" ulica="Czekoladowa" cechy="">
    <czasy>
     <przystanek numer="0" id="16720" nazwa="Połabian" czas="0"/>
     <przystanek numer="1" id="16705" nazwa="Wałbrzyska" czas="6"/>
     <przystanek numer="2" id="17104" nazwa="Wiejska" czas="12"/>
     <przystanek numer="3" id="11707" nazwa="FAT" czas="20"/>
     <przystanek numer="4" id="12150" nazwa="Wrocławski Park Technologiczny" czas="23"/>
     <przystanek numer="5" id="112206" nazwa="Kwiska" czas="30"/>
     <przystanek numer="6" id="12315" nazwa="Wejherowska (Hala Orbita)" czas="33"/>
     <przystanek numer="7" id="12320" nazwa="Milenijna (Hala Orbita)" czas="35"/>
     <przystanek numer="8" id="23110" nazwa="most Milenijny" czas="36"/>
     <przystanek numer="9" id="23154" nazwa="Obornicka (Obwodnica)" czas="40"/>
     <przystanek numer="10" id="23152" nazwa="Irysowa" czas="41"/>
     <przystanek numer="11" id="9" nazwa="Zajezdnia OBORNICKA" czas="43"/>
    </czasy>
    <tabliczka id="16" mc="14">
     <dzien nazwa="w dni robocze">
      <godz h="7">
       <min m="02" ozn="W" przyp="W - kurs do Muchoboru Wielkiego (Roślinna) przez ul. LG i Koreańską - bez objazdu s trefy (do przyst. Wrocławski Park Technologiczny po trasie)">
       </min>
       <min m="36">
       </min>
      </godz>
      <godz h="8">
       <min m="15">
       </min>
      </godz>
      <godz h="15">
       <min m="09">
       </min>
       <min m="58" ozn="K" przyp="K - kurs skrócony do Kwiskiej">
       </min>
      </godz>
      <godz h="16">
       <min m="58">
       </min>
      </godz>
     </dzien>
    </tabliczka>
   </przystanek>
   <przystanek id="16705" nazwa="Wałbrzyska" ulica="Karmelkowa" cechy="">
    <czasy>
     <przystanek numer="0" id="16705" nazwa="Wałbrzyska" czas="0"/>
     <przystanek numer="1" id="17104" nazwa="Wiejska" czas="6"/>
     <przystanek numer="2" id="11707" nazwa="FAT" czas="14"/>
     <przystanek numer="3" id="12150" nazwa="Wrocławski Park Technologiczny" czas="17"/>
     <przystanek numer="4" id="112206" nazwa="Kwiska" czas="24"/>
     <przystanek numer="5" id="12315" nazwa="Wejherowska (Hala Orbita)" czas="27"/>
     <przystanek numer="6" id="12320" nazwa="Milenijna (Hala Orbita)" czas="29"/>
     <przystanek numer="7" id="23110" nazwa="most Milenijny" czas="30"/>
     <przystanek numer="8" id="23154" nazwa="Obornicka (Obwodnica)" czas="34"/>
     <przystanek numer="9" id="23152" nazwa="Irysowa" czas="35"/>
     <przystanek numer="10" id="9" nazwa="Zajezdnia OBORNICKA" czas="37"/>
    </czasy>
    <tabliczka id="17" mc="4">
     <dzien nazwa="w dni robocze">
      <godz h="7">
       <min m="07" ozn="W" przyp="W - kurs do Muchoboru Wielkiego (Roślinna) przez ul. LG i Koreańską - bez objazdu s trefy (do przyst. Wrocławski Park Technologiczny po trasie)">
       </min>
       <min m="41">
       </min>
      </godz>
      <godz h="8">
       <min m="20">
       </min>
      </godz>
      <godz h="15">
       <min m="15">
       </min>
      </godz>
      <godz h="16">
       <min m="04" ozn="K" przyp="K - kurs skrócony do Kwiskiej">
       </min>
      </godz>
      <godz h="17">
       <min m="04">
       </min>
      </godz>
     </dzien>
    </tabliczka>
   </przystanek>
   <przystanek id="17104" nazwa="Wiejska" ulica="Solskiego" cechy="">
    <czasy>
     <przystanek numer="0" id="17104" nazwa="Wiejska" czas="0"/>
     <przystanek numer="1" id="11707" nazwa="FAT" czas="8"/>
     <przystanek numer="2" id="12150" nazwa="Wrocławski Park Technologiczny" czas="11"/>
     <przystanek numer="3" id="112206" nazwa="Kwiska" czas="18"/>
     <przystanek numer="4" id="12315" nazwa="Wejherowska (Hala Orbita)" czas="21"/>
     <przystanek numer="5" id="12320" nazwa="Milenijna (Hala Orbita)" czas="23"/>
     <przystanek numer="6" id="23110" nazwa="most Milenijny" czas="24"/>
     <przystanek numer="7" id="23154" nazwa="Obornicka (Obwodnica)" czas="28"/>
     <przystanek numer="8" id="23152" nazwa="Irysowa" czas="29"/>
     <przystanek numer="9" id="9" nazwa="Zajezdnia OBORNICKA" czas="31"/>
    </czasy>
    <tabliczka id="18" mc="5">
     <dzien nazwa="w dni robocze">
      <godz h="7">
       <min m="11" ozn="W" przyp="W - kurs do Muchoboru Wielkiego (Roślinna) przez ul. LG i Koreańską - bez objazdu s trefy (do przyst. Wrocławski Park Technologiczny po trasie)">
       </min>
       <min m="45">
       </min>
      </godz>
      <godz h="8">
       <min m="24">
       </min>
      </godz>
      <godz h="15">
       <min m="21">
       </min>
      </godz>
      <godz h="16">
       <min m="10" ozn="K" przyp="K - kurs skrócony do Kwiskiej">
       </min>
      </godz>
      <godz h="17">
       <min m="07">
       </min>
      </godz>
     </dzien>
    </tabliczka>
   </przystanek>
   <przystanek id="11707" nazwa="FAT" ulica="Klecińska" cechy="">
    <czasy>
     <przystanek numer="0" id="11707" nazwa="FAT" czas="0"/>
     <przystanek numer="1" id="12150" nazwa="Wrocławski Park Technologiczny" czas="3"/>
     <przystanek numer="2" id="112206" nazwa="Kwiska" czas="10"/>
     <przystanek numer="3" id="12315" nazwa="Wejherowska (Hala Orbita)" czas="13"/>
     <przystanek numer="4" id="12320" nazwa="Milenijna (Hala Orbita)" czas="15"/>
     <przystanek numer="5" id="23110" nazwa="most Milenijny" czas="16"/>
     <przystanek numer="6" id="23154" nazwa="Obornicka (Obwodnica)" czas="20"/>
     <przystanek numer="7" id="23152" nazwa="Irysowa" czas="21"/>
     <przystanek numer="8" id="9" nazwa="Zajezdnia OBORNICKA" czas="23"/>
    </czasy>
    <tabliczka id="19" mc="4">
     <dzien nazwa="w dni robocze">
      <godz h="7">
       <min m="19" ozn="W" przyp="W - kurs do Muchoboru Wielkiego (Roślinna) przez ul. LG i Koreańską - bez objazdu s trefy (do przyst. Wrocławski Park Technologiczny po trasie)">
       </min>
       <min m="53">
       </min>
      </godz>
      <godz h="8">
       <min m="32">
       </min>
      </godz>
      <godz h="15">
       <min m="29">
       </min>
      </godz>
      <godz h="16">
       <min m="18" ozn="K" przyp="K - kurs skrócony do Kwiskiej">
       </min>
      </godz>
      <godz h="17">
       <min m="15">
       </min>
      </godz>
     </dzien>
    </tabliczka>
   </przystanek>
   <przystanek id="12150" nazwa="Wrocławski Park Technologiczny" ulica="Klecińska" cechy="">
    <czasy>
     <przystanek numer="0" id="12150" nazwa="Wrocławski Park Technologiczny" czas="0"/>
     <przystanek numer="1" id="112206" nazwa="Kwiska" czas="7"/>
     <przystanek numer="2" id="12315" nazwa="Wejherowska (Hala Orbita)" czas="10"/>
     <przystanek numer="3" id="12320" nazwa="Milenijna (Hala Orbita)" czas="12"/>
     <przystanek numer="4" id="23110" nazwa="most Milenijny" czas="13"/>
     <przystanek numer="5" id="23154" nazwa="Obornicka (Obwodnica)" czas="17"/>
     <przystanek numer="6" id="23152" nazwa="Irysowa" czas="18"/>
     <przystanek numer="7" id="9" nazwa="Zajezdnia OBORNICKA" czas="20"/>
    </czasy>
    <tabliczka id="20" mc="3">
     <dzien nazwa="w dni robocze">
      <godz h="7">
       <min m="22" ozn="W" przyp="W - kurs do Muchoboru Wielkiego (Roślinna) przez ul. LG i Koreańską - bez objazdu s trefy (do przyst. Wrocławski Park Technologiczny po trasie)">
       </min>
       <min m="56">
       </min>
      </godz>
      <godz h="8">
       <min m="35">
       </min>
      </godz>
      <godz h="15">
       <min m="32">
       </min>
      </godz>
      <godz h="16">
       <min m="21" ozn="K" przyp="K - kurs skrócony do Kwiskiej">
       </min>
      </godz>
      <godz h="17">
       <min m="18">
       </min>
      </godz>
     </dzien>
    </tabliczka>
   </przystanek>
   <przystanek id="12156" nazwa="Szkocka" ulica="Klecińska" cechy="">
    <czasy>
     <przystanek numer="0" id="12156" nazwa="Szkocka" czas="0"/>
     <przystanek numer="1" id="112011" nazwa="Nowodworska" czas="4"/>
     <przystanek numer="2" id="112013" nazwa="Strzegomska (krzyżówka)" czas="5"/>
     <przystanek numer="3" id="112015" nazwa="Rogowska (P+R)" czas="7"/>
     <przystanek numer="4" id="17311" nazwa="Mińska (Rondo Rotm. Pileckiego)" czas="11"/>
     <przystanek numer="5" id="17301" nazwa="Tyrmanda" czas="13"/>
     <przystanek numer="6" id="17317" nazwa="Zagony" czas="14"/>
     <przystanek numer="7" id="17300" nazwa="MUCHOBÓR WIELKI (Roślinna)" czas="16"/>
    </czasy>
    <tabliczka id="28" mc="2">
     <dzien nazwa="w dni robocze">
      <godz h="7">
       <min m="24">
       </min>
      </godz>
     </dzien>
    </tabliczka>
   </przystanek>
   <przystanek id="112011" nazwa="Nowodworska" ulica="TAT" cechy="">
    <czasy>
     <przystanek numer="0" id="112011" nazwa="Nowodworska" czas="0"/>
     <przystanek numer="1" id="112013" nazwa="Strzegomska (krzyżówka)" czas="1"/>
     <przystanek numer="2" id="112015" nazwa="Rogowska (P+R)" czas="3"/>
     <przystanek numer="3" id="17311" nazwa="Mińska (Rondo Rotm. Pileckiego)" czas="7"/>
     <przystanek numer="4" id="17301" nazwa="Tyrmanda" czas="9"/>
     <przystanek numer="5" id="17317" nazwa="Zagony" czas="10"/>
     <przystanek numer="6" id="17300" nazwa="MUCHOBÓR WIELKI (Roślinna)" czas="12"/>
    </czasy>
    <tabliczka id="29" mc="3">
     <dzien nazwa="w dni robocze">
      <godz h="7">
       <min m="27">
       </min>
      </godz>
     </dzien>
    </tabliczka>
   </przystanek>
   <przystanek id="112013" nazwa="Strzegomska (krzyżówka)" ulica="TAT" cechy="">
    <czasy>
     <przystanek numer="0" id="112013" nazwa="Strzegomska (krzyżówka)" czas="0"/>
     <przystanek numer="1" id="112015" nazwa="Rogowska (P+R)" czas="2"/>
     <przystanek numer="2" id="17311" nazwa="Mińska (Rondo Rotm. Pileckiego)" czas="6"/>
     <przystanek numer="3" id="17301" nazwa="Tyrmanda" czas="8"/>
     <przystanek numer="4" id="17317" nazwa="Zagony" czas="9"/>
     <przystanek numer="5" id="17300" nazwa="MUCHOBÓR WIELKI (Roślinna)" czas="11"/>
    </czasy>
    <tabliczka id="30" mc="1">
     <dzien nazwa="w dni robocze">
      <godz h="7">
       <min m="28">
       </min>
      </godz>
     </dzien>
    </tabliczka>
   </przystanek>
   <przystanek id="112015" nazwa="Rogowska (P+R)" ulica="TAT" cechy="">
    <czasy>
     <przystanek numer="0" id="112015" nazwa="Rogowska (P+R)" czas="0"/>
     <przystanek numer="1" id="17311" nazwa="Mińska (Rondo Rotm. Pileckiego)" czas="4"/>
     <przystanek numer="2" id="17301" nazwa="Tyrmanda" czas="6"/>
     <przystanek numer="3" id="17317" nazwa="Zagony" czas="7"/>
     <przystanek numer="4" id="17300" nazwa="MUCHOBÓR WIELKI (Roślinna)" czas="9"/>
    </czasy>
    <tabliczka id="31" mc="2">
     <dzien nazwa="w dni robocze">
      <godz h="7">
       <min m="30">
       </min>
      </godz>
     </dzien>
    </tabliczka>
   </przystanek>
   <przystanek id="17311" nazwa="Mińska (Rondo Rotm. Pileckiego)" ulica="Mińska" cechy="">
    <czasy>
     <przystanek numer="0" id="17311" nazwa="Mińska (Rondo Rotm. Pileckiego)" czas="0"/>
     <przystanek numer="1" id="17301" nazwa="Tyrmanda" czas="2"/>
     <przystanek numer="2" id="17317" nazwa="Zagony" czas="3"/>
     <przystanek numer="3" id="17300" nazwa="MUCHOBÓR WIELKI (Roślinna)" czas="5"/>
    </czasy>
    <tabliczka id="32" mc="2">
     <dzien nazwa="w dni robocze">
      <godz h="7">
       <min m="32">
       </min>
      </godz>
     </dzien>
    </tabliczka>
   </przystanek>
   <przystanek id="17301" nazwa="Tyrmanda" ulica="Mińska" cechy="">
    <czasy>
     <przystanek numer="0" id="17301" nazwa="Tyrmanda" czas="0"/>
     <przystanek numer="1" id="17317" nazwa="Zagony" czas="1"/>
     <przystanek numer="2" id="17300" nazwa="MUCHOBÓR WIELKI (Roślinna)" czas="3"/>
    </czasy>
    <tabliczka id="33" mc="1">
     <dzien nazwa="w dni robocze">
      <godz h="7">
       <min m="34">
       </min>
      </godz>
     </dzien>
    </tabliczka>
   </przystanek>
   <przystanek id="17317" nazwa="Zagony" ulica="Mińska" cechy="">
    <czasy>
     <przystanek numer="0" id="17317" nazwa="Zagony" czas="0"/>
     <przystanek numer="1" id="17300" nazwa="MUCHOBÓR WIELKI (Roślinna)" czas="2"/>
    </czasy>
    <tabliczka id="34" mc="1" cechy="NZ">
     <dzien nazwa="w dni robocze">
      <godz h="7">
       <min m="35">
       </min>
      </godz>
     </dzien>
    </tabliczka>
   </przystanek>
   <przystanek id="17300" nazwa="MUCHOBÓR WIELKI (Roślinna)" ulica="Mińska" cechy="">
    <czasy>
    </czasy>
   </przystanek>
  </wariant>
  <wariant id="5" nazwa="Zajezdnia OBORNICKA - Kwiska">
   <przystanek id="9" nazwa="Zajezdnia OBORNICKA" ulica="Obornicka" cechy="">
    <czasy>
     <przystanek numer="0" id="9" nazwa="Zajezdnia OBORNICKA" czas="0"/>
     <przystanek numer="1" id="23151" nazwa="Irysowa" czas="2"/>
     <przystanek numer="2" id="23156" nazwa="Obornicka (Obwodnica)" czas="3"/>
     <przystanek numer="3" id="23109" nazwa="most Milenijny" czas="7"/>
     <przystanek numer="4" id="12319" nazwa="Milenijna (Hala Orbita)" czas="10"/>
     <przystanek numer="5" id="12317" nazwa="Wejherowska (Hala Orbita)" czas="15"/>
     <przystanek numer="6" id="12303" nazwa="Kwiska" czas="17"/>
    </czasy>
    <tabliczka id="35" mc="0">
     <dzien nazwa="w dni robocze">
      <godz h="5">
       <min m="25">
       </min>
       <min m="35">
       </min>
      </godz>
      <godz h="6">
       <min m="35">
       </min>
      </godz>
      <godz h="13">
       <min m="24">
       </min>
      </godz>
     </dzien>
    </tabliczka>
   </przystanek>
   <przystanek id="23151" nazwa="Irysowa" ulica="Obornicka" cechy="">
    <czasy>
     <przystanek numer="0" id="23151" nazwa="Irysowa" czas="0"/>
     <przystanek numer="1" id="23156" nazwa="Obornicka (Obwodnica)" czas="1"/>
     <przystanek numer="2" id="23109" nazwa="most Milenijny" czas="5"/>
     <przystanek numer="3" id="12319" nazwa="Milenijna (Hala Orbita)" czas="8"/>
     <przystanek numer="4" id="12317" nazwa="Wejherowska (Hala Orbita)" czas="13"/>
     <przystanek numer="5" id="12303" nazwa="Kwiska" czas="15"/>
    </czasy>
    <tabliczka id="36" mc="2" cechy="NZ">
     <dzien nazwa="w dni robocze">
      <godz h="5">
       <min m="27">
       </min>
       <min m="37">
       </min>
      </godz>
      <godz h="6">
       <min m="37">
       </min>
      </godz>
      <godz h="13">
       <min m="26">
       </min>
      </godz>
     </dzien>
    </tabliczka>
   </przystanek>
   <przystanek id="23156" nazwa="Obornicka (Obwodnica)" ulica="Nowaka-Jeziorańskiego" cechy="">
    <czasy>
     <przystanek numer="0" id="23156" nazwa="Obornicka (Obwodnica)" czas="0"/>
     <przystanek numer="1" id="23109" nazwa="most Milenijny" czas="4"/>
     <przystanek numer="2" id="12319" nazwa="Milenijna (Hala Orbita)" czas="7"/>
     <przystanek numer="3" id="12317" nazwa="Wejherowska (Hala Orbita)" czas="12"/>
     <przystanek numer="4" id="12303" nazwa="Kwiska" czas="14"/>
    </czasy>
    <tabliczka id="37" mc="1" cechy="NZ">
     <dzien nazwa="w dni robocze">
      <godz h="5">
       <min m="28">
       </min>
       <min m="38">
       </min>
      </godz>
      <godz h="6">
       <min m="38">
       </min>
      </godz>
      <godz h="13">
       <min m="27">
       </min>
      </godz>
     </dzien>
    </tabliczka>
   </przystanek>
   <przystanek id="23109" nazwa="most Milenijny" ulica="most Milenijny" cechy="">
    <czasy>
     <przystanek numer="0" id="23109" nazwa="most Milenijny" czas="0"/>
     <przystanek numer="1" id="12319" nazwa="Milenijna (Hala Orbita)" czas="3"/>
     <przystanek numer="2" id="12317" nazwa="Wejherowska (Hala Orbita)" czas="8"/>
     <przystanek numer="3" id="12303" nazwa="Kwiska" czas="10"/>
    </czasy>
    <tabliczka id="38" mc="4" cechy="NZ">
     <dzien nazwa="w dni robocze">
      <godz h="5">
       <min m="32">
       </min>
       <min m="42">
       </min>
      </godz>
      <godz h="6">
       <min m="42">
       </min>
      </godz>
      <godz h="13">
       <min m="31">
       </min>
      </godz>
     </dzien>
    </tabliczka>
   </przystanek>
   <przystanek id="12319" nazwa="Milenijna (Hala Orbita)" ulica="Milenijna" cechy="">
    <czasy>
     <przystanek numer="0" id="12319" nazwa="Milenijna (Hala Orbita)" czas="0"/>
     <przystanek numer="1" id="12317" nazwa="Wejherowska (Hala Orbita)" czas="5"/>
     <przystanek numer="2" id="12303" nazwa="Kwiska" czas="7"/>
    </czasy>
    <tabliczka id="39" mc="1" cechy="NZ">
     <dzien nazwa="w dni robocze">
      <godz h="5">
       <min m="33">
       </min>
       <min m="43">
       </min>
      </godz>
      <godz h="6">
       <min m="43">
       </min>
      </godz>
      <godz h="13">
       <min m="32">
       </min>
      </godz>
     </dzien>
    </tabliczka>
   </przystanek>
   <przystanek id="12317" nazwa="Wejherowska (Hala Orbita)" ulica="Wejherowska" cechy="">
    <czasy>
     <przystanek numer="0" id="12317" nazwa="Wejherowska (Hala Orbita)" czas="0"/>
     <przystanek numer="1" id="12303" nazwa="Kwiska" czas="2"/>
    </czasy>
    <tabliczka id="27" mc="3">
     <dzien nazwa="w dni robocze">
      <godz h="5">
       <min m="36">
       </min>
       <min m="46">
       </min>
      </godz>
      <godz h="6">
       <min m="46">
       </min>
      </godz>
      <godz h="13">
       <min m="35">
       </min>
      </godz>
      <godz h="16">
       <min m="29">
       </min>
      </godz>
     </dzien>
    </tabliczka>
   </przystanek>
   <przystanek id="12303" nazwa="Kwiska" ulica="Legnicka" cechy="">
    <czasy>
    </czasy>
   </przystanek>
  </wariant>
 </linia>
</linie>
