<?xml version="1.0" encoding="UTF-8" ?>
<linie>
 <linia nazwa="345" typ="Normalna autobusowa" wazny_od="01.09.2025" wazny_do="">
  <wariant id="1" nazwa="Stadion Olimpijski - Stadion Olimpijski">
   <przystanek id="24317" nazwa="Stadion Olimpijski" ulica="Paderewskiego" cechy="">
    <czasy>
     <przystanek numer="0" id="24317" nazwa="Stadion Olimpijski" czas="0"/>
     <przystanek numer="1" id="24313" nazwa="8 Maja" czas="2"/>
     <przystanek numer="2" id="24323" nazwa="Godebskiego (AWF Wrocław)" czas="3"/>
     <przystanek numer="3" id="24315" nazwa="SĘPOLNO" czas="4"/>
     <przystanek numer="4" id="24522" nazwa="Libelta" czas="6"/>
     <przystanek numer="5" id="24517" nazwa="Bacciarellego" czas="8"/>
     <przystanek numer="6" id="24509" nazwa="BARTOSZOWICE" czas="10"/>
     <przystanek numer="7" id="24508" nazwa="BISKUPIN" czas="11"/>
     <przystanek numer="8" id="24506" nazwa="Spółdzielcza" czas="12"/>
     <przystanek numer="9" id="24526" nazwa="Piramowicza (Kampus Biskupin)" czas="13"/>
     <przystanek numer="10" id="24524" nazwa="Chełmońskiego" czas="14"/>
     <przystanek numer="11" id="24504" nazwa="Tramwajowa" czas="16"/>
     <przystanek numer="12" id="24502" nazwa="Hala Stulecia" czas="18"/>
     <przystanek numer="13" id="124421" nazwa="Mickiewicza" czas="19"/>
     <przystanek numer="14" id="24327" nazwa="Witelona" czas="20"/>
     <przystanek numer="15" id="24325" nazwa="Kochanowskiego" czas="21"/>
     <przystanek numer="16" id="24303" nazwa="Śniadeckich" czas="24"/>
     <przystanek numer="17" id="24319" nazwa="Moniuszki" czas="26"/>
     <przystanek numer="18" id="24317" nazwa="Stadion Olimpijski" czas="27"/>
    </czasy>
    <tabliczka id="1" mc="0">
     <dzien nazwa="w dni robocze">
      <godz h="6">
       <min m="39">
       </min>
      </godz>
      <godz h="7">
       <min m="19">
       </min>
       <min m="59">
       </min>
      </godz>
      <godz h="8">
       <min m="59">
       </min>
      </godz>
      <godz h="9">
       <min m="39">
       </min>
      </godz>
      <godz h="10">
       <min m="19">
       </min>
       <min m="59">
       </min>
      </godz>
      <godz h="11">
       <min m="39">
       </min>
      </godz>
      <godz h="12">
       <min m="19">
       </min>
       <min m="59">
       </min>
      </godz>
      <godz h="13">
       <min m="59">
       </min>
      </godz>
      <godz h="14">
       <min m="39">
       </min>
      </godz>
      <godz h="15">
       <min m="19">
       </min>
       <min m="59">
       </min>
      </godz>
      <godz h="16">
       <min m="39">
       </min>
      </godz>
      <godz h="17">
       <min m="29">
       </min>
      </godz>
      <godz h="18">
       <min m="09">
       </min>
      </godz>
     </dzien>
    </tabliczka>
   </przystanek>
   <przystanek id="24313" nazwa="8 Maja" ulica="Mickiewicza" cechy="">
    <czasy>
     <przystanek numer="0" id="24313" nazwa="8 Maja" czas="0"/>
     <przystanek numer="1" id="24323" nazwa="Godebskiego (AWF Wrocław)" czas="1"/>
     <przystanek numer="2" id="24315" nazwa="SĘPOLNO" czas="2"/>
     <przystanek numer="3" id="24522" nazwa="Libelta" czas="4"/>
     <przystanek numer="4" id="24517" nazwa="Bacciarellego" czas="6"/>
     <przystanek numer="5" id="24509" nazwa="BARTOSZOWICE" czas="8"/>
     <przystanek numer="6" id="24508" nazwa="BISKUPIN" czas="9"/>
     <przystanek numer="7" id="24506" nazwa="Spółdzielcza" czas="10"/>
     <przystanek numer="8" id="24526" nazwa="Piramowicza (Kampus Biskupin)" czas="11"/>
     <przystanek numer="9" id="24524" nazwa="Chełmońskiego" czas="12"/>
     <przystanek numer="10" id="24504" nazwa="Tramwajowa" czas="14"/>
     <przystanek numer="11" id="24502" nazwa="Hala Stulecia" czas="16"/>
     <przystanek numer="12" id="124421" nazwa="Mickiewicza" czas="17"/>
     <przystanek numer="13" id="24327" nazwa="Witelona" czas="18"/>
     <przystanek numer="14" id="24325" nazwa="Kochanowskiego" czas="19"/>
     <przystanek numer="15" id="24303" nazwa="Śniadeckich" czas="22"/>
     <przystanek numer="16" id="24319" nazwa="Moniuszki" czas="24"/>
     <przystanek numer="17" id="24317" nazwa="Stadion Olimpijski" czas="25"/>
    </czasy>
    <tabliczka id="2" mc="2" cechy="NZ">
     <dzien nazwa="w dni robocze">
      <godz h="6">
       <min m="41">
       </min>
      </godz>
      <godz h="7">
       <min m="21">
       </min>
      </godz>
      <godz h="8">
       <min m="01">
       </min>
      </godz>
      <godz h="9">
       <min m="01">
       </min>
       <min m="41">
       </min>
      </godz>
      <godz h="10">
       <min m="21">
       </min>
      </godz>
      <godz h="11">
       <min m="01">
       </min>
       <min m="41">
       </min>
      </godz>
      <godz h="12">
       <min m="21">
       </min>
      </godz>
      <godz h="13">
       <min m="01">
       </min>
      </godz>
      <godz h="14">
       <min m="01">
       </min>
       <min m="41">
       </min>
      </godz>
      <godz h="15">
       <min m="21">
       </min>
      </godz>
      <godz h="16">
       <min m="01">
       </min>
       <min m="41">
       </min>
      </godz>
      <godz h="17">
       <min m="31">
       </min>
      </godz>
      <godz h="18">
       <min m="11">
       </min>
      </godz>
     </dzien>
    </tabliczka>
   </przystanek>
   <przystanek id="24323" nazwa="Godebskiego (AWF Wrocław)" ulica="Mickiewicza" cechy="">
    <czasy>
     <przystanek numer="0" id="24323" nazwa="Godebskiego (AWF Wrocław)" czas="0"/>
     <przystanek numer="1" id="24315" nazwa="SĘPOLNO" czas="1"/>
     <przystanek numer="2" id="24522" nazwa="Libelta" czas="3"/>
     <przystanek numer="3" id="24517" nazwa="Bacciarellego" czas="5"/>
     <przystanek numer="4" id="24509" nazwa="BARTOSZOWICE" czas="7"/>
     <przystanek numer="5" id="24508" nazwa="BISKUPIN" czas="8"/>
     <przystanek numer="6" id="24506" nazwa="Spółdzielcza" czas="9"/>
     <przystanek numer="7" id="24526" nazwa="Piramowicza (Kampus Biskupin)" czas="10"/>
     <przystanek numer="8" id="24524" nazwa="Chełmońskiego" czas="11"/>
     <przystanek numer="9" id="24504" nazwa="Tramwajowa" czas="13"/>
     <przystanek numer="10" id="24502" nazwa="Hala Stulecia" czas="15"/>
     <przystanek numer="11" id="124421" nazwa="Mickiewicza" czas="16"/>
     <przystanek numer="12" id="24327" nazwa="Witelona" czas="17"/>
     <przystanek numer="13" id="24325" nazwa="Kochanowskiego" czas="18"/>
     <przystanek numer="14" id="24303" nazwa="Śniadeckich" czas="21"/>
     <przystanek numer="15" id="24319" nazwa="Moniuszki" czas="23"/>
     <przystanek numer="16" id="24317" nazwa="Stadion Olimpijski" czas="24"/>
    </czasy>
    <tabliczka id="3" mc="1" cechy="NZ">
     <dzien nazwa="w dni robocze">
      <godz h="6">
       <min m="42">
       </min>
      </godz>
      <godz h="7">
       <min m="22">
       </min>
      </godz>
      <godz h="8">
       <min m="02">
       </min>
      </godz>
      <godz h="9">
       <min m="02">
       </min>
       <min m="42">
       </min>
      </godz>
      <godz h="10">
       <min m="22">
       </min>
      </godz>
      <godz h="11">
       <min m="02">
       </min>
       <min m="42">
       </min>
      </godz>
      <godz h="12">
       <min m="22">
       </min>
      </godz>
      <godz h="13">
       <min m="02">
       </min>
      </godz>
      <godz h="14">
       <min m="02">
       </min>
       <min m="42">
       </min>
      </godz>
      <godz h="15">
       <min m="22">
       </min>
      </godz>
      <godz h="16">
       <min m="02">
       </min>
       <min m="42">
       </min>
      </godz>
      <godz h="17">
       <min m="32">
       </min>
      </godz>
      <godz h="18">
       <min m="12">
       </min>
      </godz>
     </dzien>
    </tabliczka>
   </przystanek>
   <przystanek id="24315" nazwa="SĘPOLNO" ulica="Mickiewicza" cechy="">
    <czasy>
     <przystanek numer="0" id="24315" nazwa="SĘPOLNO" czas="0"/>
     <przystanek numer="1" id="24522" nazwa="Libelta" czas="2"/>
     <przystanek numer="2" id="24517" nazwa="Bacciarellego" czas="4"/>
     <przystanek numer="3" id="24509" nazwa="BARTOSZOWICE" czas="6"/>
     <przystanek numer="4" id="24508" nazwa="BISKUPIN" czas="7"/>
     <przystanek numer="5" id="24506" nazwa="Spółdzielcza" czas="8"/>
     <przystanek numer="6" id="24526" nazwa="Piramowicza (Kampus Biskupin)" czas="9"/>
     <przystanek numer="7" id="24524" nazwa="Chełmońskiego" czas="10"/>
     <przystanek numer="8" id="24504" nazwa="Tramwajowa" czas="12"/>
     <przystanek numer="9" id="24502" nazwa="Hala Stulecia" czas="14"/>
     <przystanek numer="10" id="124421" nazwa="Mickiewicza" czas="15"/>
     <przystanek numer="11" id="24327" nazwa="Witelona" czas="16"/>
     <przystanek numer="12" id="24325" nazwa="Kochanowskiego" czas="17"/>
     <przystanek numer="13" id="24303" nazwa="Śniadeckich" czas="20"/>
     <przystanek numer="14" id="24319" nazwa="Moniuszki" czas="22"/>
     <przystanek numer="15" id="24317" nazwa="Stadion Olimpijski" czas="23"/>
    </czasy>
    <tabliczka id="4" mc="1">
     <dzien nazwa="w dni robocze">
      <godz h="6">
       <min m="43">
       </min>
      </godz>
      <godz h="7">
       <min m="23">
       </min>
      </godz>
      <godz h="8">
       <min m="03">
       </min>
      </godz>
      <godz h="9">
       <min m="03">
       </min>
       <min m="43">
       </min>
      </godz>
      <godz h="10">
       <min m="23">
       </min>
      </godz>
      <godz h="11">
       <min m="03">
       </min>
       <min m="43">
       </min>
      </godz>
      <godz h="12">
       <min m="23">
       </min>
      </godz>
      <godz h="13">
       <min m="03">
       </min>
      </godz>
      <godz h="14">
       <min m="03">
       </min>
       <min m="43">
       </min>
      </godz>
      <godz h="15">
       <min m="23">
       </min>
      </godz>
      <godz h="16">
       <min m="03">
       </min>
       <min m="43">
       </min>
      </godz>
      <godz h="17">
       <min m="33">
       </min>
      </godz>
      <godz h="18">
       <min m="13">
       </min>
      </godz>
     </dzien>
    </tabliczka>
   </przystanek>
   <przystanek id="24522" nazwa="Libelta" ulica="Monte Cassino" cechy="">
    <czasy>
     <przystanek numer="0" id="24522" nazwa="Libelta" czas="0"/>
     <przystanek numer="1" id="24517" nazwa="Bacciarellego" czas="2"/>
     <przystanek numer="2" id="24509" nazwa="BARTOSZOWICE" czas="4"/>
     <przystanek numer="3" id="24508" nazwa="BISKUPIN" czas="5"/>
     <przystanek numer="4" id="24506" nazwa="Spółdzielcza" czas="6"/>
     <przystanek numer="5" id="24526" nazwa="Piramowicza (Kampus Biskupin)" czas="7"/>
     <przystanek numer="6" id="24524" nazwa="Chełmońskiego" czas="8"/>
     <przystanek numer="7" id="24504" nazwa="Tramwajowa" czas="10"/>
     <przystanek numer="8" id="24502" nazwa="Hala Stulecia" czas="12"/>
     <przystanek numer="9" id="124421" nazwa="Mickiewicza" czas="13"/>
     <przystanek numer="10" id="24327" nazwa="Witelona" czas="14"/>
     <przystanek numer="11" id="24325" nazwa="Kochanowskiego" czas="15"/>
     <przystanek numer="12" id="24303" nazwa="Śniadeckich" czas="18"/>
     <przystanek numer="13" id="24319" nazwa="Moniuszki" czas="20"/>
     <przystanek numer="14" id="24317" nazwa="Stadion Olimpijski" czas="21"/>
    </czasy>
    <tabliczka id="5" mc="2">
     <dzien nazwa="w dni robocze">
      <godz h="6">
       <min m="45">
       </min>
      </godz>
      <godz h="7">
       <min m="25">
       </min>
      </godz>
      <godz h="8">
       <min m="05">
       </min>
      </godz>
      <godz h="9">
       <min m="05">
       </min>
       <min m="45">
       </min>
      </godz>
      <godz h="10">
       <min m="25">
       </min>
      </godz>
      <godz h="11">
       <min m="05">
       </min>
       <min m="45">
       </min>
      </godz>
      <godz h="12">
       <min m="25">
       </min>
      </godz>
      <godz h="13">
       <min m="05">
       </min>
      </godz>
      <godz h="14">
       <min m="05">
       </min>
       <min m="45">
       </min>
      </godz>
      <godz h="15">
       <min m="25">
       </min>
      </godz>
      <godz h="16">
       <min m="05">
       </min>
       <min m="45">
       </min>
      </godz>
      <godz h="17">
       <min m="35">
       </min>
      </godz>
      <godz h="18">
       <min m="15">
       </min>
      </godz>
     </dzien>
    </tabliczka>
   </przystanek>
   <przystanek id="24517" nazwa="Bacciarellego" ulica="Bacciarellego" cechy="">
    <czasy>
     <przystanek numer="0" id="24517" nazwa="Bacciarellego" czas="0"/>
     <przystanek numer="1" id="24509" nazwa="BARTOSZOWICE" czas="2"/>
     <przystanek numer="2" id="24508" nazwa="BISKUPIN" czas="3"/>
     <przystanek numer="3" id="24506" nazwa="Spółdzielcza" czas="4"/>
     <przystanek numer="4" id="24526" nazwa="Piramowicza (Kampus Biskupin)" czas="5"/>
     <przystanek numer="5" id="24524" nazwa="Chełmońskiego" czas="6"/>
     <przystanek numer="6" id="24504" nazwa="Tramwajowa" czas="8"/>
     <przystanek numer="7" id="24502" nazwa="Hala Stulecia" czas="10"/>
     <przystanek numer="8" id="124421" nazwa="Mickiewicza" czas="11"/>
     <przystanek numer="9" id="24327" nazwa="Witelona" czas="12"/>
     <przystanek numer="10" id="24325" nazwa="Kochanowskiego" czas="13"/>
     <przystanek numer="11" id="24303" nazwa="Śniadeckich" czas="16"/>
     <przystanek numer="12" id="24319" nazwa="Moniuszki" czas="18"/>
     <przystanek numer="13" id="24317" nazwa="Stadion Olimpijski" czas="19"/>
    </czasy>
    <tabliczka id="6" mc="2">
     <dzien nazwa="w dni robocze">
      <godz h="6">
       <min m="47">
       </min>
      </godz>
      <godz h="7">
       <min m="27">
       </min>
      </godz>
      <godz h="8">
       <min m="07">
       </min>
      </godz>
      <godz h="9">
       <min m="07">
       </min>
       <min m="47">
       </min>
      </godz>
      <godz h="10">
       <min m="27">
       </min>
      </godz>
      <godz h="11">
       <min m="07">
       </min>
       <min m="47">
       </min>
      </godz>
      <godz h="12">
       <min m="27">
       </min>
      </godz>
      <godz h="13">
       <min m="07">
       </min>
      </godz>
      <godz h="14">
       <min m="07">
       </min>
       <min m="47">
       </min>
      </godz>
      <godz h="15">
       <min m="27">
       </min>
      </godz>
      <godz h="16">
       <min m="07">
       </min>
       <min m="47">
       </min>
      </godz>
      <godz h="17">
       <min m="37">
       </min>
      </godz>
      <godz h="18">
       <min m="17">
       </min>
      </godz>
     </dzien>
    </tabliczka>
   </przystanek>
   <przystanek id="24509" nazwa="BARTOSZOWICE" ulica="Bacciarellego" cechy="">
    <czasy>
     <przystanek numer="0" id="24509" nazwa="BARTOSZOWICE" czas="0"/>
     <przystanek numer="1" id="24508" nazwa="BISKUPIN" czas="1"/>
     <przystanek numer="2" id="24506" nazwa="Spółdzielcza" czas="2"/>
     <przystanek numer="3" id="24526" nazwa="Piramowicza (Kampus Biskupin)" czas="3"/>
     <przystanek numer="4" id="24524" nazwa="Chełmońskiego" czas="4"/>
     <przystanek numer="5" id="24504" nazwa="Tramwajowa" czas="6"/>
     <przystanek numer="6" id="24502" nazwa="Hala Stulecia" czas="8"/>
     <przystanek numer="7" id="124421" nazwa="Mickiewicza" czas="9"/>
     <przystanek numer="8" id="24327" nazwa="Witelona" czas="10"/>
     <przystanek numer="9" id="24325" nazwa="Kochanowskiego" czas="11"/>
     <przystanek numer="10" id="24303" nazwa="Śniadeckich" czas="14"/>
     <przystanek numer="11" id="24319" nazwa="Moniuszki" czas="16"/>
     <przystanek numer="12" id="24317" nazwa="Stadion Olimpijski" czas="17"/>
    </czasy>
    <tabliczka id="7" mc="2">
     <dzien nazwa="w dni robocze">
      <godz h="6">
       <min m="49">
       </min>
      </godz>
      <godz h="7">
       <min m="29">
       </min>
      </godz>
      <godz h="8">
       <min m="09">
       </min>
      </godz>
      <godz h="9">
       <min m="09">
       </min>
       <min m="49">
       </min>
      </godz>
      <godz h="10">
       <min m="29">
       </min>
      </godz>
      <godz h="11">
       <min m="09">
       </min>
       <min m="49">
       </min>
      </godz>
      <godz h="12">
       <min m="29">
       </min>
      </godz>
      <godz h="13">
       <min m="09">
       </min>
      </godz>
      <godz h="14">
       <min m="09">
       </min>
       <min m="49">
       </min>
      </godz>
      <godz h="15">
       <min m="29">
       </min>
      </godz>
      <godz h="16">
       <min m="09">
       </min>
       <min m="49">
       </min>
      </godz>
      <godz h="17">
       <min m="39">
       </min>
      </godz>
      <godz h="18">
       <min m="19">
       </min>
      </godz>
     </dzien>
    </tabliczka>
   </przystanek>
   <przystanek id="24508" nazwa="BISKUPIN" ulica="Olszewskiego" cechy="">
    <czasy>
     <przystanek numer="0" id="24508" nazwa="BISKUPIN" czas="0"/>
     <przystanek numer="1" id="24506" nazwa="Spółdzielcza" czas="1"/>
     <przystanek numer="2" id="24526" nazwa="Piramowicza (Kampus Biskupin)" czas="2"/>
     <przystanek numer="3" id="24524" nazwa="Chełmońskiego" czas="3"/>
     <przystanek numer="4" id="24504" nazwa="Tramwajowa" czas="5"/>
     <przystanek numer="5" id="24502" nazwa="Hala Stulecia" czas="7"/>
     <przystanek numer="6" id="124421" nazwa="Mickiewicza" czas="8"/>
     <przystanek numer="7" id="24327" nazwa="Witelona" czas="9"/>
     <przystanek numer="8" id="24325" nazwa="Kochanowskiego" czas="10"/>
     <przystanek numer="9" id="24303" nazwa="Śniadeckich" czas="13"/>
     <przystanek numer="10" id="24319" nazwa="Moniuszki" czas="15"/>
     <przystanek numer="11" id="24317" nazwa="Stadion Olimpijski" czas="16"/>
    </czasy>
    <tabliczka id="8" mc="1">
     <dzien nazwa="w dni robocze">
      <godz h="6">
       <min m="50">
       </min>
      </godz>
      <godz h="7">
       <min m="30">
       </min>
      </godz>
      <godz h="8">
       <min m="10">
       </min>
      </godz>
      <godz h="9">
       <min m="10">
       </min>
       <min m="50">
       </min>
      </godz>
      <godz h="10">
       <min m="30">
       </min>
      </godz>
      <godz h="11">
       <min m="10">
       </min>
       <min m="50">
       </min>
      </godz>
      <godz h="12">
       <min m="30">
       </min>
      </godz>
      <godz h="13">
       <min m="10">
       </min>
      </godz>
      <godz h="14">
       <min m="10">
       </min>
       <min m="50">
       </min>
      </godz>
      <godz h="15">
       <min m="30">
       </min>
      </godz>
      <godz h="16">
       <min m="10">
       </min>
       <min m="50">
       </min>
      </godz>
      <godz h="17">
       <min m="40">
       </min>
      </godz>
      <godz h="18">
       <min m="20">
       </min>
      </godz>
     </dzien>
    </tabliczka>
   </przystanek>
   <przystanek id="24506" nazwa="Spółdzielcza" ulica="Olszewskiego" cechy="">
    <czasy>
     <przystanek numer="0" id="24506" nazwa="Spółdzielcza" czas="0"/>
     <przystanek numer="1" id="24526" nazwa="Piramowicza (Kampus Biskupin)" czas="1"/>
     <przystanek numer="2" id="24524" nazwa="Chełmońskiego" czas="2"/>
     <przystanek numer="3" id="24504" nazwa="Tramwajowa" czas="4"/>
     <przystanek numer="4" id="24502" nazwa="Hala Stulecia" czas="6"/>
     <przystanek numer="5" id="124421" nazwa="Mickiewicza" czas="7"/>
     <przystanek numer="6" id="24327" nazwa="Witelona" czas="8"/>
     <przystanek numer="7" id="24325" nazwa="Kochanowskiego" czas="9"/>
     <przystanek numer="8" id="24303" nazwa="Śniadeckich" czas="12"/>
     <przystanek numer="9" id="24319" nazwa="Moniuszki" czas="14"/>
     <przystanek numer="10" id="24317" nazwa="Stadion Olimpijski" czas="15"/>
    </czasy>
    <tabliczka id="9" mc="1">
     <dzien nazwa="w dni robocze">
      <godz h="6">
       <min m="51">
       </min>
      </godz>
      <godz h="7">
       <min m="31">
       </min>
      </godz>
      <godz h="8">
       <min m="11">
       </min>
      </godz>
      <godz h="9">
       <min m="11">
       </min>
       <min m="51">
       </min>
      </godz>
      <godz h="10">
       <min m="31">
       </min>
      </godz>
      <godz h="11">
       <min m="11">
       </min>
       <min m="51">
       </min>
      </godz>
      <godz h="12">
       <min m="31">
       </min>
      </godz>
      <godz h="13">
       <min m="11">
       </min>
      </godz>
      <godz h="14">
       <min m="11">
       </min>
       <min m="51">
       </min>
      </godz>
      <godz h="15">
       <min m="31">
       </min>
      </godz>
      <godz h="16">
       <min m="11">
       </min>
       <min m="51">
       </min>
      </godz>
      <godz h="17">
       <min m="41">
       </min>
      </godz>
      <godz h="18">
       <min m="21">
       </min>
      </godz>
     </dzien>
    </tabliczka>
   </przystanek>
   <przystanek id="24526" nazwa="Piramowicza (Kampus Biskupin)" ulica="Olszewskiego" cechy="">
    <czasy>
     <przystanek numer="0" id="24526" nazwa="Piramowicza (Kampus Biskupin)" czas="0"/>
     <przystanek numer="1" id="24524" nazwa="Chełmońskiego" czas="1"/>
     <przystanek numer="2" id="24504" nazwa="Tramwajowa" czas="3"/>
     <przystanek numer="3" id="24502" nazwa="Hala Stulecia" czas="5"/>
     <przystanek numer="4" id="124421" nazwa="Mickiewicza" czas="6"/>
     <przystanek numer="5" id="24327" nazwa="Witelona" czas="7"/>
     <przystanek numer="6" id="24325" nazwa="Kochanowskiego" czas="8"/>
     <przystanek numer="7" id="24303" nazwa="Śniadeckich" czas="11"/>
     <przystanek numer="8" id="24319" nazwa="Moniuszki" czas="13"/>
     <przystanek numer="9" id="24317" nazwa="Stadion Olimpijski" czas="14"/>
    </czasy>
    <tabliczka id="10" mc="1">
     <dzien nazwa="w dni robocze">
      <godz h="6">
       <min m="52">
       </min>
      </godz>
      <godz h="7">
       <min m="32">
       </min>
      </godz>
      <godz h="8">
       <min m="12">
       </min>
      </godz>
      <godz h="9">
       <min m="12">
       </min>
       <min m="52">
       </min>
      </godz>
      <godz h="10">
       <min m="32">
       </min>
      </godz>
      <godz h="11">
       <min m="12">
       </min>
       <min m="52">
       </min>
      </godz>
      <godz h="12">
       <min m="32">
       </min>
      </godz>
      <godz h="13">
       <min m="12">
       </min>
      </godz>
      <godz h="14">
       <min m="12">
       </min>
       <min m="52">
       </min>
      </godz>
      <godz h="15">
       <min m="32">
       </min>
      </godz>
      <godz h="16">
       <min m="12">
       </min>
       <min m="52">
       </min>
      </godz>
      <godz h="17">
       <min m="42">
       </min>
      </godz>
      <godz h="18">
       <min m="22">
       </min>
      </godz>
     </dzien>
    </tabliczka>
   </przystanek>
   <przystanek id="24524" nazwa="Chełmońskiego" ulica="Olszewskiego" cechy="">
    <czasy>
     <przystanek numer="0" id="24524" nazwa="Chełmońskiego" czas="0"/>
     <przystanek numer="1" id="24504" nazwa="Tramwajowa" czas="2"/>
     <przystanek numer="2" id="24502" nazwa="Hala Stulecia" czas="4"/>
     <przystanek numer="3" id="124421" nazwa="Mickiewicza" czas="5"/>
     <przystanek numer="4" id="24327" nazwa="Witelona" czas="6"/>
     <przystanek numer="5" id="24325" nazwa="Kochanowskiego" czas="7"/>
     <przystanek numer="6" id="24303" nazwa="Śniadeckich" czas="10"/>
     <przystanek numer="7" id="24319" nazwa="Moniuszki" czas="12"/>
     <przystanek numer="8" id="24317" nazwa="Stadion Olimpijski" czas="13"/>
    </czasy>
    <tabliczka id="11" mc="1">
     <dzien nazwa="w dni robocze">
      <godz h="6">
       <min m="53">
       </min>
      </godz>
      <godz h="7">
       <min m="33">
       </min>
      </godz>
      <godz h="8">
       <min m="13">
       </min>
      </godz>
      <godz h="9">
       <min m="13">
       </min>
       <min m="53">
       </min>
      </godz>
      <godz h="10">
       <min m="33">
       </min>
      </godz>
      <godz h="11">
       <min m="13">
       </min>
       <min m="53">
       </min>
      </godz>
      <godz h="12">
       <min m="33">
       </min>
      </godz>
      <godz h="13">
       <min m="13">
       </min>
      </godz>
      <godz h="14">
       <min m="13">
       </min>
       <min m="53">
       </min>
      </godz>
      <godz h="15">
       <min m="33">
       </min>
      </godz>
      <godz h="16">
       <min m="13">
       </min>
       <min m="53">
       </min>
      </godz>
      <godz h="17">
       <min m="43">
       </min>
      </godz>
      <godz h="18">
       <min m="23">
       </min>
      </godz>
     </dzien>
    </tabliczka>
   </przystanek>
   <przystanek id="24504" nazwa="Tramwajowa" ulica="Wróblewskiego" cechy="">
    <czasy>
     <przystanek numer="0" id="24504" nazwa="Tramwajowa" czas="0"/>
     <przystanek numer="1" id="24502" nazwa="Hala Stulecia" czas="2"/>
     <przystanek numer="2" id="124421" nazwa="Mickiewicza" czas="3"/>
     <przystanek numer="3" id="24327" nazwa="Witelona" czas="4"/>
     <przystanek numer="4" id="24325" nazwa="Kochanowskiego" czas="5"/>
     <przystanek numer="5" id="24303" nazwa="Śniadeckich" czas="8"/>
     <przystanek numer="6" id="24319" nazwa="Moniuszki" czas="10"/>
     <przystanek numer="7" id="24317" nazwa="Stadion Olimpijski" czas="11"/>
    </czasy>
    <tabliczka id="12" mc="2">
     <dzien nazwa="w dni robocze">
      <godz h="6">
       <min m="55">
       </min>
      </godz>
      <godz h="7">
       <min m="35">
       </min>
      </godz>
      <godz h="8">
       <min m="15">
       </min>
      </godz>
      <godz h="9">
       <min m="15">
       </min>
       <min m="55">
       </min>
      </godz>
      <godz h="10">
       <min m="35">
       </min>
      </godz>
      <godz h="11">
       <min m="15">
       </min>
       <min m="55">
       </min>
      </godz>
      <godz h="12">
       <min m="35">
       </min>
      </godz>
      <godz h="13">
       <min m="15">
       </min>
      </godz>
      <godz h="14">
       <min m="15">
       </min>
       <min m="55">
       </min>
      </godz>
      <godz h="15">
       <min m="35">
       </min>
      </godz>
      <godz h="16">
       <min m="15">
       </min>
       <min m="55">
       </min>
      </godz>
      <godz h="17">
       <min m="45">
       </min>
      </godz>
      <godz h="18">
       <min m="25">
       </min>
      </godz>
     </dzien>
    </tabliczka>
   </przystanek>
   <przystanek id="24502" nazwa="Hala Stulecia" ulica="Wajdy" cechy="">
    <czasy>
     <przystanek numer="0" id="24502" nazwa="Hala Stulecia" czas="0"/>
     <przystanek numer="1" id="124421" nazwa="Mickiewicza" czas="1"/>
     <przystanek numer="2" id="24327" nazwa="Witelona" czas="2"/>
     <przystanek numer="3" id="24325" nazwa="Kochanowskiego" czas="3"/>
     <przystanek numer="4" id="24303" nazwa="Śniadeckich" czas="6"/>
     <przystanek numer="5" id="24319" nazwa="Moniuszki" czas="8"/>
     <przystanek numer="6" id="24317" nazwa="Stadion Olimpijski" czas="9"/>
    </czasy>
    <tabliczka id="13" mc="2">
     <dzien nazwa="w dni robocze">
      <godz h="6">
       <min m="57">
       </min>
      </godz>
      <godz h="7">
       <min m="37">
       </min>
      </godz>
      <godz h="8">
       <min m="17">
       </min>
      </godz>
      <godz h="9">
       <min m="17">
       </min>
       <min m="57">
       </min>
      </godz>
      <godz h="10">
       <min m="37">
       </min>
      </godz>
      <godz h="11">
       <min m="17">
       </min>
       <min m="57">
       </min>
      </godz>
      <godz h="12">
       <min m="37">
       </min>
      </godz>
      <godz h="13">
       <min m="17">
       </min>
      </godz>
      <godz h="14">
       <min m="17">
       </min>
       <min m="57">
       </min>
      </godz>
      <godz h="15">
       <min m="37">
       </min>
      </godz>
      <godz h="16">
       <min m="17">
       </min>
       <min m="57">
       </min>
      </godz>
      <godz h="17">
       <min m="47">
       </min>
      </godz>
      <godz h="18">
       <min m="27">
       </min>
      </godz>
     </dzien>
    </tabliczka>
   </przystanek>
   <przystanek id="124421" nazwa="Mickiewicza" ulica="Mickiewicza" cechy="">
    <czasy>
     <przystanek numer="0" id="124421" nazwa="Mickiewicza" czas="0"/>
     <przystanek numer="1" id="24327" nazwa="Witelona" czas="1"/>
     <przystanek numer="2" id="24325" nazwa="Kochanowskiego" czas="2"/>
     <przystanek numer="3" id="24303" nazwa="Śniadeckich" czas="5"/>
     <przystanek numer="4" id="24319" nazwa="Moniuszki" czas="7"/>
     <przystanek numer="5" id="24317" nazwa="Stadion Olimpijski" czas="8"/>
    </czasy>
    <tabliczka id="14" mc="1" cechy="NZ">
     <dzien nazwa="w dni robocze">
      <godz h="6">
       <min m="58">
       </min>
      </godz>
      <godz h="7">
       <min m="38">
       </min>
      </godz>
      <godz h="8">
       <min m="18">
       </min>
      </godz>
      <godz h="9">
       <min m="18">
       </min>
       <min m="58">
       </min>
      </godz>
      <godz h="10">
       <min m="38">
       </min>
      </godz>
      <godz h="11">
       <min m="18">
       </min>
       <min m="58">
       </min>
      </godz>
      <godz h="12">
       <min m="38">
       </min>
      </godz>
      <godz h="13">
       <min m="18">
       </min>
      </godz>
      <godz h="14">
       <min m="18">
       </min>
       <min m="58">
       </min>
      </godz>
      <godz h="15">
       <min m="38">
       </min>
      </godz>
      <godz h="16">
       <min m="18">
       </min>
       <min m="58">
       </min>
      </godz>
      <godz h="17">
       <min m="48">
       </min>
      </godz>
      <godz h="18">
       <min m="28">
       </min>
      </godz>
     </dzien>
    </tabliczka>
   </przystanek>
   <przystanek id="24327" nazwa="Witelona" ulica="Parkowa" cechy="">
    <czasy>
     <przystanek numer="0" id="24327" nazwa="Witelona" czas="0"/>
     <przystanek numer="1" id="24325" nazwa="Kochanowskiego" czas="1"/>
     <przystanek numer="2" id="24303" nazwa="Śniadeckich" czas="4"/>
     <przystanek numer="3" id="24319" nazwa="Moniuszki" czas="6"/>
     <przystanek numer="4" id="24317" nazwa="Stadion Olimpijski" czas="7"/>
    </czasy>
    <tabliczka id="15" mc="1" cechy="NZ">
     <dzien nazwa="w dni robocze">
      <godz h="6">
       <min m="59">
       </min>
      </godz>
      <godz h="7">
       <min m="39">
       </min>
      </godz>
      <godz h="8">
       <min m="19">
       </min>
      </godz>
      <godz h="9">
       <min m="19">
       </min>
       <min m="59">
       </min>
      </godz>
      <godz h="10">
       <min m="39">
       </min>
      </godz>
      <godz h="11">
       <min m="19">
       </min>
       <min m="59">
       </min>
      </godz>
      <godz h="12">
       <min m="39">
       </min>
      </godz>
      <godz h="13">
       <min m="19">
       </min>
      </godz>
      <godz h="14">
       <min m="19">
       </min>
       <min m="59">
       </min>
      </godz>
      <godz h="15">
       <min m="39">
       </min>
      </godz>
      <godz h="16">
       <min m="19">
       </min>
       <min m="59">
       </min>
      </godz>
      <godz h="17">
       <min m="49">
       </min>
      </godz>
      <godz h="18">
       <min m="29">
       </min>
      </godz>
     </dzien>
    </tabliczka>
   </przystanek>
   <przystanek id="24325" nazwa="Kochanowskiego" ulica="Parkowa" cechy="">
    <czasy>
     <przystanek numer="0" id="24325" nazwa="Kochanowskiego" czas="0"/>
     <przystanek numer="1" id="24303" nazwa="Śniadeckich" czas="3"/>
     <przystanek numer="2" id="24319" nazwa="Moniuszki" czas="5"/>
     <przystanek numer="3" id="24317" nazwa="Stadion Olimpijski" czas="6"/>
    </czasy>
    <tabliczka id="16" mc="1" cechy="NZ">
     <dzien nazwa="w dni robocze">
      <godz h="7">
       <min m="00">
       </min>
       <min m="40">
       </min>
      </godz>
      <godz h="8">
       <min m="20">
       </min>
      </godz>
      <godz h="9">
       <min m="20">
       </min>
      </godz>
      <godz h="10">
       <min m="00">
       </min>
       <min m="40">
       </min>
      </godz>
      <godz h="11">
       <min m="20">
       </min>
      </godz>
      <godz h="12">
       <min m="00">
       </min>
       <min m="40">
       </min>
      </godz>
      <godz h="13">
       <min m="20">
       </min>
      </godz>
      <godz h="14">
       <min m="20">
       </min>
      </godz>
      <godz h="15">
       <min m="00">
       </min>
       <min m="40">
       </min>
      </godz>
      <godz h="16">
       <min m="20">
       </min>
      </godz>
      <godz h="17">
       <min m="00">
       </min>
       <min m="50">
       </min>
      </godz>
      <godz h="18">
       <min m="30">
       </min>
      </godz>
     </dzien>
    </tabliczka>
   </przystanek>
   <przystanek id="24303" nazwa="Śniadeckich" ulica="Kochanowskiego" cechy="">
    <czasy>
     <przystanek numer="0" id="24303" nazwa="Śniadeckich" czas="0"/>
     <przystanek numer="1" id="24319" nazwa="Moniuszki" czas="2"/>
     <przystanek numer="2" id="24317" nazwa="Stadion Olimpijski" czas="3"/>
    </czasy>
    <tabliczka id="17" mc="2">
     <dzien nazwa="w dni robocze">
      <godz h="7">
       <min m="03">
       </min>
       <min m="43">
       </min>
      </godz>
      <godz h="8">
       <min m="23">
       </min>
      </godz>
      <godz h="9">
       <min m="23">
       </min>
      </godz>
      <godz h="10">
       <min m="03">
       </min>
       <min m="43">
       </min>
      </godz>
      <godz h="11">
       <min m="23">
       </min>
      </godz>
      <godz h="12">
       <min m="03">
       </min>
       <min m="43">
       </min>
      </godz>
      <godz h="13">
       <min m="23">
       </min>
      </godz>
      <godz h="14">
       <min m="23">
       </min>
      </godz>
      <godz h="15">
       <min m="03">
       </min>
       <min m="43">
       </min>
      </godz>
      <godz h="16">
       <min m="23">
       </min>
      </godz>
      <godz h="17">
       <min m="03">
       </min>
       <min m="53">
       </min>
      </godz>
      <godz h="18">
       <min m="32">
       </min>
      </godz>
     </dzien>
    </tabliczka>
   </przystanek>
   <przystanek id="24319" nazwa="Moniuszki" ulica="Moniuszki" cechy="">
    <czasy>
     <przystanek numer="0" id="24319" nazwa="Moniuszki" czas="0"/>
     <przystanek numer="1" id="24317" nazwa="Stadion Olimpijski" czas="1"/>
    </czasy>
    <tabliczka id="18" mc="2">
     <dzien nazwa="w dni robocze">
      <godz h="7">
       <min m="05">
       </min>
       <min m="45">
       </min>
      </godz>
      <godz h="8">
       <min m="25">
       </min>
      </godz>
      <godz h="9">
       <min m="25">
       </min>
      </godz>
      <godz h="10">
       <min m="05">
       </min>
       <min m="45">
       </min>
      </godz>
      <godz h="11">
       <min m="25">
       </min>
      </godz>
      <godz h="12">
       <min m="05">
       </min>
       <min m="45">
       </min>
      </godz>
      <godz h="13">
       <min m="25">
       </min>
      </godz>
      <godz h="14">
       <min m="25">
       </min>
      </godz>
      <godz h="15">
       <min m="05">
       </min>
       <min m="45">
       </min>
      </godz>
      <godz h="16">
       <min m="25">
       </min>
      </godz>
      <godz h="17">
       <min m="05">
       </min>
       <min m="55">
       </min>
      </godz>
      <godz h="18">
       <min m="34">
       </min>
      </godz>
     </dzien>
    </tabliczka>
   </przystanek>
   <przystanek id="24317" nazwa="Stadion Olimpijski" ulica="Paderewskiego" cechy="">
    <czasy>
     <przystanek numer="0" id="24317" nazwa="Stadion Olimpijski" czas="0"/>
     <przystanek numer="1" id="24313" nazwa="8 Maja" czas="2"/>
     <przystanek numer="2" id="24323" nazwa="Godebskiego (AWF Wrocław)" czas="3"/>
     <przystanek numer="3" id="24315" nazwa="SĘPOLNO" czas="4"/>
     <przystanek numer="4" id="24522" nazwa="Libelta" czas="6"/>
     <przystanek numer="5" id="24517" nazwa="Bacciarellego" czas="8"/>
     <przystanek numer="6" id="24509" nazwa="BARTOSZOWICE" czas="10"/>
     <przystanek numer="7" id="24508" nazwa="BISKUPIN" czas="11"/>
     <przystanek numer="8" id="24506" nazwa="Spółdzielcza" czas="12"/>
     <przystanek numer="9" id="24526" nazwa="Piramowicza (Kampus Biskupin)" czas="13"/>
     <przystanek numer="10" id="24524" nazwa="Chełmońskiego" czas="14"/>
     <przystanek numer="11" id="24504" nazwa="Tramwajowa" czas="16"/>
     <przystanek numer="12" id="24502" nazwa="Hala Stulecia" czas="18"/>
     <przystanek numer="13" id="124421" nazwa="Mickiewicza" czas="19"/>
     <przystanek numer="14" id="24327" nazwa="Witelona" czas="20"/>
     <przystanek numer="15" id="24325" nazwa="Kochanowskiego" czas="21"/>
     <przystanek numer="16" id="24303" nazwa="Śniadeckich" czas="24"/>
     <przystanek numer="17" id="24319" nazwa="Moniuszki" czas="26"/>
     <przystanek numer="18" id="24317" nazwa="Stadion Olimpijski" czas="27"/>
    </czasy>
    <tabliczka id="1" mc="1">
     <dzien nazwa="w dni robocze">
      <godz h="6">
       <min m="39">
       </min>
      </godz>
      <godz h="7">
       <min m="19">
       </min>
       <min m="59">
       </min>
      </godz>
      <godz h="8">
       <min m="59">
       </min>
      </godz>
      <godz h="9">
       <min m="39">
       </min>
      </godz>
      <godz h="10">
       <min m="19">
       </min>
       <min m="59">
       </min>
      </godz>
      <godz h="11">
       <min m="39">
       </min>
      </godz>
      <godz h="12">
       <min m="19">
       </min>
       <min m="59">
       </min>
      </godz>
      <godz h="13">
       <min m="59">
       </min>
      </godz>
      <godz h="14">
       <min m="39">
       </min>
      </godz>
      <godz h="15">
       <min m="19">
       </min>
       <min m="59">
       </min>
      </godz>
      <godz h="16">
       <min m="39">
       </min>
      </godz>
      <godz h="17">
       <min m="29">
       </min>
      </godz>
      <godz h="18">
       <min m="09">
       </min>
      </godz>
     </dzien>
    </tabliczka>
   </przystanek>
  </wariant>
 </linia>
</linie>
