<?xml version="1.0" encoding="UTF-8" ?>
<linie>
 <linia nazwa="933" typ="Strefowa autobusowa" wazny_od="04.10.2025" wazny_do="">
  <wariant id="1" nazwa="KRZYKI - Zabrodzie - pętla">
   <przystanek id="11314" nazwa="KRZYKI" ulica="Karkonoska" cechy="">
    <czasy>
     <przystanek numer="0" id="11314" nazwa="KRZYKI" czas="0"/>
     <przystanek numer="1" id="16501" nazwa="Zimowa" czas="2"/>
     <przystanek numer="2" id="16503" nazwa="Os. Przyjaźni" czas="3"/>
     <przystanek numer="3" id="16505" nazwa="Skarbowców" czas="5"/>
     <przystanek numer="4" id="16531" nazwa="KLECINA" czas="6"/>
     <przystanek numer="5" id="16701" nazwa="Kościelna" czas="7"/>
     <przystanek numer="6" id="16717" nazwa="Wałbrzyska" czas="9"/>
     <przystanek numer="7" id="16713" nazwa="Marcepanowa" czas="10"/>
     <przystanek numer="8" id="16715" nazwa="Słoneczna" czas="11"/>
     <przystanek numer="9" id="16721" nazwa="Połabian" czas="12"/>
     <przystanek numer="10" id="82024005" nazwa="Kwiatkowskiego" czas="15"/>
     <przystanek numer="11" id="82024004" nazwa="Zabrodzie - pętla" czas="16"/>
    </czasy>
    <tabliczka id="1" mc="0">
     <dzien nazwa="w dni robocze">
      <godz h="5">
       <min m="29">
       </min>
      </godz>
      <godz h="6">
       <min m="50">
       </min>
      </godz>
      <godz h="8">
       <min m="13">
       </min>
      </godz>
      <godz h="9">
       <min m="13">
       </min>
      </godz>
      <godz h="10">
       <min m="13">
       </min>
      </godz>
      <godz h="11">
       <min m="13">
       </min>
      </godz>
      <godz h="12">
       <min m="13">
       </min>
      </godz>
      <godz h="13">
       <min m="26">
       </min>
      </godz>
      <godz h="14">
       <min m="35">
       </min>
      </godz>
      <godz h="15">
       <min m="25">
       </min>
      </godz>
      <godz h="16">
       <min m="20">
       </min>
      </godz>
      <godz h="17">
       <min m="30">
       </min>
      </godz>
      <godz h="18">
       <min m="39">
       </min>
      </godz>
      <godz h="19">
       <min m="21">
       </min>
      </godz>
      <godz h="20">
       <min m="26">
       </min>
      </godz>
      <godz h="21">
       <min m="26">
       </min>
      </godz>
     </dzien>
     <dzien nazwa="Sobota">
      <godz h="6">
       <min m="00">
       </min>
      </godz>
      <godz h="7">
       <min m="20">
       </min>
      </godz>
      <godz h="9">
       <min m="20">
       </min>
      </godz>
      <godz h="11">
       <min m="20">
       </min>
      </godz>
      <godz h="13">
       <min m="20">
       </min>
      </godz>
      <godz h="15">
       <min m="20">
       </min>
      </godz>
      <godz h="17">
       <min m="20">
       </min>
      </godz>
      <godz h="19">
       <min m="20">
       </min>
      </godz>
      <godz h="21">
       <min m="20">
       </min>
      </godz>
     </dzien>
     <dzien nazwa="Niedziela">
      <godz h="6">
       <min m="00">
       </min>
      </godz>
      <godz h="7">
       <min m="20">
       </min>
      </godz>
      <godz h="9">
       <min m="20">
       </min>
      </godz>
      <godz h="11">
       <min m="20">
       </min>
      </godz>
      <godz h="13">
       <min m="20">
       </min>
      </godz>
      <godz h="15">
       <min m="20">
       </min>
      </godz>
      <godz h="17">
       <min m="20">
       </min>
      </godz>
      <godz h="19">
       <min m="20">
       </min>
      </godz>
      <godz h="21">
       <min m="20">
       </min>
      </godz>
     </dzien>
    </tabliczka>
   </przystanek>
   <przystanek id="16501" nazwa="Zimowa" ulica="Krzycka" cechy="">
    <czasy>
     <przystanek numer="0" id="16501" nazwa="Zimowa" czas="0"/>
     <przystanek numer="1" id="16503" nazwa="Os. Przyjaźni" czas="1"/>
     <przystanek numer="2" id="16505" nazwa="Skarbowców" czas="3"/>
     <przystanek numer="3" id="16531" nazwa="KLECINA" czas="4"/>
     <przystanek numer="4" id="16701" nazwa="Kościelna" czas="5"/>
     <przystanek numer="5" id="16717" nazwa="Wałbrzyska" czas="7"/>
     <przystanek numer="6" id="16713" nazwa="Marcepanowa" czas="8"/>
     <przystanek numer="7" id="16715" nazwa="Słoneczna" czas="9"/>
     <przystanek numer="8" id="16721" nazwa="Połabian" czas="10"/>
     <przystanek numer="9" id="82024005" nazwa="Kwiatkowskiego" czas="13"/>
     <przystanek numer="10" id="82024004" nazwa="Zabrodzie - pętla" czas="14"/>
    </czasy>
    <tabliczka id="2" mc="1">
     <dzien nazwa="w dni robocze">
      <godz h="5">
       <min m="30">
       </min>
      </godz>
      <godz h="6">
       <min m="51">
       </min>
      </godz>
      <godz h="8">
       <min m="14">
       </min>
      </godz>
      <godz h="9">
       <min m="14">
       </min>
      </godz>
      <godz h="10">
       <min m="14">
       </min>
      </godz>
      <godz h="11">
       <min m="14">
       </min>
      </godz>
      <godz h="12">
       <min m="14">
       </min>
      </godz>
      <godz h="13">
       <min m="27">
       </min>
      </godz>
      <godz h="14">
       <min m="37">
       </min>
      </godz>
      <godz h="15">
       <min m="27">
       </min>
      </godz>
      <godz h="16">
       <min m="22">
       </min>
      </godz>
      <godz h="17">
       <min m="32">
       </min>
      </godz>
      <godz h="18">
       <min m="40">
       </min>
      </godz>
      <godz h="19">
       <min m="22">
       </min>
      </godz>
      <godz h="20">
       <min m="27">
       </min>
      </godz>
      <godz h="21">
       <min m="27">
       </min>
      </godz>
     </dzien>
     <dzien nazwa="Sobota">
      <godz h="6">
       <min m="01">
       </min>
      </godz>
      <godz h="7">
       <min m="21">
       </min>
      </godz>
      <godz h="9">
       <min m="21">
       </min>
      </godz>
      <godz h="11">
       <min m="21">
       </min>
      </godz>
      <godz h="13">
       <min m="21">
       </min>
      </godz>
      <godz h="15">
       <min m="21">
       </min>
      </godz>
      <godz h="17">
       <min m="21">
       </min>
      </godz>
      <godz h="19">
       <min m="21">
       </min>
      </godz>
      <godz h="21">
       <min m="21">
       </min>
      </godz>
     </dzien>
     <dzien nazwa="Niedziela">
      <godz h="6">
       <min m="01">
       </min>
      </godz>
      <godz h="7">
       <min m="21">
       </min>
      </godz>
      <godz h="9">
       <min m="21">
       </min>
      </godz>
      <godz h="11">
       <min m="21">
       </min>
      </godz>
      <godz h="13">
       <min m="21">
       </min>
      </godz>
      <godz h="15">
       <min m="21">
       </min>
      </godz>
      <godz h="17">
       <min m="21">
       </min>
      </godz>
      <godz h="19">
       <min m="21">
       </min>
      </godz>
      <godz h="21">
       <min m="21">
       </min>
      </godz>
     </dzien>
    </tabliczka>
   </przystanek>
   <przystanek id="16503" nazwa="Os. Przyjaźni" ulica="Krzycka" cechy="">
    <czasy>
     <przystanek numer="0" id="16503" nazwa="Os. Przyjaźni" czas="0"/>
     <przystanek numer="1" id="16505" nazwa="Skarbowców" czas="2"/>
     <przystanek numer="2" id="16531" nazwa="KLECINA" czas="3"/>
     <przystanek numer="3" id="16701" nazwa="Kościelna" czas="4"/>
     <przystanek numer="4" id="16717" nazwa="Wałbrzyska" czas="6"/>
     <przystanek numer="5" id="16713" nazwa="Marcepanowa" czas="7"/>
     <przystanek numer="6" id="16715" nazwa="Słoneczna" czas="8"/>
     <przystanek numer="7" id="16721" nazwa="Połabian" czas="9"/>
     <przystanek numer="8" id="82024005" nazwa="Kwiatkowskiego" czas="12"/>
     <przystanek numer="9" id="82024004" nazwa="Zabrodzie - pętla" czas="13"/>
    </czasy>
    <tabliczka id="3" mc="1">
     <dzien nazwa="w dni robocze">
      <godz h="5">
       <min m="31">
       </min>
      </godz>
      <godz h="6">
       <min m="52">
       </min>
      </godz>
      <godz h="8">
       <min m="15">
       </min>
      </godz>
      <godz h="9">
       <min m="15">
       </min>
      </godz>
      <godz h="10">
       <min m="15">
       </min>
      </godz>
      <godz h="11">
       <min m="15">
       </min>
      </godz>
      <godz h="12">
       <min m="15">
       </min>
      </godz>
      <godz h="13">
       <min m="28">
       </min>
      </godz>
      <godz h="14">
       <min m="38">
       </min>
      </godz>
      <godz h="15">
       <min m="28">
       </min>
      </godz>
      <godz h="16">
       <min m="23">
       </min>
      </godz>
      <godz h="17">
       <min m="33">
       </min>
      </godz>
      <godz h="18">
       <min m="41">
       </min>
      </godz>
      <godz h="19">
       <min m="23">
       </min>
      </godz>
      <godz h="20">
       <min m="28">
       </min>
      </godz>
      <godz h="21">
       <min m="28">
       </min>
      </godz>
     </dzien>
     <dzien nazwa="Sobota">
      <godz h="6">
       <min m="02">
       </min>
      </godz>
      <godz h="7">
       <min m="22">
       </min>
      </godz>
      <godz h="9">
       <min m="22">
       </min>
      </godz>
      <godz h="11">
       <min m="22">
       </min>
      </godz>
      <godz h="13">
       <min m="22">
       </min>
      </godz>
      <godz h="15">
       <min m="22">
       </min>
      </godz>
      <godz h="17">
       <min m="22">
       </min>
      </godz>
      <godz h="19">
       <min m="22">
       </min>
      </godz>
      <godz h="21">
       <min m="22">
       </min>
      </godz>
     </dzien>
     <dzien nazwa="Niedziela">
      <godz h="6">
       <min m="02">
       </min>
      </godz>
      <godz h="7">
       <min m="22">
       </min>
      </godz>
      <godz h="9">
       <min m="22">
       </min>
      </godz>
      <godz h="11">
       <min m="22">
       </min>
      </godz>
      <godz h="13">
       <min m="22">
       </min>
      </godz>
      <godz h="15">
       <min m="22">
       </min>
      </godz>
      <godz h="17">
       <min m="22">
       </min>
      </godz>
      <godz h="19">
       <min m="22">
       </min>
      </godz>
      <godz h="21">
       <min m="22">
       </min>
      </godz>
     </dzien>
    </tabliczka>
   </przystanek>
   <przystanek id="16505" nazwa="Skarbowców" ulica="Krzycka" cechy="">
    <czasy>
     <przystanek numer="0" id="16505" nazwa="Skarbowców" czas="0"/>
     <przystanek numer="1" id="16531" nazwa="KLECINA" czas="1"/>
     <przystanek numer="2" id="16701" nazwa="Kościelna" czas="2"/>
     <przystanek numer="3" id="16717" nazwa="Wałbrzyska" czas="4"/>
     <przystanek numer="4" id="16713" nazwa="Marcepanowa" czas="5"/>
     <przystanek numer="5" id="16715" nazwa="Słoneczna" czas="6"/>
     <przystanek numer="6" id="16721" nazwa="Połabian" czas="7"/>
     <przystanek numer="7" id="82024005" nazwa="Kwiatkowskiego" czas="10"/>
     <przystanek numer="8" id="82024004" nazwa="Zabrodzie - pętla" czas="11"/>
    </czasy>
    <tabliczka id="4" mc="2">
     <dzien nazwa="w dni robocze">
      <godz h="5">
       <min m="32">
       </min>
      </godz>
      <godz h="6">
       <min m="54">
       </min>
      </godz>
      <godz h="8">
       <min m="17">
       </min>
      </godz>
      <godz h="9">
       <min m="17">
       </min>
      </godz>
      <godz h="10">
       <min m="17">
       </min>
      </godz>
      <godz h="11">
       <min m="17">
       </min>
      </godz>
      <godz h="12">
       <min m="17">
       </min>
      </godz>
      <godz h="13">
       <min m="30">
       </min>
      </godz>
      <godz h="14">
       <min m="40">
       </min>
      </godz>
      <godz h="15">
       <min m="30">
       </min>
      </godz>
      <godz h="16">
       <min m="25">
       </min>
      </godz>
      <godz h="17">
       <min m="35">
       </min>
      </godz>
      <godz h="18">
       <min m="43">
       </min>
      </godz>
      <godz h="19">
       <min m="25">
       </min>
      </godz>
      <godz h="20">
       <min m="30">
       </min>
      </godz>
      <godz h="21">
       <min m="30">
       </min>
      </godz>
     </dzien>
     <dzien nazwa="Sobota">
      <godz h="6">
       <min m="03">
       </min>
      </godz>
      <godz h="7">
       <min m="23">
       </min>
      </godz>
      <godz h="9">
       <min m="24">
       </min>
      </godz>
      <godz h="11">
       <min m="24">
       </min>
      </godz>
      <godz h="13">
       <min m="24">
       </min>
      </godz>
      <godz h="15">
       <min m="24">
       </min>
      </godz>
      <godz h="17">
       <min m="24">
       </min>
      </godz>
      <godz h="19">
       <min m="24">
       </min>
      </godz>
      <godz h="21">
       <min m="24">
       </min>
      </godz>
     </dzien>
     <dzien nazwa="Niedziela">
      <godz h="6">
       <min m="03">
       </min>
      </godz>
      <godz h="7">
       <min m="23">
       </min>
      </godz>
      <godz h="9">
       <min m="24">
       </min>
      </godz>
      <godz h="11">
       <min m="24">
       </min>
      </godz>
      <godz h="13">
       <min m="24">
       </min>
      </godz>
      <godz h="15">
       <min m="24">
       </min>
      </godz>
      <godz h="17">
       <min m="24">
       </min>
      </godz>
      <godz h="19">
       <min m="24">
       </min>
      </godz>
      <godz h="21">
       <min m="24">
       </min>
      </godz>
     </dzien>
    </tabliczka>
   </przystanek>
   <przystanek id="16531" nazwa="KLECINA" ulica="Wałbrzyska" cechy="">
    <czasy>
     <przystanek numer="0" id="16531" nazwa="KLECINA" czas="0"/>
     <przystanek numer="1" id="16701" nazwa="Kościelna" czas="1"/>
     <przystanek numer="2" id="16717" nazwa="Wałbrzyska" czas="3"/>
     <przystanek numer="3" id="16713" nazwa="Marcepanowa" czas="4"/>
     <przystanek numer="4" id="16715" nazwa="Słoneczna" czas="5"/>
     <przystanek numer="5" id="16721" nazwa="Połabian" czas="6"/>
     <przystanek numer="6" id="82024005" nazwa="Kwiatkowskiego" czas="9"/>
     <przystanek numer="7" id="82024004" nazwa="Zabrodzie - pętla" czas="10"/>
    </czasy>
    <tabliczka id="5" mc="1">
     <dzien nazwa="w dni robocze">
      <godz h="5">
       <min m="33">
       </min>
      </godz>
      <godz h="6">
       <min m="55">
       </min>
      </godz>
      <godz h="8">
       <min m="18">
       </min>
      </godz>
      <godz h="9">
       <min m="18">
       </min>
      </godz>
      <godz h="10">
       <min m="18">
       </min>
      </godz>
      <godz h="11">
       <min m="18">
       </min>
      </godz>
      <godz h="12">
       <min m="18">
       </min>
      </godz>
      <godz h="13">
       <min m="31">
       </min>
      </godz>
      <godz h="14">
       <min m="41">
       </min>
      </godz>
      <godz h="15">
       <min m="31">
       </min>
      </godz>
      <godz h="16">
       <min m="26">
       </min>
      </godz>
      <godz h="17">
       <min m="36">
       </min>
      </godz>
      <godz h="18">
       <min m="44">
       </min>
      </godz>
      <godz h="19">
       <min m="26">
       </min>
      </godz>
      <godz h="20">
       <min m="31">
       </min>
      </godz>
      <godz h="21">
       <min m="31">
       </min>
      </godz>
     </dzien>
     <dzien nazwa="Sobota">
      <godz h="6">
       <min m="04">
       </min>
      </godz>
      <godz h="7">
       <min m="24">
       </min>
      </godz>
      <godz h="9">
       <min m="25">
       </min>
      </godz>
      <godz h="11">
       <min m="25">
       </min>
      </godz>
      <godz h="13">
       <min m="25">
       </min>
      </godz>
      <godz h="15">
       <min m="25">
       </min>
      </godz>
      <godz h="17">
       <min m="25">
       </min>
      </godz>
      <godz h="19">
       <min m="25">
       </min>
      </godz>
      <godz h="21">
       <min m="25">
       </min>
      </godz>
     </dzien>
     <dzien nazwa="Niedziela">
      <godz h="6">
       <min m="04">
       </min>
      </godz>
      <godz h="7">
       <min m="24">
       </min>
      </godz>
      <godz h="9">
       <min m="25">
       </min>
      </godz>
      <godz h="11">
       <min m="25">
       </min>
      </godz>
      <godz h="13">
       <min m="25">
       </min>
      </godz>
      <godz h="15">
       <min m="25">
       </min>
      </godz>
      <godz h="17">
       <min m="25">
       </min>
      </godz>
      <godz h="19">
       <min m="25">
       </min>
      </godz>
      <godz h="21">
       <min m="25">
       </min>
      </godz>
     </dzien>
    </tabliczka>
   </przystanek>
   <przystanek id="16701" nazwa="Kościelna" ulica="Wałbrzyska" cechy="">
    <czasy>
     <przystanek numer="0" id="16701" nazwa="Kościelna" czas="0"/>
     <przystanek numer="1" id="16717" nazwa="Wałbrzyska" czas="2"/>
     <przystanek numer="2" id="16713" nazwa="Marcepanowa" czas="3"/>
     <przystanek numer="3" id="16715" nazwa="Słoneczna" czas="4"/>
     <przystanek numer="4" id="16721" nazwa="Połabian" czas="5"/>
     <przystanek numer="5" id="82024005" nazwa="Kwiatkowskiego" czas="8"/>
     <przystanek numer="6" id="82024004" nazwa="Zabrodzie - pętla" czas="9"/>
    </czasy>
    <tabliczka id="6" mc="1">
     <dzien nazwa="w dni robocze">
      <godz h="5">
       <min m="34">
       </min>
      </godz>
      <godz h="6">
       <min m="56">
       </min>
      </godz>
      <godz h="8">
       <min m="19">
       </min>
      </godz>
      <godz h="9">
       <min m="19">
       </min>
      </godz>
      <godz h="10">
       <min m="19">
       </min>
      </godz>
      <godz h="11">
       <min m="19">
       </min>
      </godz>
      <godz h="12">
       <min m="19">
       </min>
      </godz>
      <godz h="13">
       <min m="32">
       </min>
      </godz>
      <godz h="14">
       <min m="42">
       </min>
      </godz>
      <godz h="15">
       <min m="32">
       </min>
      </godz>
      <godz h="16">
       <min m="27">
       </min>
      </godz>
      <godz h="17">
       <min m="37">
       </min>
      </godz>
      <godz h="18">
       <min m="45">
       </min>
      </godz>
      <godz h="19">
       <min m="27">
       </min>
      </godz>
      <godz h="20">
       <min m="32">
       </min>
      </godz>
      <godz h="21">
       <min m="32">
       </min>
      </godz>
     </dzien>
     <dzien nazwa="Sobota">
      <godz h="6">
       <min m="05">
       </min>
      </godz>
      <godz h="7">
       <min m="25">
       </min>
      </godz>
      <godz h="9">
       <min m="26">
       </min>
      </godz>
      <godz h="11">
       <min m="26">
       </min>
      </godz>
      <godz h="13">
       <min m="26">
       </min>
      </godz>
      <godz h="15">
       <min m="26">
       </min>
      </godz>
      <godz h="17">
       <min m="26">
       </min>
      </godz>
      <godz h="19">
       <min m="26">
       </min>
      </godz>
      <godz h="21">
       <min m="26">
       </min>
      </godz>
     </dzien>
     <dzien nazwa="Niedziela">
      <godz h="6">
       <min m="05">
       </min>
      </godz>
      <godz h="7">
       <min m="25">
       </min>
      </godz>
      <godz h="9">
       <min m="26">
       </min>
      </godz>
      <godz h="11">
       <min m="26">
       </min>
      </godz>
      <godz h="13">
       <min m="26">
       </min>
      </godz>
      <godz h="15">
       <min m="26">
       </min>
      </godz>
      <godz h="17">
       <min m="26">
       </min>
      </godz>
      <godz h="19">
       <min m="26">
       </min>
      </godz>
      <godz h="21">
       <min m="26">
       </min>
      </godz>
     </dzien>
    </tabliczka>
   </przystanek>
   <przystanek id="16717" nazwa="Wałbrzyska" ulica="Czekoladowa" cechy="">
    <czasy>
     <przystanek numer="0" id="16717" nazwa="Wałbrzyska" czas="0"/>
     <przystanek numer="1" id="16713" nazwa="Marcepanowa" czas="1"/>
     <przystanek numer="2" id="16715" nazwa="Słoneczna" czas="2"/>
     <przystanek numer="3" id="16721" nazwa="Połabian" czas="3"/>
     <przystanek numer="4" id="82024005" nazwa="Kwiatkowskiego" czas="6"/>
     <przystanek numer="5" id="82024004" nazwa="Zabrodzie - pętla" czas="7"/>
    </czasy>
    <tabliczka id="7" mc="1">
     <dzien nazwa="w dni robocze">
      <godz h="5">
       <min m="35">
       </min>
      </godz>
      <godz h="6">
       <min m="58">
       </min>
      </godz>
      <godz h="8">
       <min m="20">
       </min>
      </godz>
      <godz h="9">
       <min m="20">
       </min>
      </godz>
      <godz h="10">
       <min m="20">
       </min>
      </godz>
      <godz h="11">
       <min m="20">
       </min>
      </godz>
      <godz h="12">
       <min m="20">
       </min>
      </godz>
      <godz h="13">
       <min m="33">
       </min>
      </godz>
      <godz h="14">
       <min m="44">
       </min>
      </godz>
      <godz h="15">
       <min m="34">
       </min>
      </godz>
      <godz h="16">
       <min m="29">
       </min>
      </godz>
      <godz h="17">
       <min m="39">
       </min>
      </godz>
      <godz h="18">
       <min m="46">
       </min>
      </godz>
      <godz h="19">
       <min m="28">
       </min>
      </godz>
      <godz h="20">
       <min m="33">
       </min>
      </godz>
      <godz h="21">
       <min m="33">
       </min>
      </godz>
     </dzien>
     <dzien nazwa="Sobota">
      <godz h="6">
       <min m="06">
       </min>
      </godz>
      <godz h="7">
       <min m="26">
       </min>
      </godz>
      <godz h="9">
       <min m="27">
       </min>
      </godz>
      <godz h="11">
       <min m="27">
       </min>
      </godz>
      <godz h="13">
       <min m="27">
       </min>
      </godz>
      <godz h="15">
       <min m="27">
       </min>
      </godz>
      <godz h="17">
       <min m="27">
       </min>
      </godz>
      <godz h="19">
       <min m="27">
       </min>
      </godz>
      <godz h="21">
       <min m="27">
       </min>
      </godz>
     </dzien>
     <dzien nazwa="Niedziela">
      <godz h="6">
       <min m="06">
       </min>
      </godz>
      <godz h="7">
       <min m="26">
       </min>
      </godz>
      <godz h="9">
       <min m="27">
       </min>
      </godz>
      <godz h="11">
       <min m="27">
       </min>
      </godz>
      <godz h="13">
       <min m="27">
       </min>
      </godz>
      <godz h="15">
       <min m="27">
       </min>
      </godz>
      <godz h="17">
       <min m="27">
       </min>
      </godz>
      <godz h="19">
       <min m="27">
       </min>
      </godz>
      <godz h="21">
       <min m="27">
       </min>
      </godz>
     </dzien>
    </tabliczka>
   </przystanek>
   <przystanek id="16713" nazwa="Marcepanowa" ulica="Czekoladowa" cechy="">
    <czasy>
     <przystanek numer="0" id="16713" nazwa="Marcepanowa" czas="0"/>
     <przystanek numer="1" id="16715" nazwa="Słoneczna" czas="1"/>
     <przystanek numer="2" id="16721" nazwa="Połabian" czas="2"/>
     <przystanek numer="3" id="82024005" nazwa="Kwiatkowskiego" czas="5"/>
     <przystanek numer="4" id="82024004" nazwa="Zabrodzie - pętla" czas="6"/>
    </czasy>
    <tabliczka id="8" mc="1" cechy="NZ">
     <dzien nazwa="w dni robocze">
      <godz h="5">
       <min m="35">
       </min>
      </godz>
      <godz h="6">
       <min m="59">
       </min>
      </godz>
      <godz h="8">
       <min m="21">
       </min>
      </godz>
      <godz h="9">
       <min m="21">
       </min>
      </godz>
      <godz h="10">
       <min m="21">
       </min>
      </godz>
      <godz h="11">
       <min m="21">
       </min>
      </godz>
      <godz h="12">
       <min m="21">
       </min>
      </godz>
      <godz h="13">
       <min m="34">
       </min>
      </godz>
      <godz h="14">
       <min m="45">
       </min>
      </godz>
      <godz h="15">
       <min m="35">
       </min>
      </godz>
      <godz h="16">
       <min m="30">
       </min>
      </godz>
      <godz h="17">
       <min m="40">
       </min>
      </godz>
      <godz h="18">
       <min m="47">
       </min>
      </godz>
      <godz h="19">
       <min m="29">
       </min>
      </godz>
      <godz h="20">
       <min m="34">
       </min>
      </godz>
      <godz h="21">
       <min m="34">
       </min>
      </godz>
     </dzien>
     <dzien nazwa="Sobota">
      <godz h="6">
       <min m="07">
       </min>
      </godz>
      <godz h="7">
       <min m="27">
       </min>
      </godz>
      <godz h="9">
       <min m="28">
       </min>
      </godz>
      <godz h="11">
       <min m="28">
       </min>
      </godz>
      <godz h="13">
       <min m="28">
       </min>
      </godz>
      <godz h="15">
       <min m="28">
       </min>
      </godz>
      <godz h="17">
       <min m="28">
       </min>
      </godz>
      <godz h="19">
       <min m="28">
       </min>
      </godz>
      <godz h="21">
       <min m="28">
       </min>
      </godz>
     </dzien>
     <dzien nazwa="Niedziela">
      <godz h="6">
       <min m="07">
       </min>
      </godz>
      <godz h="7">
       <min m="27">
       </min>
      </godz>
      <godz h="9">
       <min m="28">
       </min>
      </godz>
      <godz h="11">
       <min m="28">
       </min>
      </godz>
      <godz h="13">
       <min m="28">
       </min>
      </godz>
      <godz h="15">
       <min m="28">
       </min>
      </godz>
      <godz h="17">
       <min m="28">
       </min>
      </godz>
      <godz h="19">
       <min m="28">
       </min>
      </godz>
      <godz h="21">
       <min m="28">
       </min>
      </godz>
     </dzien>
    </tabliczka>
   </przystanek>
   <przystanek id="16715" nazwa="Słoneczna" ulica="Czekoladowa" cechy="">
    <czasy>
     <przystanek numer="0" id="16715" nazwa="Słoneczna" czas="0"/>
     <przystanek numer="1" id="16721" nazwa="Połabian" czas="1"/>
     <przystanek numer="2" id="82024005" nazwa="Kwiatkowskiego" czas="4"/>
     <przystanek numer="3" id="82024004" nazwa="Zabrodzie - pętla" czas="5"/>
    </czasy>
    <tabliczka id="9" mc="1">
     <dzien nazwa="w dni robocze">
      <godz h="5">
       <min m="36">
       </min>
      </godz>
      <godz h="7">
       <min m="00">
       </min>
      </godz>
      <godz h="8">
       <min m="22">
       </min>
      </godz>
      <godz h="9">
       <min m="22">
       </min>
      </godz>
      <godz h="10">
       <min m="22">
       </min>
      </godz>
      <godz h="11">
       <min m="22">
       </min>
      </godz>
      <godz h="12">
       <min m="22">
       </min>
      </godz>
      <godz h="13">
       <min m="35">
       </min>
      </godz>
      <godz h="14">
       <min m="46">
       </min>
      </godz>
      <godz h="15">
       <min m="36">
       </min>
      </godz>
      <godz h="16">
       <min m="31">
       </min>
      </godz>
      <godz h="17">
       <min m="41">
       </min>
      </godz>
      <godz h="18">
       <min m="48">
       </min>
      </godz>
      <godz h="19">
       <min m="30">
       </min>
      </godz>
      <godz h="20">
       <min m="35">
       </min>
      </godz>
      <godz h="21">
       <min m="35">
       </min>
      </godz>
     </dzien>
     <dzien nazwa="Sobota">
      <godz h="6">
       <min m="08">
       </min>
      </godz>
      <godz h="7">
       <min m="28">
       </min>
      </godz>
      <godz h="9">
       <min m="29">
       </min>
      </godz>
      <godz h="11">
       <min m="29">
       </min>
      </godz>
      <godz h="13">
       <min m="29">
       </min>
      </godz>
      <godz h="15">
       <min m="29">
       </min>
      </godz>
      <godz h="17">
       <min m="29">
       </min>
      </godz>
      <godz h="19">
       <min m="29">
       </min>
      </godz>
      <godz h="21">
       <min m="29">
       </min>
      </godz>
     </dzien>
     <dzien nazwa="Niedziela">
      <godz h="6">
       <min m="08">
       </min>
      </godz>
      <godz h="7">
       <min m="28">
       </min>
      </godz>
      <godz h="9">
       <min m="29">
       </min>
      </godz>
      <godz h="11">
       <min m="29">
       </min>
      </godz>
      <godz h="13">
       <min m="29">
       </min>
      </godz>
      <godz h="15">
       <min m="29">
       </min>
      </godz>
      <godz h="17">
       <min m="29">
       </min>
      </godz>
      <godz h="19">
       <min m="29">
       </min>
      </godz>
      <godz h="21">
       <min m="29">
       </min>
      </godz>
     </dzien>
    </tabliczka>
   </przystanek>
   <przystanek id="16721" nazwa="Połabian" ulica="Czekoladowa" cechy="">
    <czasy>
     <przystanek numer="0" id="16721" nazwa="Połabian" czas="0"/>
     <przystanek numer="1" id="82024005" nazwa="Kwiatkowskiego" czas="3"/>
     <przystanek numer="2" id="82024004" nazwa="Zabrodzie - pętla" czas="4"/>
    </czasy>
    <tabliczka id="10" mc="1">
     <dzien nazwa="w dni robocze">
      <godz h="5">
       <min m="37">
       </min>
      </godz>
      <godz h="7">
       <min m="01">
       </min>
      </godz>
      <godz h="8">
       <min m="23">
       </min>
      </godz>
      <godz h="9">
       <min m="23">
       </min>
      </godz>
      <godz h="10">
       <min m="23">
       </min>
      </godz>
      <godz h="11">
       <min m="23">
       </min>
      </godz>
      <godz h="12">
       <min m="23">
       </min>
      </godz>
      <godz h="13">
       <min m="36">
       </min>
      </godz>
      <godz h="14">
       <min m="47">
       </min>
      </godz>
      <godz h="15">
       <min m="37">
       </min>
      </godz>
      <godz h="16">
       <min m="32">
       </min>
      </godz>
      <godz h="17">
       <min m="42">
       </min>
      </godz>
      <godz h="18">
       <min m="49">
       </min>
      </godz>
      <godz h="19">
       <min m="31">
       </min>
      </godz>
      <godz h="20">
       <min m="36">
       </min>
      </godz>
      <godz h="21">
       <min m="36">
       </min>
      </godz>
     </dzien>
     <dzien nazwa="Sobota">
      <godz h="6">
       <min m="09">
       </min>
      </godz>
      <godz h="7">
       <min m="29">
       </min>
      </godz>
      <godz h="9">
       <min m="30">
       </min>
      </godz>
      <godz h="11">
       <min m="30">
       </min>
      </godz>
      <godz h="13">
       <min m="30">
       </min>
      </godz>
      <godz h="15">
       <min m="30">
       </min>
      </godz>
      <godz h="17">
       <min m="30">
       </min>
      </godz>
      <godz h="19">
       <min m="30">
       </min>
      </godz>
      <godz h="21">
       <min m="30">
       </min>
      </godz>
     </dzien>
     <dzien nazwa="Niedziela">
      <godz h="6">
       <min m="09">
       </min>
      </godz>
      <godz h="7">
       <min m="29">
       </min>
      </godz>
      <godz h="9">
       <min m="30">
       </min>
      </godz>
      <godz h="11">
       <min m="30">
       </min>
      </godz>
      <godz h="13">
       <min m="30">
       </min>
      </godz>
      <godz h="15">
       <min m="30">
       </min>
      </godz>
      <godz h="17">
       <min m="30">
       </min>
      </godz>
      <godz h="19">
       <min m="30">
       </min>
      </godz>
      <godz h="21">
       <min m="30">
       </min>
      </godz>
     </dzien>
    </tabliczka>
   </przystanek>
   <przystanek id="82024005" nazwa="Kwiatkowskiego" ulica="Zabrodzka" cechy="1">
    <czasy>
     <przystanek numer="0" id="82024005" nazwa="Kwiatkowskiego" czas="0"/>
     <przystanek numer="1" id="82024004" nazwa="Zabrodzie - pętla" czas="1"/>
    </czasy>
    <tabliczka id="11" mc="3" cechy="NZ">
     <dzien nazwa="w dni robocze">
      <godz h="5">
       <min m="40">
       </min>
      </godz>
      <godz h="7">
       <min m="04">
       </min>
      </godz>
      <godz h="8">
       <min m="26">
       </min>
      </godz>
      <godz h="9">
       <min m="26">
       </min>
      </godz>
      <godz h="10">
       <min m="26">
       </min>
      </godz>
      <godz h="11">
       <min m="26">
       </min>
      </godz>
      <godz h="12">
       <min m="26">
       </min>
      </godz>
      <godz h="13">
       <min m="39">
       </min>
      </godz>
      <godz h="14">
       <min m="50">
       </min>
      </godz>
      <godz h="15">
       <min m="40">
       </min>
      </godz>
      <godz h="16">
       <min m="35">
       </min>
      </godz>
      <godz h="17">
       <min m="45">
       </min>
      </godz>
      <godz h="18">
       <min m="52">
       </min>
      </godz>
      <godz h="19">
       <min m="34">
       </min>
      </godz>
      <godz h="20">
       <min m="39">
       </min>
      </godz>
      <godz h="21">
       <min m="39">
       </min>
      </godz>
     </dzien>
     <dzien nazwa="Sobota">
      <godz h="6">
       <min m="12">
       </min>
      </godz>
      <godz h="7">
       <min m="32">
       </min>
      </godz>
      <godz h="9">
       <min m="33">
       </min>
      </godz>
      <godz h="11">
       <min m="33">
       </min>
      </godz>
      <godz h="13">
       <min m="33">
       </min>
      </godz>
      <godz h="15">
       <min m="33">
       </min>
      </godz>
      <godz h="17">
       <min m="33">
       </min>
      </godz>
      <godz h="19">
       <min m="33">
       </min>
      </godz>
      <godz h="21">
       <min m="33">
       </min>
      </godz>
     </dzien>
     <dzien nazwa="Niedziela">
      <godz h="6">
       <min m="12">
       </min>
      </godz>
      <godz h="7">
       <min m="32">
       </min>
      </godz>
      <godz h="9">
       <min m="33">
       </min>
      </godz>
      <godz h="11">
       <min m="33">
       </min>
      </godz>
      <godz h="13">
       <min m="33">
       </min>
      </godz>
      <godz h="15">
       <min m="33">
       </min>
      </godz>
      <godz h="17">
       <min m="33">
       </min>
      </godz>
      <godz h="19">
       <min m="33">
       </min>
      </godz>
      <godz h="21">
       <min m="33">
       </min>
      </godz>
     </dzien>
    </tabliczka>
   </przystanek>
   <przystanek id="82024004" nazwa="Zabrodzie - pętla" ulica=" " cechy="">
    <czasy>
    </czasy>
   </przystanek>
  </wariant>
  <wariant id="2" nazwa="Zabrodzie - pętla - KRZYKI">
   <przystanek id="82024003" nazwa="Zabrodzie - pętla" ulica=" " cechy="">
    <czasy>
     <przystanek numer="0" id="82024003" nazwa="Zabrodzie - pętla" czas="0"/>
     <przystanek numer="1" id="16716" nazwa="Kwiatkowskiego" czas="1"/>
     <przystanek numer="2" id="16720" nazwa="Połabian" czas="4"/>
     <przystanek numer="3" id="16714" nazwa="Słoneczna" czas="5"/>
     <przystanek numer="4" id="16706" nazwa="Marcepanowa" czas="7"/>
     <przystanek numer="5" id="16704" nazwa="Wałbrzyska" czas="9"/>
     <przystanek numer="6" id="16702" nazwa="Kościelna" czas="11"/>
     <przystanek numer="7" id="16506" nazwa="KLECINA" czas="13"/>
     <przystanek numer="8" id="16500" nazwa="Skarbowców" czas="14"/>
     <przystanek numer="9" id="16504" nazwa="Os. Przyjaźni" czas="15"/>
     <przystanek numer="10" id="16502" nazwa="Zimowa" czas="16"/>
     <przystanek numer="11" id="11316" nazwa="KRZYKI" czas="18"/>
    </czasy>
    <tabliczka id="12" mc="0">
     <dzien nazwa="w dni robocze">
      <godz h="5">
       <min m="06">
       </min>
      </godz>
      <godz h="6">
       <min m="20">
       </min>
      </godz>
      <godz h="7">
       <min m="08">
       </min>
      </godz>
      <godz h="8">
       <min m="29">
       </min>
      </godz>
      <godz h="9">
       <min m="30">
       </min>
      </godz>
      <godz h="10">
       <min m="30">
       </min>
      </godz>
      <godz h="11">
       <min m="30">
       </min>
      </godz>
      <godz h="12">
       <min m="30">
       </min>
      </godz>
      <godz h="14">
       <min m="17">
       </min>
       <min m="55">
       </min>
      </godz>
      <godz h="15">
       <min m="48">
       </min>
      </godz>
      <godz h="16">
       <min m="48">
       </min>
      </godz>
      <godz h="18">
       <min m="19">
       </min>
      </godz>
      <godz h="19">
       <min m="00">
       </min>
       <min m="45">
       </min>
      </godz>
      <godz h="20">
       <min m="58">
       </min>
      </godz>
      <godz h="22">
       <min m="18">
       </min>
      </godz>
     </dzien>
     <dzien nazwa="Sobota">
      <godz h="6">
       <min m="15">
       </min>
      </godz>
      <godz h="7">
       <min m="40">
       </min>
      </godz>
      <godz h="9">
       <min m="40">
       </min>
      </godz>
      <godz h="11">
       <min m="40">
       </min>
      </godz>
      <godz h="13">
       <min m="40">
       </min>
      </godz>
      <godz h="15">
       <min m="40">
       </min>
      </godz>
      <godz h="17">
       <min m="40">
       </min>
      </godz>
      <godz h="19">
       <min m="40">
       </min>
      </godz>
      <godz h="21">
       <min m="40">
       </min>
      </godz>
     </dzien>
     <dzien nazwa="Niedziela">
      <godz h="6">
       <min m="15">
       </min>
      </godz>
      <godz h="7">
       <min m="40">
       </min>
      </godz>
      <godz h="9">
       <min m="40">
       </min>
      </godz>
      <godz h="11">
       <min m="40">
       </min>
      </godz>
      <godz h="13">
       <min m="40">
       </min>
      </godz>
      <godz h="15">
       <min m="40">
       </min>
      </godz>
      <godz h="17">
       <min m="40">
       </min>
      </godz>
      <godz h="19">
       <min m="40">
       </min>
      </godz>
      <godz h="21">
       <min m="40">
       </min>
      </godz>
     </dzien>
    </tabliczka>
   </przystanek>
   <przystanek id="16716" nazwa="Kwiatkowskiego" ulica="Zabrodzka" cechy="1">
    <czasy>
     <przystanek numer="0" id="16716" nazwa="Kwiatkowskiego" czas="0"/>
     <przystanek numer="1" id="16720" nazwa="Połabian" czas="3"/>
     <przystanek numer="2" id="16714" nazwa="Słoneczna" czas="4"/>
     <przystanek numer="3" id="16706" nazwa="Marcepanowa" czas="6"/>
     <przystanek numer="4" id="16704" nazwa="Wałbrzyska" czas="8"/>
     <przystanek numer="5" id="16702" nazwa="Kościelna" czas="10"/>
     <przystanek numer="6" id="16506" nazwa="KLECINA" czas="12"/>
     <przystanek numer="7" id="16500" nazwa="Skarbowców" czas="13"/>
     <przystanek numer="8" id="16504" nazwa="Os. Przyjaźni" czas="14"/>
     <przystanek numer="9" id="16502" nazwa="Zimowa" czas="15"/>
     <przystanek numer="10" id="11316" nazwa="KRZYKI" czas="17"/>
    </czasy>
    <tabliczka id="13" mc="1" cechy="NZ">
     <dzien nazwa="w dni robocze">
      <godz h="5">
       <min m="07">
       </min>
      </godz>
      <godz h="6">
       <min m="21">
       </min>
      </godz>
      <godz h="7">
       <min m="09">
       </min>
      </godz>
      <godz h="8">
       <min m="30">
       </min>
      </godz>
      <godz h="9">
       <min m="31">
       </min>
      </godz>
      <godz h="10">
       <min m="31">
       </min>
      </godz>
      <godz h="11">
       <min m="31">
       </min>
      </godz>
      <godz h="12">
       <min m="31">
       </min>
      </godz>
      <godz h="14">
       <min m="18">
       </min>
       <min m="56">
       </min>
      </godz>
      <godz h="15">
       <min m="49">
       </min>
      </godz>
      <godz h="16">
       <min m="49">
       </min>
      </godz>
      <godz h="18">
       <min m="20">
       </min>
      </godz>
      <godz h="19">
       <min m="01">
       </min>
       <min m="46">
       </min>
      </godz>
      <godz h="20">
       <min m="59">
       </min>
      </godz>
      <godz h="22">
       <min m="19">
       </min>
      </godz>
     </dzien>
     <dzien nazwa="Sobota">
      <godz h="6">
       <min m="16">
       </min>
      </godz>
      <godz h="7">
       <min m="41">
       </min>
      </godz>
      <godz h="9">
       <min m="41">
       </min>
      </godz>
      <godz h="11">
       <min m="41">
       </min>
      </godz>
      <godz h="13">
       <min m="41">
       </min>
      </godz>
      <godz h="15">
       <min m="41">
       </min>
      </godz>
      <godz h="17">
       <min m="41">
       </min>
      </godz>
      <godz h="19">
       <min m="41">
       </min>
      </godz>
      <godz h="21">
       <min m="41">
       </min>
      </godz>
     </dzien>
     <dzien nazwa="Niedziela">
      <godz h="6">
       <min m="16">
       </min>
      </godz>
      <godz h="7">
       <min m="41">
       </min>
      </godz>
      <godz h="9">
       <min m="41">
       </min>
      </godz>
      <godz h="11">
       <min m="41">
       </min>
      </godz>
      <godz h="13">
       <min m="41">
       </min>
      </godz>
      <godz h="15">
       <min m="41">
       </min>
      </godz>
      <godz h="17">
       <min m="41">
       </min>
      </godz>
      <godz h="19">
       <min m="41">
       </min>
      </godz>
      <godz h="21">
       <min m="41">
       </min>
      </godz>
     </dzien>
    </tabliczka>
   </przystanek>
   <przystanek id="16720" nazwa="Połabian" ulica="Czekoladowa" cechy="">
    <czasy>
     <przystanek numer="0" id="16720" nazwa="Połabian" czas="0"/>
     <przystanek numer="1" id="16714" nazwa="Słoneczna" czas="1"/>
     <przystanek numer="2" id="16706" nazwa="Marcepanowa" czas="3"/>
     <przystanek numer="3" id="16704" nazwa="Wałbrzyska" czas="5"/>
     <przystanek numer="4" id="16702" nazwa="Kościelna" czas="7"/>
     <przystanek numer="5" id="16506" nazwa="KLECINA" czas="9"/>
     <przystanek numer="6" id="16500" nazwa="Skarbowców" czas="10"/>
     <przystanek numer="7" id="16504" nazwa="Os. Przyjaźni" czas="11"/>
     <przystanek numer="8" id="16502" nazwa="Zimowa" czas="12"/>
     <przystanek numer="9" id="11316" nazwa="KRZYKI" czas="14"/>
    </czasy>
    <tabliczka id="14" mc="3">
     <dzien nazwa="w dni robocze">
      <godz h="5">
       <min m="10">
       </min>
      </godz>
      <godz h="6">
       <min m="24">
       </min>
      </godz>
      <godz h="7">
       <min m="12">
       </min>
      </godz>
      <godz h="8">
       <min m="33">
       </min>
      </godz>
      <godz h="9">
       <min m="34">
       </min>
      </godz>
      <godz h="10">
       <min m="34">
       </min>
      </godz>
      <godz h="11">
       <min m="34">
       </min>
      </godz>
      <godz h="12">
       <min m="34">
       </min>
      </godz>
      <godz h="14">
       <min m="21">
       </min>
       <min m="59">
       </min>
      </godz>
      <godz h="15">
       <min m="52">
       </min>
      </godz>
      <godz h="16">
       <min m="52">
       </min>
      </godz>
      <godz h="18">
       <min m="23">
       </min>
      </godz>
      <godz h="19">
       <min m="04">
       </min>
       <min m="49">
       </min>
      </godz>
      <godz h="21">
       <min m="02">
       </min>
      </godz>
      <godz h="22">
       <min m="22">
       </min>
      </godz>
     </dzien>
     <dzien nazwa="Sobota">
      <godz h="6">
       <min m="19">
       </min>
      </godz>
      <godz h="7">
       <min m="44">
       </min>
      </godz>
      <godz h="9">
       <min m="44">
       </min>
      </godz>
      <godz h="11">
       <min m="44">
       </min>
      </godz>
      <godz h="13">
       <min m="44">
       </min>
      </godz>
      <godz h="15">
       <min m="44">
       </min>
      </godz>
      <godz h="17">
       <min m="44">
       </min>
      </godz>
      <godz h="19">
       <min m="44">
       </min>
      </godz>
      <godz h="21">
       <min m="44">
       </min>
      </godz>
     </dzien>
     <dzien nazwa="Niedziela">
      <godz h="6">
       <min m="19">
       </min>
      </godz>
      <godz h="7">
       <min m="44">
       </min>
      </godz>
      <godz h="9">
       <min m="44">
       </min>
      </godz>
      <godz h="11">
       <min m="44">
       </min>
      </godz>
      <godz h="13">
       <min m="44">
       </min>
      </godz>
      <godz h="15">
       <min m="44">
       </min>
      </godz>
      <godz h="17">
       <min m="44">
       </min>
      </godz>
      <godz h="19">
       <min m="44">
       </min>
      </godz>
      <godz h="21">
       <min m="44">
       </min>
      </godz>
     </dzien>
    </tabliczka>
   </przystanek>
   <przystanek id="16714" nazwa="Słoneczna" ulica="Czekoladowa" cechy="">
    <czasy>
     <przystanek numer="0" id="16714" nazwa="Słoneczna" czas="0"/>
     <przystanek numer="1" id="16706" nazwa="Marcepanowa" czas="2"/>
     <przystanek numer="2" id="16704" nazwa="Wałbrzyska" czas="4"/>
     <przystanek numer="3" id="16702" nazwa="Kościelna" czas="6"/>
     <przystanek numer="4" id="16506" nazwa="KLECINA" czas="8"/>
     <przystanek numer="5" id="16500" nazwa="Skarbowców" czas="9"/>
     <przystanek numer="6" id="16504" nazwa="Os. Przyjaźni" czas="10"/>
     <przystanek numer="7" id="16502" nazwa="Zimowa" czas="11"/>
     <przystanek numer="8" id="11316" nazwa="KRZYKI" czas="13"/>
    </czasy>
    <tabliczka id="15" mc="1">
     <dzien nazwa="w dni robocze">
      <godz h="5">
       <min m="11">
       </min>
      </godz>
      <godz h="6">
       <min m="25">
       </min>
      </godz>
      <godz h="7">
       <min m="13">
       </min>
      </godz>
      <godz h="8">
       <min m="34">
       </min>
      </godz>
      <godz h="9">
       <min m="35">
       </min>
      </godz>
      <godz h="10">
       <min m="35">
       </min>
      </godz>
      <godz h="11">
       <min m="35">
       </min>
      </godz>
      <godz h="12">
       <min m="35">
       </min>
      </godz>
      <godz h="14">
       <min m="22">
       </min>
      </godz>
      <godz h="15">
       <min m="00">
       </min>
       <min m="53">
       </min>
      </godz>
      <godz h="16">
       <min m="53">
       </min>
      </godz>
      <godz h="18">
       <min m="24">
       </min>
      </godz>
      <godz h="19">
       <min m="05">
       </min>
       <min m="50">
       </min>
      </godz>
      <godz h="21">
       <min m="03">
       </min>
      </godz>
      <godz h="22">
       <min m="23">
       </min>
      </godz>
     </dzien>
     <dzien nazwa="Sobota">
      <godz h="6">
       <min m="20">
       </min>
      </godz>
      <godz h="7">
       <min m="45">
       </min>
      </godz>
      <godz h="9">
       <min m="45">
       </min>
      </godz>
      <godz h="11">
       <min m="45">
       </min>
      </godz>
      <godz h="13">
       <min m="45">
       </min>
      </godz>
      <godz h="15">
       <min m="45">
       </min>
      </godz>
      <godz h="17">
       <min m="45">
       </min>
      </godz>
      <godz h="19">
       <min m="45">
       </min>
      </godz>
      <godz h="21">
       <min m="45">
       </min>
      </godz>
     </dzien>
     <dzien nazwa="Niedziela">
      <godz h="6">
       <min m="20">
       </min>
      </godz>
      <godz h="7">
       <min m="45">
       </min>
      </godz>
      <godz h="9">
       <min m="45">
       </min>
      </godz>
      <godz h="11">
       <min m="45">
       </min>
      </godz>
      <godz h="13">
       <min m="45">
       </min>
      </godz>
      <godz h="15">
       <min m="45">
       </min>
      </godz>
      <godz h="17">
       <min m="45">
       </min>
      </godz>
      <godz h="19">
       <min m="45">
       </min>
      </godz>
      <godz h="21">
       <min m="45">
       </min>
      </godz>
     </dzien>
    </tabliczka>
   </przystanek>
   <przystanek id="16706" nazwa="Marcepanowa" ulica="Czekoladowa" cechy="">
    <czasy>
     <przystanek numer="0" id="16706" nazwa="Marcepanowa" czas="0"/>
     <przystanek numer="1" id="16704" nazwa="Wałbrzyska" czas="2"/>
     <przystanek numer="2" id="16702" nazwa="Kościelna" czas="4"/>
     <przystanek numer="3" id="16506" nazwa="KLECINA" czas="6"/>
     <przystanek numer="4" id="16500" nazwa="Skarbowców" czas="7"/>
     <przystanek numer="5" id="16504" nazwa="Os. Przyjaźni" czas="8"/>
     <przystanek numer="6" id="16502" nazwa="Zimowa" czas="9"/>
     <przystanek numer="7" id="11316" nazwa="KRZYKI" czas="11"/>
    </czasy>
    <tabliczka id="16" mc="1" cechy="NZ">
     <dzien nazwa="w dni robocze">
      <godz h="5">
       <min m="12">
       </min>
      </godz>
      <godz h="6">
       <min m="26">
       </min>
      </godz>
      <godz h="7">
       <min m="14">
       </min>
      </godz>
      <godz h="8">
       <min m="35">
       </min>
      </godz>
      <godz h="9">
       <min m="36">
       </min>
      </godz>
      <godz h="10">
       <min m="36">
       </min>
      </godz>
      <godz h="11">
       <min m="36">
       </min>
      </godz>
      <godz h="12">
       <min m="36">
       </min>
      </godz>
      <godz h="14">
       <min m="23">
       </min>
      </godz>
      <godz h="15">
       <min m="02">
       </min>
       <min m="55">
       </min>
      </godz>
      <godz h="16">
       <min m="55">
       </min>
      </godz>
      <godz h="18">
       <min m="25">
       </min>
      </godz>
      <godz h="19">
       <min m="06">
       </min>
       <min m="51">
       </min>
      </godz>
      <godz h="21">
       <min m="04">
       </min>
      </godz>
      <godz h="22">
       <min m="24">
       </min>
      </godz>
     </dzien>
     <dzien nazwa="Sobota">
      <godz h="6">
       <min m="21">
       </min>
      </godz>
      <godz h="7">
       <min m="46">
       </min>
      </godz>
      <godz h="9">
       <min m="46">
       </min>
      </godz>
      <godz h="11">
       <min m="46">
       </min>
      </godz>
      <godz h="13">
       <min m="46">
       </min>
      </godz>
      <godz h="15">
       <min m="46">
       </min>
      </godz>
      <godz h="17">
       <min m="46">
       </min>
      </godz>
      <godz h="19">
       <min m="46">
       </min>
      </godz>
      <godz h="21">
       <min m="46">
       </min>
      </godz>
     </dzien>
     <dzien nazwa="Niedziela">
      <godz h="6">
       <min m="21">
       </min>
      </godz>
      <godz h="7">
       <min m="46">
       </min>
      </godz>
      <godz h="9">
       <min m="46">
       </min>
      </godz>
      <godz h="11">
       <min m="46">
       </min>
      </godz>
      <godz h="13">
       <min m="46">
       </min>
      </godz>
      <godz h="15">
       <min m="46">
       </min>
      </godz>
      <godz h="17">
       <min m="46">
       </min>
      </godz>
      <godz h="19">
       <min m="46">
       </min>
      </godz>
      <godz h="21">
       <min m="46">
       </min>
      </godz>
     </dzien>
    </tabliczka>
   </przystanek>
   <przystanek id="16704" nazwa="Wałbrzyska" ulica="Wałbrzyska" cechy="">
    <czasy>
     <przystanek numer="0" id="16704" nazwa="Wałbrzyska" czas="0"/>
     <przystanek numer="1" id="16702" nazwa="Kościelna" czas="2"/>
     <przystanek numer="2" id="16506" nazwa="KLECINA" czas="4"/>
     <przystanek numer="3" id="16500" nazwa="Skarbowców" czas="5"/>
     <przystanek numer="4" id="16504" nazwa="Os. Przyjaźni" czas="6"/>
     <przystanek numer="5" id="16502" nazwa="Zimowa" czas="7"/>
     <przystanek numer="6" id="11316" nazwa="KRZYKI" czas="9"/>
    </czasy>
    <tabliczka id="17" mc="1">
     <dzien nazwa="w dni robocze">
      <godz h="5">
       <min m="13">
       </min>
      </godz>
      <godz h="6">
       <min m="27">
       </min>
      </godz>
      <godz h="7">
       <min m="16">
       </min>
      </godz>
      <godz h="8">
       <min m="37">
       </min>
      </godz>
      <godz h="9">
       <min m="37">
       </min>
      </godz>
      <godz h="10">
       <min m="37">
       </min>
      </godz>
      <godz h="11">
       <min m="37">
       </min>
      </godz>
      <godz h="12">
       <min m="37">
       </min>
      </godz>
      <godz h="14">
       <min m="25">
       </min>
      </godz>
      <godz h="15">
       <min m="04">
       </min>
       <min m="57">
       </min>
      </godz>
      <godz h="16">
       <min m="57">
       </min>
      </godz>
      <godz h="18">
       <min m="26">
       </min>
      </godz>
      <godz h="19">
       <min m="07">
       </min>
       <min m="52">
       </min>
      </godz>
      <godz h="21">
       <min m="05">
       </min>
      </godz>
      <godz h="22">
       <min m="25">
       </min>
      </godz>
     </dzien>
     <dzien nazwa="Sobota">
      <godz h="6">
       <min m="22">
       </min>
      </godz>
      <godz h="7">
       <min m="47">
       </min>
      </godz>
      <godz h="9">
       <min m="47">
       </min>
      </godz>
      <godz h="11">
       <min m="47">
       </min>
      </godz>
      <godz h="13">
       <min m="47">
       </min>
      </godz>
      <godz h="15">
       <min m="47">
       </min>
      </godz>
      <godz h="17">
       <min m="47">
       </min>
      </godz>
      <godz h="19">
       <min m="47">
       </min>
      </godz>
      <godz h="21">
       <min m="47">
       </min>
      </godz>
     </dzien>
     <dzien nazwa="Niedziela">
      <godz h="6">
       <min m="22">
       </min>
      </godz>
      <godz h="7">
       <min m="47">
       </min>
      </godz>
      <godz h="9">
       <min m="47">
       </min>
      </godz>
      <godz h="11">
       <min m="47">
       </min>
      </godz>
      <godz h="13">
       <min m="47">
       </min>
      </godz>
      <godz h="15">
       <min m="47">
       </min>
      </godz>
      <godz h="17">
       <min m="47">
       </min>
      </godz>
      <godz h="19">
       <min m="47">
       </min>
      </godz>
      <godz h="21">
       <min m="47">
       </min>
      </godz>
     </dzien>
    </tabliczka>
   </przystanek>
   <przystanek id="16702" nazwa="Kościelna" ulica="Wałbrzyska" cechy="">
    <czasy>
     <przystanek numer="0" id="16702" nazwa="Kościelna" czas="0"/>
     <przystanek numer="1" id="16506" nazwa="KLECINA" czas="2"/>
     <przystanek numer="2" id="16500" nazwa="Skarbowców" czas="3"/>
     <przystanek numer="3" id="16504" nazwa="Os. Przyjaźni" czas="4"/>
     <przystanek numer="4" id="16502" nazwa="Zimowa" czas="5"/>
     <przystanek numer="5" id="11316" nazwa="KRZYKI" czas="7"/>
    </czasy>
    <tabliczka id="18" mc="1">
     <dzien nazwa="w dni robocze">
      <godz h="5">
       <min m="14">
       </min>
      </godz>
      <godz h="6">
       <min m="28">
       </min>
      </godz>
      <godz h="7">
       <min m="18">
       </min>
      </godz>
      <godz h="8">
       <min m="39">
       </min>
      </godz>
      <godz h="9">
       <min m="38">
       </min>
      </godz>
      <godz h="10">
       <min m="38">
       </min>
      </godz>
      <godz h="11">
       <min m="38">
       </min>
      </godz>
      <godz h="12">
       <min m="38">
       </min>
      </godz>
      <godz h="14">
       <min m="26">
       </min>
      </godz>
      <godz h="15">
       <min m="06">
       </min>
       <min m="59">
       </min>
      </godz>
      <godz h="16">
       <min m="59">
       </min>
      </godz>
      <godz h="18">
       <min m="27">
       </min>
      </godz>
      <godz h="19">
       <min m="08">
       </min>
       <min m="53">
       </min>
      </godz>
      <godz h="21">
       <min m="06">
       </min>
      </godz>
      <godz h="22">
       <min m="26">
       </min>
      </godz>
     </dzien>
     <dzien nazwa="Sobota">
      <godz h="6">
       <min m="23">
       </min>
      </godz>
      <godz h="7">
       <min m="48">
       </min>
      </godz>
      <godz h="9">
       <min m="48">
       </min>
      </godz>
      <godz h="11">
       <min m="48">
       </min>
      </godz>
      <godz h="13">
       <min m="48">
       </min>
      </godz>
      <godz h="15">
       <min m="48">
       </min>
      </godz>
      <godz h="17">
       <min m="48">
       </min>
      </godz>
      <godz h="19">
       <min m="48">
       </min>
      </godz>
      <godz h="21">
       <min m="48">
       </min>
      </godz>
     </dzien>
     <dzien nazwa="Niedziela">
      <godz h="6">
       <min m="23">
       </min>
      </godz>
      <godz h="7">
       <min m="48">
       </min>
      </godz>
      <godz h="9">
       <min m="48">
       </min>
      </godz>
      <godz h="11">
       <min m="48">
       </min>
      </godz>
      <godz h="13">
       <min m="48">
       </min>
      </godz>
      <godz h="15">
       <min m="48">
       </min>
      </godz>
      <godz h="17">
       <min m="48">
       </min>
      </godz>
      <godz h="19">
       <min m="48">
       </min>
      </godz>
      <godz h="21">
       <min m="48">
       </min>
      </godz>
     </dzien>
    </tabliczka>
   </przystanek>
   <przystanek id="16506" nazwa="KLECINA" ulica="Wałbrzyska" cechy="">
    <czasy>
     <przystanek numer="0" id="16506" nazwa="KLECINA" czas="0"/>
     <przystanek numer="1" id="16500" nazwa="Skarbowców" czas="1"/>
     <przystanek numer="2" id="16504" nazwa="Os. Przyjaźni" czas="2"/>
     <przystanek numer="3" id="16502" nazwa="Zimowa" czas="3"/>
     <przystanek numer="4" id="11316" nazwa="KRZYKI" czas="5"/>
    </czasy>
    <tabliczka id="19" mc="1">
     <dzien nazwa="w dni robocze">
      <godz h="5">
       <min m="15">
       </min>
      </godz>
      <godz h="6">
       <min m="29">
       </min>
      </godz>
      <godz h="7">
       <min m="20">
       </min>
      </godz>
      <godz h="8">
       <min m="41">
       </min>
      </godz>
      <godz h="9">
       <min m="39">
       </min>
      </godz>
      <godz h="10">
       <min m="39">
       </min>
      </godz>
      <godz h="11">
       <min m="39">
       </min>
      </godz>
      <godz h="12">
       <min m="39">
       </min>
      </godz>
      <godz h="14">
       <min m="27">
       </min>
      </godz>
      <godz h="15">
       <min m="08">
       </min>
      </godz>
      <godz h="16">
       <min m="01">
       </min>
      </godz>
      <godz h="17">
       <min m="01">
       </min>
      </godz>
      <godz h="18">
       <min m="28">
       </min>
      </godz>
      <godz h="19">
       <min m="09">
       </min>
       <min m="54">
       </min>
      </godz>
      <godz h="21">
       <min m="07">
       </min>
      </godz>
      <godz h="22">
       <min m="27">
       </min>
      </godz>
     </dzien>
     <dzien nazwa="Sobota">
      <godz h="6">
       <min m="24">
       </min>
      </godz>
      <godz h="7">
       <min m="49">
       </min>
      </godz>
      <godz h="9">
       <min m="49">
       </min>
      </godz>
      <godz h="11">
       <min m="49">
       </min>
      </godz>
      <godz h="13">
       <min m="49">
       </min>
      </godz>
      <godz h="15">
       <min m="49">
       </min>
      </godz>
      <godz h="17">
       <min m="49">
       </min>
      </godz>
      <godz h="19">
       <min m="49">
       </min>
      </godz>
      <godz h="21">
       <min m="49">
       </min>
      </godz>
     </dzien>
     <dzien nazwa="Niedziela">
      <godz h="6">
       <min m="24">
       </min>
      </godz>
      <godz h="7">
       <min m="49">
       </min>
      </godz>
      <godz h="9">
       <min m="49">
       </min>
      </godz>
      <godz h="11">
       <min m="49">
       </min>
      </godz>
      <godz h="13">
       <min m="49">
       </min>
      </godz>
      <godz h="15">
       <min m="49">
       </min>
      </godz>
      <godz h="17">
       <min m="49">
       </min>
      </godz>
      <godz h="19">
       <min m="49">
       </min>
      </godz>
      <godz h="21">
       <min m="49">
       </min>
      </godz>
     </dzien>
    </tabliczka>
   </przystanek>
   <przystanek id="16500" nazwa="Skarbowców" ulica="Krzycka" cechy="">
    <czasy>
     <przystanek numer="0" id="16500" nazwa="Skarbowców" czas="0"/>
     <przystanek numer="1" id="16504" nazwa="Os. Przyjaźni" czas="1"/>
     <przystanek numer="2" id="16502" nazwa="Zimowa" czas="2"/>
     <przystanek numer="3" id="11316" nazwa="KRZYKI" czas="4"/>
    </czasy>
    <tabliczka id="20" mc="1">
     <dzien nazwa="w dni robocze">
      <godz h="5">
       <min m="16">
       </min>
      </godz>
      <godz h="6">
       <min m="30">
       </min>
      </godz>
      <godz h="7">
       <min m="21">
       </min>
      </godz>
      <godz h="8">
       <min m="42">
       </min>
      </godz>
      <godz h="9">
       <min m="40">
       </min>
      </godz>
      <godz h="10">
       <min m="40">
       </min>
      </godz>
      <godz h="11">
       <min m="40">
       </min>
      </godz>
      <godz h="12">
       <min m="40">
       </min>
      </godz>
      <godz h="14">
       <min m="28">
       </min>
      </godz>
      <godz h="15">
       <min m="09">
       </min>
      </godz>
      <godz h="16">
       <min m="02">
       </min>
      </godz>
      <godz h="17">
       <min m="02">
       </min>
      </godz>
      <godz h="18">
       <min m="29">
       </min>
      </godz>
      <godz h="19">
       <min m="10">
       </min>
       <min m="55">
       </min>
      </godz>
      <godz h="21">
       <min m="08">
       </min>
      </godz>
      <godz h="22">
       <min m="28">
       </min>
      </godz>
     </dzien>
     <dzien nazwa="Sobota">
      <godz h="6">
       <min m="25">
       </min>
      </godz>
      <godz h="7">
       <min m="50">
       </min>
      </godz>
      <godz h="9">
       <min m="50">
       </min>
      </godz>
      <godz h="11">
       <min m="50">
       </min>
      </godz>
      <godz h="13">
       <min m="50">
       </min>
      </godz>
      <godz h="15">
       <min m="50">
       </min>
      </godz>
      <godz h="17">
       <min m="50">
       </min>
      </godz>
      <godz h="19">
       <min m="50">
       </min>
      </godz>
      <godz h="21">
       <min m="50">
       </min>
      </godz>
     </dzien>
     <dzien nazwa="Niedziela">
      <godz h="6">
       <min m="25">
       </min>
      </godz>
      <godz h="7">
       <min m="50">
       </min>
      </godz>
      <godz h="9">
       <min m="50">
       </min>
      </godz>
      <godz h="11">
       <min m="50">
       </min>
      </godz>
      <godz h="13">
       <min m="50">
       </min>
      </godz>
      <godz h="15">
       <min m="50">
       </min>
      </godz>
      <godz h="17">
       <min m="50">
       </min>
      </godz>
      <godz h="19">
       <min m="50">
       </min>
      </godz>
      <godz h="21">
       <min m="50">
       </min>
      </godz>
     </dzien>
    </tabliczka>
   </przystanek>
   <przystanek id="16504" nazwa="Os. Przyjaźni" ulica="Krzycka" cechy="">
    <czasy>
     <przystanek numer="0" id="16504" nazwa="Os. Przyjaźni" czas="0"/>
     <przystanek numer="1" id="16502" nazwa="Zimowa" czas="1"/>
     <przystanek numer="2" id="11316" nazwa="KRZYKI" czas="3"/>
    </czasy>
    <tabliczka id="21" mc="1">
     <dzien nazwa="w dni robocze">
      <godz h="5">
       <min m="17">
       </min>
      </godz>
      <godz h="6">
       <min m="31">
       </min>
      </godz>
      <godz h="7">
       <min m="22">
       </min>
      </godz>
      <godz h="8">
       <min m="43">
       </min>
      </godz>
      <godz h="9">
       <min m="41">
       </min>
      </godz>
      <godz h="10">
       <min m="41">
       </min>
      </godz>
      <godz h="11">
       <min m="41">
       </min>
      </godz>
      <godz h="12">
       <min m="41">
       </min>
      </godz>
      <godz h="14">
       <min m="29">
       </min>
      </godz>
      <godz h="15">
       <min m="10">
       </min>
      </godz>
      <godz h="16">
       <min m="03">
       </min>
      </godz>
      <godz h="17">
       <min m="03">
       </min>
      </godz>
      <godz h="18">
       <min m="30">
       </min>
      </godz>
      <godz h="19">
       <min m="11">
       </min>
       <min m="56">
       </min>
      </godz>
      <godz h="21">
       <min m="09">
       </min>
      </godz>
      <godz h="22">
       <min m="29">
       </min>
      </godz>
     </dzien>
     <dzien nazwa="Sobota">
      <godz h="6">
       <min m="26">
       </min>
      </godz>
      <godz h="7">
       <min m="51">
       </min>
      </godz>
      <godz h="9">
       <min m="51">
       </min>
      </godz>
      <godz h="11">
       <min m="51">
       </min>
      </godz>
      <godz h="13">
       <min m="51">
       </min>
      </godz>
      <godz h="15">
       <min m="51">
       </min>
      </godz>
      <godz h="17">
       <min m="51">
       </min>
      </godz>
      <godz h="19">
       <min m="51">
       </min>
      </godz>
      <godz h="21">
       <min m="51">
       </min>
      </godz>
     </dzien>
     <dzien nazwa="Niedziela">
      <godz h="6">
       <min m="26">
       </min>
      </godz>
      <godz h="7">
       <min m="51">
       </min>
      </godz>
      <godz h="9">
       <min m="51">
       </min>
      </godz>
      <godz h="11">
       <min m="51">
       </min>
      </godz>
      <godz h="13">
       <min m="51">
       </min>
      </godz>
      <godz h="15">
       <min m="51">
       </min>
      </godz>
      <godz h="17">
       <min m="51">
       </min>
      </godz>
      <godz h="19">
       <min m="51">
       </min>
      </godz>
      <godz h="21">
       <min m="51">
       </min>
      </godz>
     </dzien>
    </tabliczka>
   </przystanek>
   <przystanek id="16502" nazwa="Zimowa" ulica="Krzycka" cechy="">
    <czasy>
     <przystanek numer="0" id="16502" nazwa="Zimowa" czas="0"/>
     <przystanek numer="1" id="11316" nazwa="KRZYKI" czas="2"/>
    </czasy>
    <tabliczka id="22" mc="1">
     <dzien nazwa="w dni robocze">
      <godz h="5">
       <min m="18">
       </min>
      </godz>
      <godz h="6">
       <min m="32">
       </min>
      </godz>
      <godz h="7">
       <min m="23">
       </min>
      </godz>
      <godz h="8">
       <min m="44">
       </min>
      </godz>
      <godz h="9">
       <min m="42">
       </min>
      </godz>
      <godz h="10">
       <min m="42">
       </min>
      </godz>
      <godz h="11">
       <min m="42">
       </min>
      </godz>
      <godz h="12">
       <min m="42">
       </min>
      </godz>
      <godz h="14">
       <min m="30">
       </min>
      </godz>
      <godz h="15">
       <min m="11">
       </min>
      </godz>
      <godz h="16">
       <min m="04">
       </min>
      </godz>
      <godz h="17">
       <min m="04">
       </min>
      </godz>
      <godz h="18">
       <min m="31">
       </min>
      </godz>
      <godz h="19">
       <min m="12">
       </min>
       <min m="57">
       </min>
      </godz>
      <godz h="21">
       <min m="10">
       </min>
      </godz>
      <godz h="22">
       <min m="30">
       </min>
      </godz>
     </dzien>
     <dzien nazwa="Sobota">
      <godz h="6">
       <min m="27">
       </min>
      </godz>
      <godz h="7">
       <min m="52">
       </min>
      </godz>
      <godz h="9">
       <min m="52">
       </min>
      </godz>
      <godz h="11">
       <min m="52">
       </min>
      </godz>
      <godz h="13">
       <min m="52">
       </min>
      </godz>
      <godz h="15">
       <min m="52">
       </min>
      </godz>
      <godz h="17">
       <min m="52">
       </min>
      </godz>
      <godz h="19">
       <min m="52">
       </min>
      </godz>
      <godz h="21">
       <min m="52">
       </min>
      </godz>
     </dzien>
     <dzien nazwa="Niedziela">
      <godz h="6">
       <min m="27">
       </min>
      </godz>
      <godz h="7">
       <min m="52">
       </min>
      </godz>
      <godz h="9">
       <min m="52">
       </min>
      </godz>
      <godz h="11">
       <min m="52">
       </min>
      </godz>
      <godz h="13">
       <min m="52">
       </min>
      </godz>
      <godz h="15">
       <min m="52">
       </min>
      </godz>
      <godz h="17">
       <min m="52">
       </min>
      </godz>
      <godz h="19">
       <min m="52">
       </min>
      </godz>
      <godz h="21">
       <min m="52">
       </min>
      </godz>
     </dzien>
    </tabliczka>
   </przystanek>
   <przystanek id="11316" nazwa="KRZYKI" ulica="Karkonoska" cechy="">
    <czasy>
    </czasy>
   </przystanek>
  </wariant>
 </linia>
</linie>
