<?xml version="1.0" encoding="UTF-8" ?>
<linie>
 <linia nazwa="138" typ="Normalna autobusowa" wazny_od="01.09.2025" wazny_do="">
  <wariant id="1" nazwa="LEŚNICA - ŻAR">
   <przystanek id="18388" nazwa="LEŚNICA" ulica="Płońskiego" cechy="">
    <czasy>
     <przystanek numer="0" id="18388" nazwa="LEŚNICA" czas="0"/>
     <przystanek numer="1" id="18389" nazwa="Rubczaka (Stacja kolejowa)" czas="2"/>
     <przystanek numer="2" id="18391" nazwa="Rubczaka" czas="3"/>
     <przystanek numer="3" id="18312" nazwa="Średzka" czas="4"/>
     <przystanek numer="4" id="18351" nazwa="Eluarda" czas="6"/>
     <przystanek numer="5" id="18303" nazwa="Zajazdowa" czas="7"/>
     <przystanek numer="6" id="18305" nazwa="Krępicka - szkoła" czas="9"/>
     <przystanek numer="7" id="18361" nazwa="Krępicka" czas="10"/>
     <przystanek numer="8" id="18363" nazwa="Krępicka" czas="11"/>
     <przystanek numer="9" id="18343" nazwa="Mokrzańska" czas="12"/>
     <przystanek numer="10" id="18345" nazwa="ŻAR" czas="14"/>
    </czasy>
    <tabliczka id="1" mc="0">
     <dzien nazwa="w dni robocze">
      <godz h="8">
       <min m="25">
       </min>
      </godz>
      <godz h="9">
       <min m="50">
       </min>
      </godz>
      <godz h="10">
       <min m="45">
       </min>
      </godz>
      <godz h="12">
       <min m="05">
       </min>
      </godz>
      <godz h="13">
       <min m="40">
       </min>
      </godz>
      <godz h="15">
       <min m="00">
       </min>
       <min m="45">
       </min>
      </godz>
      <godz h="16">
       <min m="35">
       </min>
      </godz>
      <godz h="17">
       <min m="35">
       </min>
      </godz>
      <godz h="18">
       <min m="25">
       </min>
      </godz>
      <godz h="19">
       <min m="15">
       </min>
      </godz>
      <godz h="20">
       <min m="15">
       </min>
       <min m="50">
       </min>
      </godz>
      <godz h="21">
       <min m="50">
       </min>
      </godz>
     </dzien>
     <dzien nazwa="Sobota">
      <godz h="6">
       <min m="40">
       </min>
      </godz>
      <godz h="8">
       <min m="40">
       </min>
      </godz>
      <godz h="10">
       <min m="40">
       </min>
      </godz>
      <godz h="14">
       <min m="40">
       </min>
      </godz>
      <godz h="15">
       <min m="40">
       </min>
      </godz>
      <godz h="17">
       <min m="40">
       </min>
      </godz>
      <godz h="19">
       <min m="40">
       </min>
      </godz>
      <godz h="20">
       <min m="30">
       </min>
      </godz>
      <godz h="22">
       <min m="00">
       </min>
      </godz>
     </dzien>
     <dzien nazwa="Niedziela">
      <godz h="6">
       <min m="40">
       </min>
      </godz>
      <godz h="8">
       <min m="40">
       </min>
      </godz>
      <godz h="10">
       <min m="40">
       </min>
      </godz>
      <godz h="14">
       <min m="40">
       </min>
      </godz>
      <godz h="15">
       <min m="40">
       </min>
      </godz>
      <godz h="17">
       <min m="40">
       </min>
      </godz>
      <godz h="19">
       <min m="40">
       </min>
      </godz>
      <godz h="20">
       <min m="30">
       </min>
      </godz>
      <godz h="22">
       <min m="00">
       </min>
      </godz>
     </dzien>
    </tabliczka>
   </przystanek>
   <przystanek id="18389" nazwa="Rubczaka (Stacja kolejowa)" ulica="Rubczaka" cechy="">
    <czasy>
     <przystanek numer="0" id="18389" nazwa="Rubczaka (Stacja kolejowa)" czas="0"/>
     <przystanek numer="1" id="18391" nazwa="Rubczaka" czas="1"/>
     <przystanek numer="2" id="18312" nazwa="Średzka" czas="2"/>
     <przystanek numer="3" id="18351" nazwa="Eluarda" czas="4"/>
     <przystanek numer="4" id="18303" nazwa="Zajazdowa" czas="5"/>
     <przystanek numer="5" id="18305" nazwa="Krępicka - szkoła" czas="7"/>
     <przystanek numer="6" id="18361" nazwa="Krępicka" czas="8"/>
     <przystanek numer="7" id="18363" nazwa="Krępicka" czas="9"/>
     <przystanek numer="8" id="18343" nazwa="Mokrzańska" czas="10"/>
     <przystanek numer="9" id="18345" nazwa="ŻAR" czas="12"/>
    </czasy>
    <tabliczka id="2" mc="2">
     <dzien nazwa="w dni robocze">
      <godz h="8">
       <min m="27">
       </min>
      </godz>
      <godz h="9">
       <min m="52">
       </min>
      </godz>
      <godz h="10">
       <min m="47">
       </min>
      </godz>
      <godz h="12">
       <min m="07">
       </min>
      </godz>
      <godz h="13">
       <min m="42">
       </min>
      </godz>
      <godz h="15">
       <min m="03">
       </min>
       <min m="47">
       </min>
      </godz>
      <godz h="16">
       <min m="37">
       </min>
      </godz>
      <godz h="17">
       <min m="37">
       </min>
      </godz>
      <godz h="18">
       <min m="27">
       </min>
      </godz>
      <godz h="19">
       <min m="17">
       </min>
      </godz>
      <godz h="20">
       <min m="17">
       </min>
       <min m="52">
       </min>
      </godz>
      <godz h="21">
       <min m="52">
       </min>
      </godz>
     </dzien>
     <dzien nazwa="Sobota">
      <godz h="6">
       <min m="42">
       </min>
      </godz>
      <godz h="8">
       <min m="42">
       </min>
      </godz>
      <godz h="10">
       <min m="42">
       </min>
      </godz>
      <godz h="14">
       <min m="42">
       </min>
      </godz>
      <godz h="15">
       <min m="42">
       </min>
      </godz>
      <godz h="17">
       <min m="42">
       </min>
      </godz>
      <godz h="19">
       <min m="42">
       </min>
      </godz>
      <godz h="20">
       <min m="32">
       </min>
      </godz>
      <godz h="22">
       <min m="02">
       </min>
      </godz>
     </dzien>
     <dzien nazwa="Niedziela">
      <godz h="6">
       <min m="42">
       </min>
      </godz>
      <godz h="8">
       <min m="42">
       </min>
      </godz>
      <godz h="10">
       <min m="42">
       </min>
      </godz>
      <godz h="14">
       <min m="42">
       </min>
      </godz>
      <godz h="15">
       <min m="42">
       </min>
      </godz>
      <godz h="17">
       <min m="42">
       </min>
      </godz>
      <godz h="19">
       <min m="42">
       </min>
      </godz>
      <godz h="20">
       <min m="32">
       </min>
      </godz>
      <godz h="22">
       <min m="02">
       </min>
      </godz>
     </dzien>
    </tabliczka>
   </przystanek>
   <przystanek id="18391" nazwa="Rubczaka" ulica="Rubczaka" cechy="">
    <czasy>
     <przystanek numer="0" id="18391" nazwa="Rubczaka" czas="0"/>
     <przystanek numer="1" id="18312" nazwa="Średzka" czas="1"/>
     <przystanek numer="2" id="18351" nazwa="Eluarda" czas="3"/>
     <przystanek numer="3" id="18303" nazwa="Zajazdowa" czas="4"/>
     <przystanek numer="4" id="18305" nazwa="Krępicka - szkoła" czas="6"/>
     <przystanek numer="5" id="18361" nazwa="Krępicka" czas="7"/>
     <przystanek numer="6" id="18363" nazwa="Krępicka" czas="8"/>
     <przystanek numer="7" id="18343" nazwa="Mokrzańska" czas="9"/>
     <przystanek numer="8" id="18345" nazwa="ŻAR" czas="11"/>
    </czasy>
    <tabliczka id="3" mc="1" cechy="NZ">
     <dzien nazwa="w dni robocze">
      <godz h="8">
       <min m="28">
       </min>
      </godz>
      <godz h="9">
       <min m="53">
       </min>
      </godz>
      <godz h="10">
       <min m="48">
       </min>
      </godz>
      <godz h="12">
       <min m="08">
       </min>
      </godz>
      <godz h="13">
       <min m="43">
       </min>
      </godz>
      <godz h="15">
       <min m="04">
       </min>
       <min m="48">
       </min>
      </godz>
      <godz h="16">
       <min m="38">
       </min>
      </godz>
      <godz h="17">
       <min m="38">
       </min>
      </godz>
      <godz h="18">
       <min m="28">
       </min>
      </godz>
      <godz h="19">
       <min m="18">
       </min>
      </godz>
      <godz h="20">
       <min m="18">
       </min>
       <min m="53">
       </min>
      </godz>
      <godz h="21">
       <min m="53">
       </min>
      </godz>
     </dzien>
     <dzien nazwa="Sobota">
      <godz h="6">
       <min m="43">
       </min>
      </godz>
      <godz h="8">
       <min m="43">
       </min>
      </godz>
      <godz h="10">
       <min m="43">
       </min>
      </godz>
      <godz h="14">
       <min m="43">
       </min>
      </godz>
      <godz h="15">
       <min m="43">
       </min>
      </godz>
      <godz h="17">
       <min m="43">
       </min>
      </godz>
      <godz h="19">
       <min m="43">
       </min>
      </godz>
      <godz h="20">
       <min m="33">
       </min>
      </godz>
      <godz h="22">
       <min m="03">
       </min>
      </godz>
     </dzien>
     <dzien nazwa="Niedziela">
      <godz h="6">
       <min m="43">
       </min>
      </godz>
      <godz h="8">
       <min m="43">
       </min>
      </godz>
      <godz h="10">
       <min m="43">
       </min>
      </godz>
      <godz h="14">
       <min m="43">
       </min>
      </godz>
      <godz h="15">
       <min m="43">
       </min>
      </godz>
      <godz h="17">
       <min m="43">
       </min>
      </godz>
      <godz h="19">
       <min m="43">
       </min>
      </godz>
      <godz h="20">
       <min m="33">
       </min>
      </godz>
      <godz h="22">
       <min m="03">
       </min>
      </godz>
     </dzien>
    </tabliczka>
   </przystanek>
   <przystanek id="18312" nazwa="Średzka" ulica="Trzmielowicka" cechy="">
    <czasy>
     <przystanek numer="0" id="18312" nazwa="Średzka" czas="0"/>
     <przystanek numer="1" id="18351" nazwa="Eluarda" czas="2"/>
     <przystanek numer="2" id="18303" nazwa="Zajazdowa" czas="3"/>
     <przystanek numer="3" id="18305" nazwa="Krępicka - szkoła" czas="5"/>
     <przystanek numer="4" id="18361" nazwa="Krępicka" czas="6"/>
     <przystanek numer="5" id="18363" nazwa="Krępicka" czas="7"/>
     <przystanek numer="6" id="18343" nazwa="Mokrzańska" czas="8"/>
     <przystanek numer="7" id="18345" nazwa="ŻAR" czas="10"/>
    </czasy>
    <tabliczka id="4" mc="1">
     <dzien nazwa="w dni robocze">
      <godz h="8">
       <min m="29">
       </min>
      </godz>
      <godz h="9">
       <min m="54">
       </min>
      </godz>
      <godz h="10">
       <min m="49">
       </min>
      </godz>
      <godz h="12">
       <min m="09">
       </min>
      </godz>
      <godz h="13">
       <min m="44">
       </min>
      </godz>
      <godz h="15">
       <min m="05">
       </min>
       <min m="49">
       </min>
      </godz>
      <godz h="16">
       <min m="39">
       </min>
      </godz>
      <godz h="17">
       <min m="39">
       </min>
      </godz>
      <godz h="18">
       <min m="29">
       </min>
      </godz>
      <godz h="19">
       <min m="19">
       </min>
      </godz>
      <godz h="20">
       <min m="19">
       </min>
       <min m="54">
       </min>
      </godz>
      <godz h="21">
       <min m="54">
       </min>
      </godz>
     </dzien>
     <dzien nazwa="Sobota">
      <godz h="6">
       <min m="44">
       </min>
      </godz>
      <godz h="8">
       <min m="44">
       </min>
      </godz>
      <godz h="10">
       <min m="44">
       </min>
      </godz>
      <godz h="14">
       <min m="44">
       </min>
      </godz>
      <godz h="15">
       <min m="44">
       </min>
      </godz>
      <godz h="17">
       <min m="44">
       </min>
      </godz>
      <godz h="19">
       <min m="44">
       </min>
      </godz>
      <godz h="20">
       <min m="34">
       </min>
      </godz>
      <godz h="22">
       <min m="04">
       </min>
      </godz>
     </dzien>
     <dzien nazwa="Niedziela">
      <godz h="6">
       <min m="44">
       </min>
      </godz>
      <godz h="8">
       <min m="44">
       </min>
      </godz>
      <godz h="10">
       <min m="44">
       </min>
      </godz>
      <godz h="14">
       <min m="44">
       </min>
      </godz>
      <godz h="15">
       <min m="44">
       </min>
      </godz>
      <godz h="17">
       <min m="44">
       </min>
      </godz>
      <godz h="19">
       <min m="44">
       </min>
      </godz>
      <godz h="20">
       <min m="34">
       </min>
      </godz>
      <godz h="22">
       <min m="04">
       </min>
      </godz>
     </dzien>
    </tabliczka>
   </przystanek>
   <przystanek id="18351" nazwa="Eluarda" ulica="Dolnobrzeska" cechy="">
    <czasy>
     <przystanek numer="0" id="18351" nazwa="Eluarda" czas="0"/>
     <przystanek numer="1" id="18303" nazwa="Zajazdowa" czas="1"/>
     <przystanek numer="2" id="18305" nazwa="Krępicka - szkoła" czas="3"/>
     <przystanek numer="3" id="18361" nazwa="Krępicka" czas="4"/>
     <przystanek numer="4" id="18363" nazwa="Krępicka" czas="5"/>
     <przystanek numer="5" id="18343" nazwa="Mokrzańska" czas="6"/>
     <przystanek numer="6" id="18345" nazwa="ŻAR" czas="8"/>
    </czasy>
    <tabliczka id="5" mc="1">
     <dzien nazwa="w dni robocze">
      <godz h="8">
       <min m="31">
       </min>
      </godz>
      <godz h="9">
       <min m="55">
       </min>
      </godz>
      <godz h="10">
       <min m="50">
       </min>
      </godz>
      <godz h="12">
       <min m="10">
       </min>
      </godz>
      <godz h="13">
       <min m="45">
       </min>
      </godz>
      <godz h="15">
       <min m="07">
       </min>
       <min m="51">
       </min>
      </godz>
      <godz h="16">
       <min m="41">
       </min>
      </godz>
      <godz h="17">
       <min m="41">
       </min>
      </godz>
      <godz h="18">
       <min m="30">
       </min>
      </godz>
      <godz h="19">
       <min m="20">
       </min>
      </godz>
      <godz h="20">
       <min m="20">
       </min>
       <min m="55">
       </min>
      </godz>
      <godz h="21">
       <min m="55">
       </min>
      </godz>
     </dzien>
     <dzien nazwa="Sobota">
      <godz h="6">
       <min m="45">
       </min>
      </godz>
      <godz h="8">
       <min m="45">
       </min>
      </godz>
      <godz h="10">
       <min m="45">
       </min>
      </godz>
      <godz h="14">
       <min m="45">
       </min>
      </godz>
      <godz h="15">
       <min m="45">
       </min>
      </godz>
      <godz h="17">
       <min m="45">
       </min>
      </godz>
      <godz h="19">
       <min m="45">
       </min>
      </godz>
      <godz h="20">
       <min m="35">
       </min>
      </godz>
      <godz h="22">
       <min m="05">
       </min>
      </godz>
     </dzien>
     <dzien nazwa="Niedziela">
      <godz h="6">
       <min m="45">
       </min>
      </godz>
      <godz h="8">
       <min m="45">
       </min>
      </godz>
      <godz h="10">
       <min m="45">
       </min>
      </godz>
      <godz h="14">
       <min m="45">
       </min>
      </godz>
      <godz h="15">
       <min m="45">
       </min>
      </godz>
      <godz h="17">
       <min m="45">
       </min>
      </godz>
      <godz h="19">
       <min m="45">
       </min>
      </godz>
      <godz h="20">
       <min m="35">
       </min>
      </godz>
      <godz h="22">
       <min m="05">
       </min>
      </godz>
     </dzien>
    </tabliczka>
   </przystanek>
   <przystanek id="18303" nazwa="Zajazdowa" ulica="Krępicka" cechy="">
    <czasy>
     <przystanek numer="0" id="18303" nazwa="Zajazdowa" czas="0"/>
     <przystanek numer="1" id="18305" nazwa="Krępicka - szkoła" czas="2"/>
     <przystanek numer="2" id="18361" nazwa="Krępicka" czas="3"/>
     <przystanek numer="3" id="18363" nazwa="Krępicka" czas="4"/>
     <przystanek numer="4" id="18343" nazwa="Mokrzańska" czas="5"/>
     <przystanek numer="5" id="18345" nazwa="ŻAR" czas="7"/>
    </czasy>
    <tabliczka id="6" mc="1" cechy="NZ">
     <dzien nazwa="w dni robocze">
      <godz h="8">
       <min m="32">
       </min>
      </godz>
      <godz h="9">
       <min m="56">
       </min>
      </godz>
      <godz h="10">
       <min m="51">
       </min>
      </godz>
      <godz h="12">
       <min m="11">
       </min>
      </godz>
      <godz h="13">
       <min m="46">
       </min>
      </godz>
      <godz h="15">
       <min m="08">
       </min>
       <min m="52">
       </min>
      </godz>
      <godz h="16">
       <min m="42">
       </min>
      </godz>
      <godz h="17">
       <min m="42">
       </min>
      </godz>
      <godz h="18">
       <min m="31">
       </min>
      </godz>
      <godz h="19">
       <min m="21">
       </min>
      </godz>
      <godz h="20">
       <min m="21">
       </min>
       <min m="56">
       </min>
      </godz>
      <godz h="21">
       <min m="56">
       </min>
      </godz>
     </dzien>
     <dzien nazwa="Sobota">
      <godz h="6">
       <min m="46">
       </min>
      </godz>
      <godz h="8">
       <min m="46">
       </min>
      </godz>
      <godz h="10">
       <min m="46">
       </min>
      </godz>
      <godz h="14">
       <min m="46">
       </min>
      </godz>
      <godz h="15">
       <min m="46">
       </min>
      </godz>
      <godz h="17">
       <min m="46">
       </min>
      </godz>
      <godz h="19">
       <min m="46">
       </min>
      </godz>
      <godz h="20">
       <min m="36">
       </min>
      </godz>
      <godz h="22">
       <min m="06">
       </min>
      </godz>
     </dzien>
     <dzien nazwa="Niedziela">
      <godz h="6">
       <min m="46">
       </min>
      </godz>
      <godz h="8">
       <min m="46">
       </min>
      </godz>
      <godz h="10">
       <min m="46">
       </min>
      </godz>
      <godz h="14">
       <min m="46">
       </min>
      </godz>
      <godz h="15">
       <min m="46">
       </min>
      </godz>
      <godz h="17">
       <min m="46">
       </min>
      </godz>
      <godz h="19">
       <min m="46">
       </min>
      </godz>
      <godz h="20">
       <min m="36">
       </min>
      </godz>
      <godz h="22">
       <min m="06">
       </min>
      </godz>
     </dzien>
    </tabliczka>
   </przystanek>
   <przystanek id="18305" nazwa="Krępicka - szkoła" ulica="Krępicka" cechy="">
    <czasy>
     <przystanek numer="0" id="18305" nazwa="Krępicka - szkoła" czas="0"/>
     <przystanek numer="1" id="18361" nazwa="Krępicka" czas="1"/>
     <przystanek numer="2" id="18363" nazwa="Krępicka" czas="2"/>
     <przystanek numer="3" id="18343" nazwa="Mokrzańska" czas="3"/>
     <przystanek numer="4" id="18345" nazwa="ŻAR" czas="5"/>
    </czasy>
    <tabliczka id="7" mc="2">
     <dzien nazwa="w dni robocze">
      <godz h="8">
       <min m="34">
       </min>
      </godz>
      <godz h="9">
       <min m="58">
       </min>
      </godz>
      <godz h="10">
       <min m="53">
       </min>
      </godz>
      <godz h="12">
       <min m="13">
       </min>
      </godz>
      <godz h="13">
       <min m="48">
       </min>
      </godz>
      <godz h="15">
       <min m="10">
       </min>
       <min m="54">
       </min>
      </godz>
      <godz h="16">
       <min m="44">
       </min>
      </godz>
      <godz h="17">
       <min m="44">
       </min>
      </godz>
      <godz h="18">
       <min m="33">
       </min>
      </godz>
      <godz h="19">
       <min m="23">
       </min>
      </godz>
      <godz h="20">
       <min m="22">
       </min>
       <min m="57">
       </min>
      </godz>
      <godz h="21">
       <min m="57">
       </min>
      </godz>
     </dzien>
     <dzien nazwa="Sobota">
      <godz h="6">
       <min m="48">
       </min>
      </godz>
      <godz h="8">
       <min m="48">
       </min>
      </godz>
      <godz h="10">
       <min m="48">
       </min>
      </godz>
      <godz h="14">
       <min m="48">
       </min>
      </godz>
      <godz h="15">
       <min m="48">
       </min>
      </godz>
      <godz h="17">
       <min m="48">
       </min>
      </godz>
      <godz h="19">
       <min m="48">
       </min>
      </godz>
      <godz h="20">
       <min m="37">
       </min>
      </godz>
      <godz h="22">
       <min m="07">
       </min>
      </godz>
     </dzien>
     <dzien nazwa="Niedziela">
      <godz h="6">
       <min m="48">
       </min>
      </godz>
      <godz h="8">
       <min m="48">
       </min>
      </godz>
      <godz h="10">
       <min m="48">
       </min>
      </godz>
      <godz h="14">
       <min m="48">
       </min>
      </godz>
      <godz h="15">
       <min m="48">
       </min>
      </godz>
      <godz h="17">
       <min m="48">
       </min>
      </godz>
      <godz h="19">
       <min m="48">
       </min>
      </godz>
      <godz h="20">
       <min m="37">
       </min>
      </godz>
      <godz h="22">
       <min m="07">
       </min>
      </godz>
     </dzien>
    </tabliczka>
   </przystanek>
   <przystanek id="18361" nazwa="Krępicka" ulica="Krępicka" cechy="">
    <czasy>
     <przystanek numer="0" id="18361" nazwa="Krępicka" czas="0"/>
     <przystanek numer="1" id="18363" nazwa="Krępicka" czas="1"/>
     <przystanek numer="2" id="18343" nazwa="Mokrzańska" czas="2"/>
     <przystanek numer="3" id="18345" nazwa="ŻAR" czas="4"/>
    </czasy>
    <tabliczka id="8" mc="1" cechy="NZ">
     <dzien nazwa="w dni robocze">
      <godz h="8">
       <min m="35">
       </min>
      </godz>
      <godz h="9">
       <min m="59">
       </min>
      </godz>
      <godz h="10">
       <min m="54">
       </min>
      </godz>
      <godz h="12">
       <min m="14">
       </min>
      </godz>
      <godz h="13">
       <min m="49">
       </min>
      </godz>
      <godz h="15">
       <min m="11">
       </min>
       <min m="55">
       </min>
      </godz>
      <godz h="16">
       <min m="45">
       </min>
      </godz>
      <godz h="17">
       <min m="45">
       </min>
      </godz>
      <godz h="18">
       <min m="34">
       </min>
      </godz>
      <godz h="19">
       <min m="24">
       </min>
      </godz>
      <godz h="20">
       <min m="23">
       </min>
       <min m="58">
       </min>
      </godz>
      <godz h="21">
       <min m="58">
       </min>
      </godz>
     </dzien>
     <dzien nazwa="Sobota">
      <godz h="6">
       <min m="49">
       </min>
      </godz>
      <godz h="8">
       <min m="49">
       </min>
      </godz>
      <godz h="10">
       <min m="49">
       </min>
      </godz>
      <godz h="14">
       <min m="49">
       </min>
      </godz>
      <godz h="15">
       <min m="49">
       </min>
      </godz>
      <godz h="17">
       <min m="49">
       </min>
      </godz>
      <godz h="19">
       <min m="49">
       </min>
      </godz>
      <godz h="20">
       <min m="38">
       </min>
      </godz>
      <godz h="22">
       <min m="08">
       </min>
      </godz>
     </dzien>
     <dzien nazwa="Niedziela">
      <godz h="6">
       <min m="49">
       </min>
      </godz>
      <godz h="8">
       <min m="49">
       </min>
      </godz>
      <godz h="10">
       <min m="49">
       </min>
      </godz>
      <godz h="14">
       <min m="49">
       </min>
      </godz>
      <godz h="15">
       <min m="49">
       </min>
      </godz>
      <godz h="17">
       <min m="49">
       </min>
      </godz>
      <godz h="19">
       <min m="49">
       </min>
      </godz>
      <godz h="20">
       <min m="38">
       </min>
      </godz>
      <godz h="22">
       <min m="08">
       </min>
      </godz>
     </dzien>
    </tabliczka>
   </przystanek>
   <przystanek id="18363" nazwa="Krępicka" ulica="Mokrzańska" cechy="">
    <czasy>
     <przystanek numer="0" id="18363" nazwa="Krępicka" czas="0"/>
     <przystanek numer="1" id="18343" nazwa="Mokrzańska" czas="1"/>
     <przystanek numer="2" id="18345" nazwa="ŻAR" czas="3"/>
    </czasy>
    <tabliczka id="9" mc="1" cechy="NZ">
     <dzien nazwa="w dni robocze">
      <godz h="8">
       <min m="36">
       </min>
      </godz>
      <godz h="10">
       <min m="00">
       </min>
       <min m="55">
       </min>
      </godz>
      <godz h="12">
       <min m="15">
       </min>
      </godz>
      <godz h="13">
       <min m="50">
       </min>
      </godz>
      <godz h="15">
       <min m="12">
       </min>
       <min m="56">
       </min>
      </godz>
      <godz h="16">
       <min m="46">
       </min>
      </godz>
      <godz h="17">
       <min m="46">
       </min>
      </godz>
      <godz h="18">
       <min m="35">
       </min>
      </godz>
      <godz h="19">
       <min m="25">
       </min>
      </godz>
      <godz h="20">
       <min m="24">
       </min>
       <min m="59">
       </min>
      </godz>
      <godz h="21">
       <min m="59">
       </min>
      </godz>
     </dzien>
     <dzien nazwa="Sobota">
      <godz h="6">
       <min m="50">
       </min>
      </godz>
      <godz h="8">
       <min m="50">
       </min>
      </godz>
      <godz h="10">
       <min m="50">
       </min>
      </godz>
      <godz h="14">
       <min m="50">
       </min>
      </godz>
      <godz h="15">
       <min m="50">
       </min>
      </godz>
      <godz h="17">
       <min m="50">
       </min>
      </godz>
      <godz h="19">
       <min m="50">
       </min>
      </godz>
      <godz h="20">
       <min m="39">
       </min>
      </godz>
      <godz h="22">
       <min m="09">
       </min>
      </godz>
     </dzien>
     <dzien nazwa="Niedziela">
      <godz h="6">
       <min m="50">
       </min>
      </godz>
      <godz h="8">
       <min m="50">
       </min>
      </godz>
      <godz h="10">
       <min m="50">
       </min>
      </godz>
      <godz h="14">
       <min m="50">
       </min>
      </godz>
      <godz h="15">
       <min m="50">
       </min>
      </godz>
      <godz h="17">
       <min m="50">
       </min>
      </godz>
      <godz h="19">
       <min m="50">
       </min>
      </godz>
      <godz h="20">
       <min m="39">
       </min>
      </godz>
      <godz h="22">
       <min m="09">
       </min>
      </godz>
     </dzien>
    </tabliczka>
   </przystanek>
   <przystanek id="18343" nazwa="Mokrzańska" ulica="Średzka" cechy="">
    <czasy>
     <przystanek numer="0" id="18343" nazwa="Mokrzańska" czas="0"/>
     <przystanek numer="1" id="18345" nazwa="ŻAR" czas="2"/>
    </czasy>
    <tabliczka id="10" mc="1" cechy="NZ">
     <dzien nazwa="w dni robocze">
      <godz h="8">
       <min m="37">
       </min>
      </godz>
      <godz h="10">
       <min m="01">
       </min>
       <min m="56">
       </min>
      </godz>
      <godz h="12">
       <min m="16">
       </min>
      </godz>
      <godz h="13">
       <min m="51">
       </min>
      </godz>
      <godz h="15">
       <min m="13">
       </min>
       <min m="57">
       </min>
      </godz>
      <godz h="16">
       <min m="47">
       </min>
      </godz>
      <godz h="17">
       <min m="47">
       </min>
      </godz>
      <godz h="18">
       <min m="36">
       </min>
      </godz>
      <godz h="19">
       <min m="26">
       </min>
      </godz>
      <godz h="20">
       <min m="25">
       </min>
      </godz>
      <godz h="21">
       <min m="00">
       </min>
      </godz>
      <godz h="22">
       <min m="00">
       </min>
      </godz>
     </dzien>
     <dzien nazwa="Sobota">
      <godz h="6">
       <min m="51">
       </min>
      </godz>
      <godz h="8">
       <min m="51">
       </min>
      </godz>
      <godz h="10">
       <min m="51">
       </min>
      </godz>
      <godz h="14">
       <min m="51">
       </min>
      </godz>
      <godz h="15">
       <min m="51">
       </min>
      </godz>
      <godz h="17">
       <min m="51">
       </min>
      </godz>
      <godz h="19">
       <min m="51">
       </min>
      </godz>
      <godz h="20">
       <min m="40">
       </min>
      </godz>
      <godz h="22">
       <min m="10">
       </min>
      </godz>
     </dzien>
     <dzien nazwa="Niedziela">
      <godz h="6">
       <min m="51">
       </min>
      </godz>
      <godz h="8">
       <min m="51">
       </min>
      </godz>
      <godz h="10">
       <min m="51">
       </min>
      </godz>
      <godz h="14">
       <min m="51">
       </min>
      </godz>
      <godz h="15">
       <min m="51">
       </min>
      </godz>
      <godz h="17">
       <min m="51">
       </min>
      </godz>
      <godz h="19">
       <min m="51">
       </min>
      </godz>
      <godz h="20">
       <min m="40">
       </min>
      </godz>
      <godz h="22">
       <min m="10">
       </min>
      </godz>
     </dzien>
    </tabliczka>
   </przystanek>
   <przystanek id="18345" nazwa="ŻAR" ulica="Średzka" cechy="">
    <czasy>
    </czasy>
   </przystanek>
  </wariant>
  <wariant id="2" nazwa="ŻAR - LEŚNICA" obj="na138">
   <przystanek id="18346" nazwa="ŻAR" ulica="Średzka" cechy="1">
    <czasy>
     <przystanek numer="0" id="18346" nazwa="ŻAR" czas="0"/>
     <przystanek numer="1" id="18364" nazwa="Mokrzańska" czas="3"/>
     <przystanek numer="2" id="18362" nazwa="Krępicka" czas="4"/>
     <przystanek numer="3" id="18306" nazwa="Krępicka - szkoła" czas="5"/>
     <przystanek numer="4" id="18304" nazwa="Zajazdowa" czas="7"/>
     <przystanek numer="5" id="18352" nazwa="Eluarda" czas="8"/>
     <przystanek numer="6" id="18311" nazwa="Średzka" czas="10"/>
     <przystanek numer="7" id="18392" nazwa="Rubczaka" czas="11"/>
     <przystanek numer="8" id="18390" nazwa="Rubczaka (Stacja kolejowa)" czas="12"/>
     <przystanek numer="9" id="18388" nazwa="LEŚNICA" czas="13"/>
    </czasy>
    <tabliczka id="11" mc="0">
     <dzien nazwa="w dni robocze">
      <godz h="9">
       <min m="00" ozn="L" przyp="L - kurs do Leśnicy z pominięciem ul. Rubczaka">
       </min>
      </godz>
      <godz h="10">
       <min m="34">
       </min>
      </godz>
      <godz h="11">
       <min m="04" ozn="L" przyp="L - kurs do Leśnicy z pominięciem ul. Rubczaka">
       </min>
      </godz>
      <godz h="12">
       <min m="32" ozn="L" przyp="L - kurs do Leśnicy z pominięciem ul. Rubczaka">
       </min>
      </godz>
      <godz h="14">
       <min m="02">
       </min>
      </godz>
      <godz h="15">
       <min m="16">
       </min>
      </godz>
      <godz h="16">
       <min m="18">
       </min>
       <min m="58">
       </min>
      </godz>
      <godz h="18">
       <min m="11">
       </min>
      </godz>
      <godz h="20">
       <min m="00">
       </min>
       <min m="30">
       </min>
      </godz>
      <godz h="21">
       <min m="30">
       </min>
      </godz>
     </dzien>
     <dzien nazwa="Sobota">
      <godz h="5">
       <min m="50">
       </min>
      </godz>
      <godz h="7">
       <min m="17">
       </min>
      </godz>
      <godz h="9">
       <min m="17" ozn="L" przyp="L - kurs do Leśnicy z pominięciem ul. Rubczaka">
       </min>
      </godz>
      <godz h="11">
       <min m="22">
       </min>
      </godz>
      <godz h="15">
       <min m="17">
       </min>
      </godz>
      <godz h="16">
       <min m="17">
       </min>
      </godz>
      <godz h="18">
       <min m="17">
       </min>
      </godz>
      <godz h="20">
       <min m="17">
       </min>
      </godz>
      <godz h="21">
       <min m="17">
       </min>
      </godz>
     </dzien>
     <dzien nazwa="Niedziela">
      <godz h="7">
       <min m="17">
       </min>
      </godz>
      <godz h="9">
       <min m="17" ozn="L" przyp="L - kurs do Leśnicy z pominięciem ul. Rubczaka">
       </min>
      </godz>
      <godz h="11">
       <min m="22">
       </min>
      </godz>
      <godz h="15">
       <min m="17">
       </min>
      </godz>
      <godz h="16">
       <min m="17">
       </min>
      </godz>
      <godz h="18">
       <min m="17">
       </min>
      </godz>
      <godz h="20">
       <min m="17">
       </min>
      </godz>
      <godz h="21">
       <min m="17">
       </min>
      </godz>
     </dzien>
    </tabliczka>
   </przystanek>
   <przystanek id="18364" nazwa="Mokrzańska" ulica="Mokrzańska" cechy="">
    <czasy>
     <przystanek numer="0" id="18364" nazwa="Mokrzańska" czas="0"/>
     <przystanek numer="1" id="18362" nazwa="Krępicka" czas="1"/>
     <przystanek numer="2" id="18306" nazwa="Krępicka - szkoła" czas="2"/>
     <przystanek numer="3" id="18304" nazwa="Zajazdowa" czas="4"/>
     <przystanek numer="4" id="18352" nazwa="Eluarda" czas="5"/>
     <przystanek numer="5" id="18311" nazwa="Średzka" czas="7"/>
     <przystanek numer="6" id="18392" nazwa="Rubczaka" czas="8"/>
     <przystanek numer="7" id="18390" nazwa="Rubczaka (Stacja kolejowa)" czas="9"/>
     <przystanek numer="8" id="18388" nazwa="LEŚNICA" czas="10"/>
    </czasy>
    <tabliczka id="12" mc="3" cechy="NZ">
     <dzien nazwa="w dni robocze">
      <godz h="9">
       <min m="03" ozn="L" przyp="L - kurs do Leśnicy z pominięciem ul. Rubczaka">
       </min>
      </godz>
      <godz h="10">
       <min m="37">
       </min>
      </godz>
      <godz h="11">
       <min m="07" ozn="L" przyp="L - kurs do Leśnicy z pominięciem ul. Rubczaka">
       </min>
      </godz>
      <godz h="12">
       <min m="35" ozn="L" przyp="L - kurs do Leśnicy z pominięciem ul. Rubczaka">
       </min>
      </godz>
      <godz h="14">
       <min m="05">
       </min>
      </godz>
      <godz h="15">
       <min m="19">
       </min>
      </godz>
      <godz h="16">
       <min m="21">
       </min>
      </godz>
      <godz h="17">
       <min m="01">
       </min>
      </godz>
      <godz h="18">
       <min m="14">
       </min>
      </godz>
      <godz h="20">
       <min m="03">
       </min>
       <min m="33">
       </min>
      </godz>
      <godz h="21">
       <min m="33">
       </min>
      </godz>
     </dzien>
     <dzien nazwa="Sobota">
      <godz h="5">
       <min m="53">
       </min>
      </godz>
      <godz h="7">
       <min m="20">
       </min>
      </godz>
      <godz h="9">
       <min m="20" ozn="L" przyp="L - kurs do Leśnicy z pominięciem ul. Rubczaka">
       </min>
      </godz>
      <godz h="11">
       <min m="25">
       </min>
      </godz>
      <godz h="15">
       <min m="20">
       </min>
      </godz>
      <godz h="16">
       <min m="20">
       </min>
      </godz>
      <godz h="18">
       <min m="20">
       </min>
      </godz>
      <godz h="20">
       <min m="20">
       </min>
      </godz>
      <godz h="21">
       <min m="20">
       </min>
      </godz>
     </dzien>
     <dzien nazwa="Niedziela">
      <godz h="7">
       <min m="20">
       </min>
      </godz>
      <godz h="9">
       <min m="20" ozn="L" przyp="L - kurs do Leśnicy z pominięciem ul. Rubczaka">
       </min>
      </godz>
      <godz h="11">
       <min m="25">
       </min>
      </godz>
      <godz h="15">
       <min m="20">
       </min>
      </godz>
      <godz h="16">
       <min m="20">
       </min>
      </godz>
      <godz h="18">
       <min m="20">
       </min>
      </godz>
      <godz h="20">
       <min m="20">
       </min>
      </godz>
      <godz h="21">
       <min m="20">
       </min>
      </godz>
     </dzien>
    </tabliczka>
   </przystanek>
   <przystanek id="18362" nazwa="Krępicka" ulica="Krępicka" cechy="">
    <czasy>
     <przystanek numer="0" id="18362" nazwa="Krępicka" czas="0"/>
     <przystanek numer="1" id="18306" nazwa="Krępicka - szkoła" czas="1"/>
     <przystanek numer="2" id="18304" nazwa="Zajazdowa" czas="3"/>
     <przystanek numer="3" id="18352" nazwa="Eluarda" czas="4"/>
     <przystanek numer="4" id="18311" nazwa="Średzka" czas="6"/>
     <przystanek numer="5" id="18392" nazwa="Rubczaka" czas="7"/>
     <przystanek numer="6" id="18390" nazwa="Rubczaka (Stacja kolejowa)" czas="8"/>
     <przystanek numer="7" id="18388" nazwa="LEŚNICA" czas="9"/>
    </czasy>
    <tabliczka id="13" mc="1" cechy="NZ">
     <dzien nazwa="w dni robocze">
      <godz h="9">
       <min m="04" ozn="L" przyp="L - kurs do Leśnicy z pominięciem ul. Rubczaka">
       </min>
      </godz>
      <godz h="10">
       <min m="38">
       </min>
      </godz>
      <godz h="11">
       <min m="08" ozn="L" przyp="L - kurs do Leśnicy z pominięciem ul. Rubczaka">
       </min>
      </godz>
      <godz h="12">
       <min m="36" ozn="L" przyp="L - kurs do Leśnicy z pominięciem ul. Rubczaka">
       </min>
      </godz>
      <godz h="14">
       <min m="06">
       </min>
      </godz>
      <godz h="15">
       <min m="20">
       </min>
      </godz>
      <godz h="16">
       <min m="22">
       </min>
      </godz>
      <godz h="17">
       <min m="02">
       </min>
      </godz>
      <godz h="18">
       <min m="15">
       </min>
      </godz>
      <godz h="20">
       <min m="04">
       </min>
       <min m="34">
       </min>
      </godz>
      <godz h="21">
       <min m="34">
       </min>
      </godz>
     </dzien>
     <dzien nazwa="Sobota">
      <godz h="5">
       <min m="54">
       </min>
      </godz>
      <godz h="7">
       <min m="21">
       </min>
      </godz>
      <godz h="9">
       <min m="21" ozn="L" przyp="L - kurs do Leśnicy z pominięciem ul. Rubczaka">
       </min>
      </godz>
      <godz h="11">
       <min m="26">
       </min>
      </godz>
      <godz h="15">
       <min m="21">
       </min>
      </godz>
      <godz h="16">
       <min m="21">
       </min>
      </godz>
      <godz h="18">
       <min m="21">
       </min>
      </godz>
      <godz h="20">
       <min m="21">
       </min>
      </godz>
      <godz h="21">
       <min m="21">
       </min>
      </godz>
     </dzien>
     <dzien nazwa="Niedziela">
      <godz h="7">
       <min m="21">
       </min>
      </godz>
      <godz h="9">
       <min m="21" ozn="L" przyp="L - kurs do Leśnicy z pominięciem ul. Rubczaka">
       </min>
      </godz>
      <godz h="11">
       <min m="26">
       </min>
      </godz>
      <godz h="15">
       <min m="21">
       </min>
      </godz>
      <godz h="16">
       <min m="21">
       </min>
      </godz>
      <godz h="18">
       <min m="21">
       </min>
      </godz>
      <godz h="20">
       <min m="21">
       </min>
      </godz>
      <godz h="21">
       <min m="21">
       </min>
      </godz>
     </dzien>
    </tabliczka>
   </przystanek>
   <przystanek id="18306" nazwa="Krępicka - szkoła" ulica="Krępicka" cechy="">
    <czasy>
     <przystanek numer="0" id="18306" nazwa="Krępicka - szkoła" czas="0"/>
     <przystanek numer="1" id="18304" nazwa="Zajazdowa" czas="2"/>
     <przystanek numer="2" id="18352" nazwa="Eluarda" czas="3"/>
     <przystanek numer="3" id="18311" nazwa="Średzka" czas="5"/>
     <przystanek numer="4" id="18392" nazwa="Rubczaka" czas="6"/>
     <przystanek numer="5" id="18390" nazwa="Rubczaka (Stacja kolejowa)" czas="7"/>
     <przystanek numer="6" id="18388" nazwa="LEŚNICA" czas="8"/>
    </czasy>
    <tabliczka id="14" mc="1">
     <dzien nazwa="w dni robocze">
      <godz h="9">
       <min m="05" ozn="L" przyp="L - kurs do Leśnicy z pominięciem ul. Rubczaka">
       </min>
      </godz>
      <godz h="10">
       <min m="39">
       </min>
      </godz>
      <godz h="11">
       <min m="09" ozn="L" przyp="L - kurs do Leśnicy z pominięciem ul. Rubczaka">
       </min>
      </godz>
      <godz h="12">
       <min m="37" ozn="L" przyp="L - kurs do Leśnicy z pominięciem ul. Rubczaka">
       </min>
      </godz>
      <godz h="14">
       <min m="07">
       </min>
      </godz>
      <godz h="15">
       <min m="21">
       </min>
      </godz>
      <godz h="16">
       <min m="23">
       </min>
      </godz>
      <godz h="17">
       <min m="03">
       </min>
      </godz>
      <godz h="18">
       <min m="16">
       </min>
      </godz>
      <godz h="20">
       <min m="05">
       </min>
       <min m="35">
       </min>
      </godz>
      <godz h="21">
       <min m="35">
       </min>
      </godz>
     </dzien>
     <dzien nazwa="Sobota">
      <godz h="5">
       <min m="55">
       </min>
      </godz>
      <godz h="7">
       <min m="22">
       </min>
      </godz>
      <godz h="9">
       <min m="22" ozn="L" przyp="L - kurs do Leśnicy z pominięciem ul. Rubczaka">
       </min>
      </godz>
      <godz h="11">
       <min m="27">
       </min>
      </godz>
      <godz h="15">
       <min m="22">
       </min>
      </godz>
      <godz h="16">
       <min m="22">
       </min>
      </godz>
      <godz h="18">
       <min m="22">
       </min>
      </godz>
      <godz h="20">
       <min m="22">
       </min>
      </godz>
      <godz h="21">
       <min m="22">
       </min>
      </godz>
     </dzien>
     <dzien nazwa="Niedziela">
      <godz h="7">
       <min m="22">
       </min>
      </godz>
      <godz h="9">
       <min m="22" ozn="L" przyp="L - kurs do Leśnicy z pominięciem ul. Rubczaka">
       </min>
      </godz>
      <godz h="11">
       <min m="27">
       </min>
      </godz>
      <godz h="15">
       <min m="22">
       </min>
      </godz>
      <godz h="16">
       <min m="22">
       </min>
      </godz>
      <godz h="18">
       <min m="22">
       </min>
      </godz>
      <godz h="20">
       <min m="22">
       </min>
      </godz>
      <godz h="21">
       <min m="22">
       </min>
      </godz>
     </dzien>
    </tabliczka>
   </przystanek>
   <przystanek id="18304" nazwa="Zajazdowa" ulica="Krępicka" cechy="">
    <czasy>
     <przystanek numer="0" id="18304" nazwa="Zajazdowa" czas="0"/>
     <przystanek numer="1" id="18352" nazwa="Eluarda" czas="1"/>
     <przystanek numer="2" id="18311" nazwa="Średzka" czas="3"/>
     <przystanek numer="3" id="18392" nazwa="Rubczaka" czas="4"/>
     <przystanek numer="4" id="18390" nazwa="Rubczaka (Stacja kolejowa)" czas="5"/>
     <przystanek numer="5" id="18388" nazwa="LEŚNICA" czas="6"/>
    </czasy>
    <tabliczka id="15" mc="2" cechy="NZ">
     <dzien nazwa="w dni robocze">
      <godz h="9">
       <min m="07" ozn="L" przyp="L - kurs do Leśnicy z pominięciem ul. Rubczaka">
       </min>
      </godz>
      <godz h="10">
       <min m="41">
       </min>
      </godz>
      <godz h="11">
       <min m="11" ozn="L" przyp="L - kurs do Leśnicy z pominięciem ul. Rubczaka">
       </min>
      </godz>
      <godz h="12">
       <min m="39" ozn="L" przyp="L - kurs do Leśnicy z pominięciem ul. Rubczaka">
       </min>
      </godz>
      <godz h="14">
       <min m="09">
       </min>
      </godz>
      <godz h="15">
       <min m="23">
       </min>
      </godz>
      <godz h="16">
       <min m="25">
       </min>
      </godz>
      <godz h="17">
       <min m="05">
       </min>
      </godz>
      <godz h="18">
       <min m="18">
       </min>
      </godz>
      <godz h="20">
       <min m="06">
       </min>
       <min m="36">
       </min>
      </godz>
      <godz h="21">
       <min m="36">
       </min>
      </godz>
     </dzien>
     <dzien nazwa="Sobota">
      <godz h="5">
       <min m="56">
       </min>
      </godz>
      <godz h="7">
       <min m="24">
       </min>
      </godz>
      <godz h="9">
       <min m="24" ozn="L" przyp="L - kurs do Leśnicy z pominięciem ul. Rubczaka">
       </min>
      </godz>
      <godz h="11">
       <min m="29">
       </min>
      </godz>
      <godz h="15">
       <min m="24">
       </min>
      </godz>
      <godz h="16">
       <min m="24">
       </min>
      </godz>
      <godz h="18">
       <min m="24">
       </min>
      </godz>
      <godz h="20">
       <min m="23">
       </min>
      </godz>
      <godz h="21">
       <min m="23">
       </min>
      </godz>
     </dzien>
     <dzien nazwa="Niedziela">
      <godz h="7">
       <min m="24">
       </min>
      </godz>
      <godz h="9">
       <min m="24" ozn="L" przyp="L - kurs do Leśnicy z pominięciem ul. Rubczaka">
       </min>
      </godz>
      <godz h="11">
       <min m="29">
       </min>
      </godz>
      <godz h="15">
       <min m="24">
       </min>
      </godz>
      <godz h="16">
       <min m="24">
       </min>
      </godz>
      <godz h="18">
       <min m="24">
       </min>
      </godz>
      <godz h="20">
       <min m="23">
       </min>
      </godz>
      <godz h="21">
       <min m="23">
       </min>
      </godz>
     </dzien>
    </tabliczka>
   </przystanek>
   <przystanek id="18352" nazwa="Eluarda" ulica="Dolnobrzeska" cechy="">
    <czasy>
     <przystanek numer="0" id="18352" nazwa="Eluarda" czas="0"/>
     <przystanek numer="1" id="18311" nazwa="Średzka" czas="2"/>
     <przystanek numer="2" id="18392" nazwa="Rubczaka" czas="3"/>
     <przystanek numer="3" id="18390" nazwa="Rubczaka (Stacja kolejowa)" czas="4"/>
     <przystanek numer="4" id="18388" nazwa="LEŚNICA" czas="5"/>
    </czasy>
    <tabliczka id="16" mc="1">
     <dzien nazwa="w dni robocze">
      <godz h="9">
       <min m="08" ozn="L" przyp="L - kurs do Leśnicy z pominięciem ul. Rubczaka">
       </min>
      </godz>
      <godz h="10">
       <min m="42">
       </min>
      </godz>
      <godz h="11">
       <min m="12" ozn="L" przyp="L - kurs do Leśnicy z pominięciem ul. Rubczaka">
       </min>
      </godz>
      <godz h="12">
       <min m="40" ozn="L" przyp="L - kurs do Leśnicy z pominięciem ul. Rubczaka">
       </min>
      </godz>
      <godz h="14">
       <min m="10">
       </min>
      </godz>
      <godz h="15">
       <min m="24">
       </min>
      </godz>
      <godz h="16">
       <min m="26">
       </min>
      </godz>
      <godz h="17">
       <min m="06">
       </min>
      </godz>
      <godz h="18">
       <min m="19">
       </min>
      </godz>
      <godz h="20">
       <min m="07">
       </min>
       <min m="37">
       </min>
      </godz>
      <godz h="21">
       <min m="37">
       </min>
      </godz>
     </dzien>
     <dzien nazwa="Sobota">
      <godz h="5">
       <min m="57">
       </min>
      </godz>
      <godz h="7">
       <min m="25">
       </min>
      </godz>
      <godz h="9">
       <min m="25" ozn="L" przyp="L - kurs do Leśnicy z pominięciem ul. Rubczaka">
       </min>
      </godz>
      <godz h="11">
       <min m="30">
       </min>
      </godz>
      <godz h="15">
       <min m="25">
       </min>
      </godz>
      <godz h="16">
       <min m="25">
       </min>
      </godz>
      <godz h="18">
       <min m="25">
       </min>
      </godz>
      <godz h="20">
       <min m="24">
       </min>
      </godz>
      <godz h="21">
       <min m="24">
       </min>
      </godz>
     </dzien>
     <dzien nazwa="Niedziela">
      <godz h="7">
       <min m="25">
       </min>
      </godz>
      <godz h="9">
       <min m="25" ozn="L" przyp="L - kurs do Leśnicy z pominięciem ul. Rubczaka">
       </min>
      </godz>
      <godz h="11">
       <min m="30">
       </min>
      </godz>
      <godz h="15">
       <min m="25">
       </min>
      </godz>
      <godz h="16">
       <min m="25">
       </min>
      </godz>
      <godz h="18">
       <min m="25">
       </min>
      </godz>
      <godz h="20">
       <min m="24">
       </min>
      </godz>
      <godz h="21">
       <min m="24">
       </min>
      </godz>
     </dzien>
    </tabliczka>
   </przystanek>
   <przystanek id="18311" nazwa="Średzka" ulica="Trzmielowicka" cechy="">
    <czasy>
     <przystanek numer="0" id="18311" nazwa="Średzka" czas="0"/>
     <przystanek numer="1" id="18392" nazwa="Rubczaka" czas="1"/>
     <przystanek numer="2" id="18390" nazwa="Rubczaka (Stacja kolejowa)" czas="2"/>
     <przystanek numer="3" id="18388" nazwa="LEŚNICA" czas="3"/>
    </czasy>
    <tabliczka id="17" mc="1">
     <dzien nazwa="w dni robocze">
      <godz h="10">
       <min m="43">
       </min>
      </godz>
      <godz h="14">
       <min m="12">
       </min>
      </godz>
      <godz h="15">
       <min m="26">
       </min>
      </godz>
      <godz h="16">
       <min m="28">
       </min>
      </godz>
      <godz h="17">
       <min m="08">
       </min>
      </godz>
      <godz h="18">
       <min m="20">
       </min>
      </godz>
      <godz h="20">
       <min m="08">
       </min>
       <min m="38">
       </min>
      </godz>
      <godz h="21">
       <min m="38">
       </min>
      </godz>
     </dzien>
     <dzien nazwa="Sobota">
      <godz h="5">
       <min m="58">
       </min>
      </godz>
      <godz h="7">
       <min m="26">
       </min>
      </godz>
      <godz h="11">
       <min m="31">
       </min>
      </godz>
      <godz h="15">
       <min m="26">
       </min>
      </godz>
      <godz h="16">
       <min m="26">
       </min>
      </godz>
      <godz h="18">
       <min m="26">
       </min>
      </godz>
      <godz h="20">
       <min m="25">
       </min>
      </godz>
      <godz h="21">
       <min m="25">
       </min>
      </godz>
     </dzien>
     <dzien nazwa="Niedziela">
      <godz h="7">
       <min m="26">
       </min>
      </godz>
      <godz h="11">
       <min m="31">
       </min>
      </godz>
      <godz h="15">
       <min m="26">
       </min>
      </godz>
      <godz h="16">
       <min m="26">
       </min>
      </godz>
      <godz h="18">
       <min m="26">
       </min>
      </godz>
      <godz h="20">
       <min m="25">
       </min>
      </godz>
      <godz h="21">
       <min m="25">
       </min>
      </godz>
     </dzien>
    </tabliczka>
   </przystanek>
   <przystanek id="18392" nazwa="Rubczaka" ulica="Rubczaka" cechy="">
    <czasy>
     <przystanek numer="0" id="18392" nazwa="Rubczaka" czas="0"/>
     <przystanek numer="1" id="18390" nazwa="Rubczaka (Stacja kolejowa)" czas="1"/>
     <przystanek numer="2" id="18388" nazwa="LEŚNICA" czas="2"/>
    </czasy>
    <tabliczka id="18" mc="1" cechy="NZ">
     <dzien nazwa="w dni robocze">
      <godz h="10">
       <min m="44">
       </min>
      </godz>
      <godz h="14">
       <min m="13">
       </min>
      </godz>
      <godz h="15">
       <min m="27">
       </min>
      </godz>
      <godz h="16">
       <min m="29">
       </min>
      </godz>
      <godz h="17">
       <min m="09">
       </min>
      </godz>
      <godz h="18">
       <min m="21">
       </min>
      </godz>
      <godz h="20">
       <min m="09">
       </min>
       <min m="39">
       </min>
      </godz>
      <godz h="21">
       <min m="39">
       </min>
      </godz>
     </dzien>
     <dzien nazwa="Sobota">
      <godz h="5">
       <min m="59">
       </min>
      </godz>
      <godz h="7">
       <min m="27">
       </min>
      </godz>
      <godz h="11">
       <min m="32">
       </min>
      </godz>
      <godz h="15">
       <min m="27">
       </min>
      </godz>
      <godz h="16">
       <min m="27">
       </min>
      </godz>
      <godz h="18">
       <min m="27">
       </min>
      </godz>
      <godz h="20">
       <min m="26">
       </min>
      </godz>
      <godz h="21">
       <min m="26">
       </min>
      </godz>
     </dzien>
     <dzien nazwa="Niedziela">
      <godz h="7">
       <min m="27">
       </min>
      </godz>
      <godz h="11">
       <min m="32">
       </min>
      </godz>
      <godz h="15">
       <min m="27">
       </min>
      </godz>
      <godz h="16">
       <min m="27">
       </min>
      </godz>
      <godz h="18">
       <min m="27">
       </min>
      </godz>
      <godz h="20">
       <min m="26">
       </min>
      </godz>
      <godz h="21">
       <min m="26">
       </min>
      </godz>
     </dzien>
    </tabliczka>
   </przystanek>
   <przystanek id="18390" nazwa="Rubczaka (Stacja kolejowa)" ulica="Rubczaka" cechy="">
    <czasy>
     <przystanek numer="0" id="18390" nazwa="Rubczaka (Stacja kolejowa)" czas="0"/>
     <przystanek numer="1" id="18388" nazwa="LEŚNICA" czas="1"/>
    </czasy>
    <tabliczka id="19" mc="1">
     <dzien nazwa="w dni robocze">
      <godz h="10">
       <min m="45">
       </min>
      </godz>
      <godz h="14">
       <min m="14">
       </min>
      </godz>
      <godz h="15">
       <min m="28">
       </min>
      </godz>
      <godz h="16">
       <min m="30">
       </min>
      </godz>
      <godz h="17">
       <min m="10">
       </min>
      </godz>
      <godz h="18">
       <min m="22">
       </min>
      </godz>
      <godz h="20">
       <min m="10">
       </min>
       <min m="40">
       </min>
      </godz>
      <godz h="21">
       <min m="40">
       </min>
      </godz>
     </dzien>
     <dzien nazwa="Sobota">
      <godz h="6">
       <min m="00">
       </min>
      </godz>
      <godz h="7">
       <min m="28">
       </min>
      </godz>
      <godz h="11">
       <min m="33">
       </min>
      </godz>
      <godz h="15">
       <min m="28">
       </min>
      </godz>
      <godz h="16">
       <min m="28">
       </min>
      </godz>
      <godz h="18">
       <min m="28">
       </min>
      </godz>
      <godz h="20">
       <min m="27">
       </min>
      </godz>
      <godz h="21">
       <min m="27">
       </min>
      </godz>
     </dzien>
     <dzien nazwa="Niedziela">
      <godz h="7">
       <min m="28">
       </min>
      </godz>
      <godz h="11">
       <min m="33">
       </min>
      </godz>
      <godz h="15">
       <min m="28">
       </min>
      </godz>
      <godz h="16">
       <min m="28">
       </min>
      </godz>
      <godz h="18">
       <min m="28">
       </min>
      </godz>
      <godz h="20">
       <min m="27">
       </min>
      </godz>
      <godz h="21">
       <min m="27">
       </min>
      </godz>
     </dzien>
    </tabliczka>
   </przystanek>
   <przystanek id="18388" nazwa="LEŚNICA" ulica="Płońskiego" cechy="">
    <czasy>
    </czasy>
   </przystanek>
  </wariant>
 </linia>
</linie>
